show_id,type,title,director,cast,country,date_added,release_year,rating,genres,language,popularity,vote_count,vote_average,budget,revenue,ROI
10192,Movie,Shrek Forever After,Mike Mitchell,"Mike Myers, Eddie Murphy, Cameron Diaz, Antonio Banderas, Walt Dohrn",United States of America,2010-05-16,2010,6.38,"Comedy, Adventure, Fantasy, Animation, Family",en,203.893,7449,6.38,165000000,752600867,4.56
27205,Movie,Inception,Christopher Nolan,"Leonardo DiCaprio, Joseph Gordon-Levitt, Ken Watanabe, Tom Hardy, Elliot Page","United Kingdom, United States of America",2010-07-15,2010,8.369,"Action, Science Fiction, Adventure",en,156.242,37119,8.369,160000000,839030630,5.24
12444,Movie,Harry Potter and the Deathly Hallows: Part 1,David Yates,"Daniel Radcliffe, Emma Watson, Rupert Grint, Toby Jones, Helena Bonham Carter","United Kingdom, United States of America",2010-11-17,2010,7.744,"Adventure, Fantasy",en,121.191,19327,7.744,250000000,954305868,3.82
38757,Movie,Tangled,"Byron Howard, Nathan Greno","Mandy Moore, Zachary Levi, Donna Murphy, Ron Perlman, M.C. Gainey",United States of America,2010-11-24,2010,7.6,"Animation, Family, Adventure",en,111.762,11638,7.6,260000000,592461732,2.28
10191,Movie,How to Train Your Dragon,"Chris Sanders, Dean DeBlois","Jay Baruchel, Gerard Butler, Craig Ferguson, America Ferrera, Jonah Hill",United States of America,2010-03-18,2010,7.8,"Fantasy, Adventure, Animation, Family",en,110.044,13259,7.8,165000000,494879471,3.0
11324,Movie,Shutter Island,Martin Scorsese,"Leonardo DiCaprio, Mark Ruffalo, Ben Kingsley, Max von Sydow, Michelle Williams",United States of America,2010-02-14,2010,8.2,"Drama, Thriller, Mystery",en,101.551,24282,8.2,80000000,294804195,3.69
38575,Movie,The Karate Kid,Harald Zwart,"Jaden Smith, Jackie Chan, Taraji P. Henson, Wenwen Han, Wang ZhenWei","China, Hong Kong, United States of America",2010-06-10,2010,6.5,"Action, Adventure, Drama, Family",en,96.385,6082,6.5,40000000,359126022,8.98
10138,Movie,Iron Man 2,Jon Favreau,"Robert Downey Jr., Gwyneth Paltrow, Don Cheadle, Scarlett Johansson, Sam Rockwell",United States of America,2010-04-28,2010,6.8,"Adventure, Action, Science Fiction",en,95.255,21222,6.8,200000000,623933331,3.12
38365,Movie,Grown Ups,Dennis Dugan,"Adam Sandler, Kevin James, Chris Rock, David Spade, Rob Schneider",United States of America,2010-06-24,2010,6.394,Comedy,en,93.281,6212,6.394,80000000,271430189,3.39
20352,Movie,Despicable Me,"Pierre Coffin, Chris Renaud","Steve Carell, Jason Segel, Miranda Cosgrove, Elsie Fisher, Dana Gaier",United States of America,2010-07-08,2010,7.2,"Animation, Family, Comedy",en,86.361,15258,7.2,69000000,543284256,7.87
10193,Movie,Toy Story 3,Lee Unkrich,"Tom Hanks, Tim Allen, Joan Cusack, Don Rickles, Wallace Shawn",United States of America,2010-06-16,2010,7.8,"Animation, Family, Comedy",en,83.097,14847,7.8,200000000,1067316101,5.34
24021,Movie,The Twilight Saga: Eclipse,David Slade,"Kristen Stewart, Robert Pattinson, Taylor Lautner, Bryce Dallas Howard, Dakota Fanning",United States of America,2010-06-23,2010,6.204,"Adventure, Fantasy, Drama, Romance",en,81.8,8829,6.204,68000000,698491347,10.27
12155,Movie,Alice in Wonderland,Tim Burton,"Mia Wasikowska, Johnny Depp, Anne Hathaway, Helena Bonham Carter, Crispin Glover",United States of America,2010-03-03,2010,6.6,"Family, Fantasy, Adventure",en,80.326,14114,6.6,200000000,1025467110,5.13
38234,Movie,Undisputed III: Redemption,Isaac Florentine,"Scott Adkins, Mykel Shannon Jenkins, Mark Ivanir, Hristo Shopov, Marko Zaror",United States of America,2010-04-17,2010,7.517,"Action, Thriller, Crime, Drama",en,71.837,925,7.517,3000000,282548,0.09
37799,Movie,The Social Network,David Fincher,"Jesse Eisenberg, Andrew Garfield, Armie Hammer, Josh Pence, Justin Timberlake",United States of America,2010-10-01,2010,7.368,Drama,en,69.048,12285,7.368,40000000,224920315,5.62
32657,Movie,Percy Jackson & the Olympians: The Lightning Thief,Chris Columbus,"Logan Lerman, Brandon T. Jackson, Alexandra Daddario, Jake Abel, Pierce Brosnan",United States of America,2010-02-01,2010,6.21,"Adventure, Fantasy, Family",en,64.865,7519,6.21,95000000,226497209,2.38
23168,Movie,The Town,Ben Affleck,"Ben Affleck, Jeremy Renner, Rebecca Hall, Jon Hamm, Blake Lively","United Kingdom, United States of America",2010-09-15,2010,7.2,"Crime, Drama, Thriller",en,58.865,5117,7.2,37000000,154026136,4.16
34851,Movie,Predators,Nimród Antal,"Adrien Brody, Topher Grace, Alice Braga, Oleg Taktarov, Laurence Fishburne",United States of America,2010-07-03,2010,6.3,"Science Fiction, Action, Thriller",en,58.518,4194,6.3,40000000,127200000,3.18
38055,Movie,Megamind,Tom McGrath,"Will Ferrell, Tina Fey, Jonah Hill, Brad Pitt, David Cross",United States of America,2010-10-28,2010,6.999,"Animation, Action, Comedy, Family, Science Fiction",en,58.422,6944,6.999,130000000,321885765,2.48
10140,Movie,The Chronicles of Narnia: The Voyage of the Dawn Treader,Michael Apted,"Georgie Henley, Skandar Keynes, Ben Barnes, Will Poulter, Anna Popplewell","United Kingdom, United States of America",2010-12-02,2010,6.4,"Adventure, Family, Fantasy",en,53.64,5621,6.4,155000000,415686217,2.68
27578,Movie,The Expendables,Sylvester Stallone,"Sylvester Stallone, Jason Statham, Jet Li, Dolph Lundgren, Eric Roberts","Bulgaria, United States of America",2010-08-03,2010,6.248,"Thriller, Adventure, Action",en,53.249,7827,6.248,80000000,274470394,3.43
18823,Movie,Clash of the Titans,Louis Leterrier,"Sam Worthington, Gemma Arterton, Mads Mikkelsen, Alexa Davalos, Jason Flemyng",United States of America,2010-03-26,2010,5.9,"Adventure, Fantasy, Action",en,51.888,6308,5.9,125000000,493214993,3.95
44214,Movie,Black Swan,Darren Aronofsky,"Natalie Portman, Mila Kunis, Vincent Cassel, Barbara Hershey, Winona Ryder",United States of America,2010-12-03,2010,7.7,"Drama, Thriller, Horror",en,45.984,14650,7.7,13000000,329398046,25.34
23483,Movie,Kick-Ass,Matthew Vaughn,"Aaron Taylor-Johnson, Chloë Grace Moretz, Nicolas Cage, Lyndsy Fonseca, Mark Strong","United Kingdom, United States of America",2010-03-26,2010,7.122,"Action, Crime",en,45.668,11730,7.122,28000000,96188903,3.44
20526,Movie,TRON: Legacy,Joseph Kosinski,"Jeff Bridges, Garrett Hedlund, Olivia Wilde, Bruce Boxleitner, James Frain",United States of America,2010-12-14,2010,6.5,"Adventure, Action, Science Fiction",en,44.783,7236,6.5,170000000,400062763,2.35
26389,Movie,From Paris with Love,Pierre Morel,"John Travolta, Jonathan Rhys Meyers, Kasia Smutniak, Richard Durden, Bing Yin","United Kingdom, France",2010-02-04,2010,6.27,"Action, Crime, Thriller",en,43.037,2043,6.27,52000000,52800000,1.02
10196,Movie,The Last Airbender,M. Night Shyamalan,"Noah Ringer, Dev Patel, Nicola Peltz Beckham, Jackson Rathbone, Shaun Toub",United States of America,2010-06-30,2010,4.6,"Action, Adventure, Fantasy",en,42.597,4004,4.6,150000000,319713881,2.13
27581,Movie,The Other Guys,Adam McKay,"Will Ferrell, Mark Wahlberg, Eva Mendes, Michael Keaton, Steve Coogan",United States of America,2010-08-06,2010,6.3,"Action, Comedy, Crime, Thriller",en,40.669,4234,6.3,100000000,170432927,1.7
9543,Movie,Prince of Persia: The Sands of Time,Mike Newell,"Jake Gyllenhaal, Gemma Arterton, Ben Kingsley, Alfred Molina, Steve Toussaint",United States of America,2010-05-19,2010,6.3,"Adventure, Fantasy, Action",en,39.509,6807,6.3,200000000,336365676,1.68
22538,Movie,Scott Pilgrim vs. the World,Edgar Wright,"Michael Cera, Mary Elizabeth Winstead, Ellen Wong, Kieran Culkin, Alison Pill","Japan, United Kingdom, United States of America",2010-08-12,2010,7.491,"Action, Comedy, Romance",en,39.321,7985,7.491,85000000,51691156,0.61
22894,Movie,Legion,Scott Stewart,"Paul Bettany, Dennis Quaid, Lucas Black, Kate Walsh, Tyrese Gibson",United States of America,2010-01-21,2010,5.9,"Horror, Action, Fantasy",en,38.772,2656,5.9,26000000,67900000,2.61
51608,Movie,The Man from Nowhere,Lee Jeong-beom,"Won Bin, Kim Sae-ron, Kim Tae-hun, Kim Hee-won, Kim Seung-o",South Korea,2010-08-04,2010,7.7,"Action, Thriller, Crime",ko,38.694,1348,7.7,1255000,43059790,34.31
43947,Movie,I Spit on Your Grave,Steven R. Monroe,"Sarah Butler, Jeff Branson, Tracey Walter, Andrew Howard, Chad Lindberg",United States of America,2010-06-17,2010,6.5,"Thriller, Crime, Horror",en,38.125,2344,6.5,2000000,572809,0.29
44115,Movie,127 Hours,Danny Boyle,"James Franco, Kate Mara, Amber Tamblyn, Clémence Poésy, Lizzy Caplan","France, United Kingdom, United States of America",2010-11-12,2010,7.1,"Adventure, Drama, Thriller",en,37.971,7606,7.1,18000000,35700000,1.98
39514,Movie,RED,Robert Schwentke,"Bruce Willis, John Malkovich, Morgan Freeman, Helen Mirren, Mary-Louise Parker",United States of America,2010-10-13,2010,6.7,"Action, Adventure, Comedy, Crime, Thriller",en,36.185,6751,6.7,58000000,199006387,3.43
35552,Movie,The Extraordinary Adventures of Adèle Blanc-Sec,Luc Besson,"Louise Bourgoin, Mathieu Amalric, Gilles Lellouche, Jean-Paul Rouve, Jacky Nercessian",France,2010-04-09,2010,6.2,"Fantasy, Adventure, Action, Mystery",fr,35.816,1368,6.2,25000000,34604339,1.38
27576,Movie,Salt,Phillip Noyce,"Angelina Jolie, Liev Schreiber, Chiwetel Ejiofor, Daniel Olbrychski, August Diehl",United States of America,2010-07-21,2010,6.4,"Action, Mystery, Thriller",en,35.711,5537,6.4,110000000,293329073,2.67
46738,Movie,Incendies,Denis Villeneuve,"Lubna Azabal, Mélissa Désormeaux-Poulin, Maxim Gaudette, Rémy Girard, Allen Altman","Canada, France",2010-09-17,2010,8.1,"Drama, War, Mystery",fr,35.555,2830,8.1,6800000,6788659,1.0
43949,Movie,Flipped,Rob Reiner,"Madeline Carroll, Callan McAuliffe, Rebecca De Mornay, Anthony Edwards, John Mahoney",United States of America,2010-08-06,2010,8.016,"Romance, Drama",en,34.886,3062,8.016,14000000,4324817,0.31
43347,Movie,Love & Other Drugs,Edward Zwick,"Jake Gyllenhaal, Anne Hathaway, Oliver Platt, Hank Azaria, Josh Gad",United States of America,2010-11-04,2010,7.0,"Drama, Comedy, Romance",en,34.685,5196,7.0,30000000,102800000,3.43
35019,Movie,Nanny McPhee and the Big Bang,Susanna White,"Emma Thompson, Asa Butterfield, Ralph Fiennes, Maggie Gyllenhaal, Maggie Smith","United States of America, United Kingdom, France",2010-03-26,2010,6.3,"Comedy, Fantasy, Family",en,34.409,1847,6.3,35000000,93251121,2.66
43593,Movie,Piranha 3D,Alexandre Aja,"Elisabeth Shue, Jerry O'Connell, Steven R. McQueen, Jessica Szohr, Kelly Brook",United States of America,2010-08-20,2010,5.4,"Comedy, Horror",en,34.009,2238,5.4,24000000,83188165,3.47
20504,Movie,The Book of Eli,"Albert Hughes, Allen Hughes","Denzel Washington, Gary Oldman, Mila Kunis, Ray Stevenson, Jennifer Beals",United States of America,2010-01-14,2010,6.8,"Action, Thriller, Science Fiction",en,33.361,6182,6.8,80000000,157107755,1.96
7978,Movie,The Wolfman,Joe Johnston,"Benicio del Toro, Anthony Hopkins, Emily Blunt, Hugo Weaving, Geraldine Chaplin",United States of America,2010-02-10,2010,5.9,"Horror, Thriller",en,33.064,2014,5.9,150000000,140700000,0.94
34544,Movie,The A-Team,Joe Carnahan,"Liam Neeson, Bradley Cooper, Jessica Biel, Quinton 'Rampage' Jackson, Sharlto Copley","United Kingdom, United States of America",2010-06-09,2010,6.397,"Action, Comedy, Crime",en,32.716,4671,6.397,110000000,177238796,1.61
38167,Movie,Eat Pray Love,Ryan Murphy,"Julia Roberts, Javier Bardem, James Franco, Billy Crudup, Richard Jenkins",United States of America,2010-08-12,2010,6.241,"Drama, Romance",en,32.264,2453,6.241,60000000,204594016,3.41
26022,Movie,My Name Is Khan,Karan Johar,"Shah Rukh Khan, Kajol, Arjan Aujla, Jimmy Shergill, Sonya Jehan","China, India, United Arab Emirates, United States of America",2010-02-10,2010,8.0,"Drama, Romance",hi,31.503,1333,8.0,12000000,42345360,3.53
49797,Movie,I Saw the Devil,Kim Jee-woon,"Lee Byung-hun, Choi Min-sik, Jeon Kuk-hwan, Cheon Ho-jin, Oh San-ha",South Korea,2010-08-12,2010,7.794,"Thriller, Horror",ko,31.434,2667,7.794,6000000,12966357,2.16
46705,Movie,Blue Valentine,Derek Cianfrance,"Ryan Gosling, Michelle Williams, John Doman, Mike Vogel, Ben Shenkman",United States of America,2010-12-26,2010,6.9,"Drama, Romance",en,31.339,3276,6.9,1000000,15440333,15.44
33217,Movie,Diary of a Wimpy Kid,Thor Freudenthal,"Zachary Gordon, Robert Capron, Steve Zahn, Devon Bostick, Rachael Harris","United Kingdom, United States of America",2010-03-19,2010,6.2,"Comedy, Family",en,31.191,1613,6.2,15000000,76196538,5.08
20662,Movie,Robin Hood,Ridley Scott,"Russell Crowe, Cate Blanchett, Max von Sydow, William Hurt, Mark Strong",United States of America,2010-05-12,2010,6.4,"Action, Adventure, History, Drama",en,30.765,4673,6.4,200000000,321669741,1.61
51739,Movie,The Secret World of Arrietty,Hiromasa Yonebayashi,"Mirai Shida, Ryunosuke Kamiki, Tomokazu Miura, Keiko Takeshita, Kirin Kiki","France, Japan, United States of America",2010-07-16,2010,7.663,"Fantasy, Animation, Family",ja,30.708,2879,7.663,23000000,149660003,6.51
25195,Movie,Leap Year,Anand Tucker,"Amy Adams, Matthew Goode, Adam Scott, John Lithgow, Noel O'Donovan","Ireland, United States of America",2010-01-08,2010,6.9,"Romance, Comedy",en,30.524,2030,6.9,19000000,32686500,1.72
27022,Movie,The Sorcerer's Apprentice,Jon Turteltaub,"Jay Baruchel, Nicolas Cage, Alfred Molina, Teresa Palmer, Toby Kebbell",United States of America,2010-07-13,2010,6.117,"Fantasy, Adventure, Action",en,30.261,4976,6.117,150000000,215300000,1.44
34016,Movie,She's Out of My League,Jim Field Smith,"Jay Baruchel, Alice Eve, T.J. Miller, Nate Torrence, Mike Vogel",United States of America,2010-03-11,2010,6.5,"Romance, Comedy",en,30.201,2173,6.5,20000000,49800000,2.49
41439,Movie,Saw 3D,Kevin Greutert,"Tobin Bell, Costas Mandylor, Betsy Russell, Cary Elwes, Sean Patrick Flanery",United States of America,2010-10-22,2010,5.989,"Horror, Crime",en,28.494,3067,5.989,20000000,136151680,6.81
37834,Movie,Knight and Day,James Mangold,"Tom Cruise, Cameron Diaz, Peter Sarsgaard, Viola Davis, Jordi Mollà",United States of America,2010-06-15,2010,6.2,"Action, Comedy",en,27.899,4534,6.2,117000000,261989769,2.24
46838,Movie,Tucker and Dale vs. Evil,Eli Craig,"Tyler Labine, Alan Tudyk, Katrina Bowden, Jesse Moss, Philip Granger","Canada, United States of America",2010-01-22,2010,7.379,"Comedy, Horror",en,27.886,2816,7.379,5000000,5224938,1.04
38358,Movie,The Last Exorcism,Daniel Stamm,"Patrick Fabian, Ashley Bell, Iris Bahr, Louis Herthum, Caleb Landry Jones","United States of America, France",2010-08-27,2010,5.7,"Horror, Thriller, Mystery",en,26.482,1026,5.7,1800000,69400000,38.56
41733,Movie,Due Date,Todd Phillips,"Robert Downey Jr., Zach Galifianakis, Michelle Monaghan, Jamie Foxx, Juliette Lewis",United States of America,2010-11-03,2010,6.382,"Comedy, Drama",en,26.461,5449,6.382,65000000,211800000,3.26
23437,Movie,A Nightmare on Elm Street,Samuel Bayer,"Jackie Earle Haley, Kyle Gallner, Rooney Mara, Katie Cassidy, Thomas Dekker",United States of America,2010-04-30,2010,5.5,"Horror, Mystery, Thriller",en,26.168,2725,5.5,35000000,115664037,3.3
22907,Movie,Takers,John Luessenhop,"Chris Brown, Hayden Christensen, Matt Dillon, Michael Ealy, Idris Elba",United States of America,2010-08-26,2010,6.229,"Action, Crime, Drama, Thriller",en,26.106,1283,6.229,32000000,80205382,2.51
45269,Movie,The King's Speech,Tom Hooper,"Colin Firth, Geoffrey Rush, Helena Bonham Carter, Guy Pearce, Timothy Spall","United Kingdom, United States of America",2010-11-26,2010,7.7,"Drama, History",en,25.936,8778,7.7,15000000,414211549,27.61
23169,Movie,Remember Me,Allen Coulter,"Robert Pattinson, Emilie de Ravin, Pierce Brosnan, Lena Olin, Chris Cooper",United States of America,2010-03-11,2010,7.1,"Drama, Romance",en,25.397,3546,7.1,16000000,56000000,3.5
37735,Movie,Easy A,Will Gluck,"Emma Stone, Penn Badgley, Amanda Bynes, Dan Byrd, Thomas Haden Church",United States of America,2010-09-16,2010,6.8,Comedy,en,25.329,6963,6.8,8000000,75026327,9.38
44048,Movie,Unstoppable,Tony Scott,"Denzel Washington, Chris Pine, Rosario Dawson, Kevin Dunn, Ethan Suplee",United States of America,2010-11-04,2010,6.6,"Action, Thriller",en,25.307,3600,6.6,100000000,167805466,1.68
37786,Movie,Sex and the City 2,Michael Patrick King,"Sarah Jessica Parker, Kim Cattrall, Kristin Davis, Cynthia Nixon, Chris Noth",United States of America,2010-05-26,2010,6.1,"Comedy, Drama, Romance",en,24.953,1639,6.1,100000000,290700000,2.91
41283,Movie,Faster,George Tillman Jr.,"Dwayne Johnson, Billy Bob Thornton, Oliver Jackson-Cohen, Maggie Grace, Carla Gugino",United States of America,2010-11-23,2010,6.3,"Crime, Drama, Action, Thriller",en,24.78,1948,6.3,24000000,23081726,0.96
41436,Movie,Paranormal Activity 2,Tod Williams,"Sprague Grayden, Brian Boland, Molly Ephraim, Katie Featherston, Micah Sloat",United States of America,2010-10-20,2010,5.8,"Horror, Mystery",en,24.747,2458,5.8,3000000,177512032,59.17
37710,Movie,The Tourist,Florian Henckel von Donnersmarck,"Johnny Depp, Angelina Jolie, Paul Bettany, Timothy Dalton, Steven Berkoff","United States of America, United Kingdom, France, Italy",2010-12-08,2010,6.183,"Action, Thriller, Romance",en,24.522,5449,6.183,100000000,278731369,2.79
41233,Movie,Step Up 3D,Jon M. Chu,"Rick Malambri, Adam Sevani, Joe Slaughter, Sharni Vinson, Alyson Stoner",United States of America,2010-08-04,2010,6.8,"Drama, Romance",en,24.48,1901,6.8,30000000,159291809,5.31
44264,Movie,True Grit,"Joel Coen, Ethan Coen","Jeff Bridges, Hailee Steinfeld, Matt Damon, Josh Brolin, Barry Pepper",United States of America,2010-12-22,2010,7.3,"Drama, Adventure, Western",en,23.782,5315,7.3,38000000,252300000,6.64
43539,Movie,The Next Three Days,Paul Haggis,"Russell Crowe, Elizabeth Banks, Brian Dennehy, RZA, Moran Atias","United States of America, France",2010-11-18,2010,7.1,"Romance, Drama, Thriller, Crime",en,23.613,2885,7.1,30000000,67448651,2.25
37056,Movie,Letters to Juliet,Gary Winick,"Amanda Seyfried, Christopher Egan, Gael García Bernal, Vanessa Redgrave, Franco Nero",United States of America,2010-05-13,2010,7.002,"Comedy, Drama, Romance",en,23.388,2893,7.002,30000000,82148538,2.74
23048,Movie,Hot Tub Time Machine,Steve Pink,"John Cusack, Craig Robinson, Rob Corddry, Clark Duke, Sebastian Stan",United States of America,2010-03-26,2010,6.0,"Science Fiction, Comedy, Adventure",en,23.351,2508,6.0,36000000,64780213,1.8
40264,Movie,Vampires Suck,"Jason Friedberg, Aaron Seltzer","Jenn Proske, Matt Lanter, Chris Riggi, Diedrich Bader, Anneliese van der Pol",United States of America,2010-08-18,2010,4.3,"Comedy, Fantasy",en,23.306,1300,4.3,20000000,80547866,4.03
23172,Movie,The Spy Next Door,Brian Levant,"Jackie Chan, Amber Valletta, Madeline Carroll, Will Shadley, Alina Foley",United States of America,2010-01-15,2010,5.9,"Action, Comedy, Family",en,23.229,1311,5.9,28000000,66166000,2.36
25602,Movie,Ninja,Isaac Florentine,"Scott Adkins, Todd Jensen, Tsuyoshi Ihara, Mika Hijii, Togo Igawa",United States of America,2010-03-15,2010,6.1,"Action, Crime, Drama, Thriller",en,22.547,353,6.1,10000000,194243,0.02
23023,Movie,Tooth Fairy,Michael Lembeck,"Dwayne Johnson, Stephen Merchant, Ashley Judd, Julie Andrews, Ryan Sheckler","Canada, United States of America",2010-01-14,2010,5.5,"Comedy, Family, Fantasy",en,21.966,1994,5.5,48000000,112462508,2.34
41216,Movie,Legend of the Guardians: The Owls of Ga'Hoole,Zack Snyder,"Jim Sturgess, Ryan Kwanten, Hugo Weaving, Helen Mirren, Geoffrey Rush","Australia, United States of America",2010-07-10,2010,6.8,"Animation, Adventure, Family, Fantasy",en,21.922,2323,6.8,80000000,140073390,1.75
27579,Movie,The American,Anton Corbijn,"George Clooney, Violante Placido, Thekla Reuten, Paolo Bonacelli, Johan Leysen","United Kingdom, United States of America",2010-08-31,2010,6.0,"Crime, Drama, Thriller",en,21.884,1370,6.0,20000000,67900000,3.4
49009,Movie,The Way Back,Peter Weir,"Ed Harris, Jim Sturgess, Saoirse Ronan, Colin Farrell, Mark Strong","India, United Arab Emirates, United Kingdom, United States of America",2010-11-22,2010,7.0,"Drama, Adventure, History",en,21.501,1607,7.0,30000000,24200000,0.81
23631,Movie,Machete,"Robert Rodriguez, Ethan Maniquis","Danny Trejo, Michelle Rodriguez, Jessica Alba, Robert De Niro, Steven Seagal",United States of America,2010-09-01,2010,6.3,"Action, Comedy, Thriller",en,20.986,3327,6.3,10500000,45491656,4.33
26388,Movie,Buried,Rodrigo Cortés,"Ryan Reynolds, José Luis García Pérez, Robert Paterson, Stephen Tobolowsky, Samantha Mathis","France, Spain, United States of America",2010-09-24,2010,6.6,"Drama, Thriller, Mystery",en,20.832,2831,6.6,1987650,19152480,9.64
37950,Movie,Charlie St. Cloud,Burr Steers,"Zac Efron, Charlie Tahan, Amanda Crew, Augustus Prew, Donal Logue",United States of America,2010-07-30,2010,6.965,"Drama, Romance",en,20.742,2173,6.965,44000000,48200000,1.1
42684,Movie,Skyline,"Greg Strause, Colin Strause","Eric Balfour, Scottie Thompson, David Zayas, Donald Faison, Brittany Daniel",United States of America,2010-11-11,2010,5.013,"Science Fiction, Action, Thriller",en,20.734,1637,5.013,10500000,66984887,6.38
28211,Movie,Chloe,Atom Egoyan,"Amanda Seyfried, Julianne Moore, Liam Neeson, Max Thieriot, R.H. Thomson","Canada, United States of America, France",2010-02-25,2010,6.1,"Drama, Thriller, Mystery",en,20.458,1728,6.1,14000000,13657649,0.98
13477,Movie,When in Rome,Mark Steven Johnson,"Kristen Bell, Josh Duhamel, Anjelica Huston, Danny DeVito, Will Arnett",United States of America,2010-01-29,2010,6.0,"Comedy, Fantasy, Romance",en,20.362,1214,6.0,55000000,43042835,0.78
46146,Movie,Troll Hunter,André Øvredal,"Otto Jespersen, Glenn Erland Tosterud, Johanna Mørck, Tomas Alf Larsen, Hans Morten Hansen",Norway,2010-10-29,2010,6.7,"Fantasy, Horror",no,20.266,1605,6.7,3500000,4159678,1.19
19901,Movie,Daybreakers,"Michael Spierig, Peter Spierig","Ethan Hawke, Sam Neill, Willem Dafoe, Claudia Karvan, Isabel Lucas","United States of America, Australia",2010-01-06,2010,6.3,"Action, Fantasy, Science Fiction",en,20.059,1972,6.3,20000000,51417188,2.57
42188,Movie,Never Let Me Go,Mark Romanek,"Carey Mulligan, Keira Knightley, Andrew Garfield, Izzy Meikle-Small, Ella Purnell","United Kingdom, United States of America",2010-03-18,2010,6.9,"Drama, Romance, Science Fiction",en,19.744,2302,6.9,15000000,9918093,0.66
39451,Movie,Little Fockers,"Paul Weitz, Greg Glienna","Robert De Niro, Ben Stiller, Owen Wilson, Dustin Hoffman, Barbra Streisand",United States of America,2010-12-21,2010,5.645,"Comedy, Romance",en,19.651,3251,5.645,100000000,310650585,3.11
27573,Movie,The Bounty Hunter,Andy Tennant,"Gerard Butler, Jennifer Aniston, Peter Greene, Jeff Garlin, Jason Sudeikis",United States of America,2010-03-16,2010,5.855,"Action, Comedy, Romance",en,19.636,2860,5.855,40000000,136300000,3.41
11439,Movie,The Ghost Writer,Roman Polanski,"Ewan McGregor, Pierce Brosnan, Kim Cattrall, Olivia Williams, Tom Wilkinson","Belgium, France, Germany, United Kingdom, United States of America",2010-02-12,2010,6.8,"Thriller, Mystery",en,19.59,2250,6.8,45000000,60300000,1.34
41402,Movie,Let Me In,Matt Reeves,"Kodi Smit-McPhee, Chloë Grace Moretz, Richard Jenkins, Elias Koteas, Sasha Barrese","Sweden, United Kingdom, United States of America",2010-10-01,2010,6.8,"Drama, Horror, Mystery",en,19.481,2020,6.8,20000000,24145613,1.21
59429,Movie,Paranormal Activity: Tokyo Night,Toshikazu Nagae,"Aoi Nakamura, Noriko Aoyama, Kosuke Kujirai, Ayako Yoshitani, Kazuyoshi Tsumura",Japan,2010-11-20,2010,6.0,"Horror, Thriller",ja,19.335,435,6.0,1350000,4160000,3.08
46261,Movie,Don't Be Afraid of the Dark,Troy Nixey,"Katie Holmes, Guy Pearce, Bailee Madison, Jack Thompson, Alan Dale","Australia, Mexico, United States of America",2010-11-06,2010,5.775,"Fantasy, Horror, Thriller",en,18.785,1045,5.775,25000000,36993168,1.48
45317,Movie,The Fighter,David O. Russell,"Mark Wahlberg, Christian Bale, Amy Adams, Melissa Leo, Mickey O'Keefe",United States of America,2010-12-10,2010,7.4,Drama,en,18.607,4397,7.4,25000000,129190869,5.17
29427,Movie,The Crazies,Breck Eisner,"Timothy Olyphant, Radha Mitchell, Joe Anderson, Danielle Panabaker, Joe Reegan","United Arab Emirates, United States of America",2010-02-26,2010,6.279,"Mystery, Horror, Action",en,18.477,2069,6.279,20000000,54956140,2.75
23759,Movie,Centurion,Neil Marshall,"Michael Fassbender, Olga Kurylenko, David Morrissey, Liam Cunningham, Dominic West","France, United Kingdom",2010-02-15,2010,6.231,"Adventure, Action, Drama",en,18.457,1425,6.231,12000000,6890432,0.57
42297,Movie,Burlesque,Steve Antin,"Cher, Christina Aguilera, Cam Gigandet, Kristen Bell, Stanley Tucci",United States of America,2010-11-23,2010,7.2,"Drama, Romance",en,18.373,2252,7.2,55000000,89500000,1.63
34803,Movie,Death at a Funeral,Neil LaBute,"Chris Rock, Martin Lawrence, Zoe Saldaña, Tracy Morgan, Regina Hall",United States of America,2010-04-15,2010,5.8,Comedy,en,18.275,985,5.8,21000000,49050886,2.34
33909,Movie,Wall Street: Money Never Sleeps,Oliver Stone,"Michael Douglas, Shia LaBeouf, Josh Brolin, Carey Mulligan, Frank Langella",United States of America,2010-09-20,2010,6.1,"Drama, Crime",en,18.214,1545,6.1,70000000,134748021,1.92
20533,Movie,Jonah Hex,Jimmy Hayward,"Josh Brolin, John Malkovich, Megan Fox, Michael Fassbender, Will Arnett",United States of America,2010-06-18,2010,4.9,"Action, Western, Drama, Fantasy, Thriller",en,18.183,1442,4.9,47000000,10539000,0.22
51200,Movie,71: Into the Fire,John H. Lee,"Kwon Sang-woo, Choi Seung-hyun, Kim Seung-woo, Cha Seung-won, Kim Hye-seong",South Korea,2010-06-16,2010,7.518,War,ko,17.98,192,7.518,10400000,20967660,2.02
32856,Movie,Valentine's Day,Garry Marshall,"Jessica Alba, Kathy Bates, Jessica Biel, Bradley Cooper, Eric Dane",United States of America,2010-02-10,2010,5.9,"Comedy, Romance",en,17.915,3057,5.9,52000000,216500000,4.16
38745,Movie,Gulliver's Travels,Rob Letterman,"Jack Black, Jason Segel, Emily Blunt, Amanda Peet, Billy Connolly",United States of America,2010-12-23,2010,5.203,"Family, Comedy, Adventure, Fantasy",en,17.776,2414,5.203,112000000,237382724,2.12
12201,Movie,Edge of Darkness,Martin Campbell,"Mel Gibson, Ray Winstone, Danny Huston, Bojana Novaković, Shawn Roberts","United Kingdom, United States of America",2010-01-28,2010,6.3,"Crime, Drama, Mystery, Thriller",en,17.755,1551,6.3,80000000,81126522,1.01
34813,Movie,The Losers,Sylvain White,"Jeffrey Dean Morgan, Zoe Saldaña, Chris Evans, Idris Elba, Columbus Short",United States of America,2010-04-23,2010,6.3,"Action, Adventure, Crime, Mystery, Thriller",en,17.425,1830,6.3,25000000,23580000,0.94
22971,Movie,Dear John,Lasse Hallström,"Amanda Seyfried, Channing Tatum, Richard Jenkins, Henry Thomas, D.J. Cotrona",United States of America,2010-02-04,2010,6.8,"Drama, Romance, War",en,17.041,4162,6.8,25000000,114977104,4.6
38408,Movie,Life As We Know It,Greg Berlanti,"Katherine Heigl, Josh Duhamel, Josh Lucas, Alexis Clagett, Brynn Clagett",United States of America,2010-10-02,2010,6.9,"Comedy, Romance, Drama",en,17.009,3135,6.9,38000000,105734416,2.78
42949,Movie,Arthur 3: The War of the Two Worlds,Luc Besson,"Freddie Highmore, Mia Farrow, Robert Stanton, Penny Balfour, David Gasman",France,2010-08-22,2010,5.78,"Animation, Adventure, Fantasy, Family",fr,16.847,1532,5.78,70200000,33885979,0.48
32823,Movie,Get Him to the Greek,Nicholas Stoller,"Jonah Hill, Russell Brand, Rose Byrne, Elisabeth Moss, Tyler McKinney",United States of America,2010-06-03,2010,6.0,"Adventure, Comedy, Music",en,16.656,1783,6.0,40000000,90029656,2.25
23742,Movie,Cop Out,Kevin Smith,"Bruce Willis, Tracy Morgan, Seann William Scott, Ana de la Reguera, Adam Brody",United States of America,2010-02-26,2010,5.5,"Action, Comedy, Crime",en,16.596,1519,5.5,30000000,55600000,1.85
42888,Movie,How Do You Know,James L. Brooks,"Reese Witherspoon, Paul Rudd, Owen Wilson, Jack Nicholson, Kathryn Hahn",United States of America,2010-12-17,2010,5.305,"Comedy, Drama, Romance",en,16.422,992,5.305,120000000,48668907,0.41
58857,Movie,13 Assassins,Takashi Miike,"Koji Yakusho, Takayuki Yamada, Yûsuke Iseya, Goro Inagaki, Kazue Fukiishi","Japan, United Kingdom",2010-09-09,2010,7.3,"Adventure, Drama, Action",ja,16.249,1141,7.3,6000000,17555141,2.93
39486,Movie,Secretariat,Randall Wallace,"Diane Lane, John Malkovich, Scott Glenn, Dylan Walsh, Fred Thompson",United States of America,2010-08-20,2010,7.4,Drama,en,16.175,599,7.4,35000000,60300000,1.72
44603,Movie,Hereafter,Clint Eastwood,"Matt Damon, Cécile de France, Bryce Dallas Howard, Thierry Neuvic, Cyndi Mayo Davis",United States of America,2010-10-22,2010,6.105,"Drama, Fantasy",en,16.103,1686,6.105,50000000,107000000,2.14
43930,Movie,"Tomorrow, When the War Began",Stuart Beattie,"Caitlin Stasey, Rachel Hurd-Wood, Phoebe Tonkin, Deniz Akdeniz, Lincoln Lewis",Australia,2010-08-08,2010,6.2,"Action, Adventure, Drama",en,16.093,505,6.2,27000000,16533595,0.61
37821,Movie,Killers,Robert Luketic,"Ashton Kutcher, Katherine Heigl, Tom Selleck, Catherine O'Hara, Katheryn Winnick",United States of America,2010-06-04,2010,6.0,"Action, Comedy, Thriller, Romance",en,15.861,2202,6.0,75000000,98159963,1.31
16290,Movie,Jackass 3D,Jeff Tremaine,"Johnny Knoxville, Bam Margera, Ryan Dunn, Steve-O, Chris Pontius",United States of America,2010-10-15,2010,6.6,"Comedy, Documentary, Action",en,15.68,1364,6.6,20000000,117224271,5.86
41515,Movie,Yogi Bear,Eric Brevig,"Dan Aykroyd, Justin Timberlake, Anna Faris, Tom Cavanagh, T.J. Miller","United States of America, New Zealand",2010-12-17,2010,5.6,"Comedy, Family, Animation, Adventure",en,15.564,891,5.6,80000000,203509374,2.54
35056,Movie,Date Night,Shawn Levy,"Steve Carell, Tina Fey, Mark Wahlberg, Taraji P. Henson, Jimmi Simpson",United States of America,2010-04-08,2010,6.1,"Comedy, Action, Adventure",en,15.339,2873,6.1,55000000,152300000,2.77
44040,Movie,Devil,John Erick Dowdle,"Chris Messina, Bojana Novaković, Jenny O'Hara, Logan Marshall-Green, Jacob Vargas",United States of America,2010-09-16,2010,6.1,"Horror, Mystery, Thriller",en,15.29,2899,6.1,10000000,33583175,3.36
34806,Movie,The Back-Up Plan,Alan Poul,"Jennifer Lopez, Alex O'Loughlin, Michaela Watkins, Eric Christian Olsen, Anthony Anderson",United States of America,2010-04-23,2010,6.1,"Comedy, Romance",en,15.209,1408,6.1,35000000,77477008,2.21
44945,Movie,Trust,David Schwimmer,"Clive Owen, Catherine Keener, Liana Liberato, Jason Clarke, Viola Davis",United States of America,2010-09-10,2010,6.6,"Crime, Drama, Thriller",en,15.156,968,6.6,9500000,120000,0.01
46332,Movie,Of Gods and Men,Xavier Beauvois,"Lambert Wilson, Michael Lonsdale, Olivier Rabourdin, Philippe Laudenbach, Jacques Herlin",France,2010-09-08,2010,6.669,"Drama, History",fr,14.973,376,6.669,4000000,41424067,10.36
45657,Movie,The Ward,John Carpenter,"Amber Heard, Mamie Gummer, Danielle Panabaker, Jared Harris, Laura-Leigh","United Kingdom, United States of America",2010-09-13,2010,5.771,"Horror, Mystery, Thriller",en,14.936,1211,5.771,10000000,5343820,0.53
39013,Movie,Winter's Bone,Debra Granik,"Jennifer Lawrence, John Hawkes, Kevin Breznahan, Dale Dickey, Garret Dillahunt","Netherlands, United States of America",2010-06-11,2010,6.8,"Drama, Mystery",en,14.694,1790,6.8,2000000,13831503,6.92
43933,Movie,Monsters,Gareth Edwards,"Scoot McNairy, Whitney Able, Mario Zuniga Benavides, Annalee Jefferies, Justin Hall",United Kingdom,2010-06-18,2010,6.222,"Drama, Thriller, Science Fiction",en,14.676,1608,6.222,500000,5639730,11.28
49852,Movie,The Nutcracker,Andrei Konchalovsky,"Elle Fanning, Nathan Lane, John Turturro, Frances de la Tour, Charlie Rowe","United Kingdom, Hungary",2010-11-24,2010,5.1,"Music, Fantasy, Family, Adventure",en,14.574,189,5.1,90000000,17177993,0.19
45132,Movie,Super,James Gunn,"Rainn Wilson, Elliot Page, Liv Tyler, Kevin Bacon, Gregg Henry",United States of America,2010-11-26,2010,6.538,"Comedy, Action, Drama",en,14.298,1597,6.538,2500000,1185012,0.47
43919,Movie,Hatchet II,Adam Green,"Danielle Harris, Kane Hodder, Tony Todd, Parry Shen, R.A. Mihailoff",United States of America,2010-10-01,2010,5.5,"Horror, Comedy, Thriller",en,14.249,370,5.5,2500000,156190,0.06
38579,Movie,Marmaduke,Tom Dey,"Owen Wilson, Emma Stone, George Lopez, Caroline Sunshine, Finley Jacobsen",United States of America,2010-06-03,2010,5.2,"Family, Comedy",en,14.108,756,5.2,50000000,83761844,1.68
27585,Movie,Rabbit Hole,John Cameron Mitchell,"Nicole Kidman, Aaron Eckhart, Dianne Wiest, Miles Teller, Tammy Blanchard",United States of America,2010-12-16,2010,6.7,Drama,en,14.074,605,6.7,5000000,5144717,1.03
44639,Movie,Inside Job,Charles Ferguson,"Matt Damon, William Ackman, Barack Obama, George W. Bush, Jonathan Alpert",United States of America,2010-10-08,2010,7.7,"Documentary, Crime",en,14.038,944,7.7,2000000,7871522,3.94
26390,Movie,Brooklyn's Finest,Antoine Fuqua,"Richard Gere, Don Cheadle, Ethan Hawke, Wesley Snipes, Vincent D'Onofrio",United States of America,2010-03-04,2010,6.3,"Crime, Drama, Thriller",en,14.005,908,6.3,17000000,45700000,2.69
22972,Movie,Green Zone,Paul Greengrass,"Matt Damon, Greg Kinnear, Brendan Gleeson, Amy Ryan, Khalid Abdalla","France, Japan, Spain, United Kingdom, United States of America",2010-03-11,2010,6.5,"War, Action, Adventure, Drama, Thriller",en,13.96,2198,6.5,100000000,94882889,0.95
43552,Movie,Vanishing on 7th Street,Brad Anderson,"Hayden Christensen, Thandiwe Newton, John Leguizamo, Neal Huff, Jacob Latimore",United States of America,2010-09-11,2010,5.3,"Mystery, Horror, Thriller",en,13.772,578,5.3,10000000,1671196,0.17
39691,Movie,Cats & Dogs: The Revenge of Kitty Galore,Brad Peyton,"James Marsden, Nick Nolte, Christina Applegate, Bette Midler, Pascale Hutton","United States of America, Australia",2010-07-29,2010,5.2,"Family, Adventure, Comedy, Fantasy, Action, Animation",en,13.713,643,5.2,85000000,112483764,1.32
41210,Movie,The Switch,"Will Speck, Josh Gordon","Jennifer Aniston, Jason Bateman, Patrick Wilson, Thomas Robinson, Jeff Goldblum",United States of America,2010-05-11,2010,6.2,"Comedy, Romance, Drama",en,13.691,1903,6.2,19000000,49830607,2.62
12819,Movie,Alpha and Omega,"Anthony Bell, Ben Gluck","Justin Long, Hayden Panettiere, Dennis Hopper, Danny Glover, Larry Miller","India, United States of America",2010-09-16,2010,5.9,"Animation, Family, Comedy, Adventure, Romance",en,13.599,512,5.9,20000000,50507267,2.53
38357,Movie,Morning Glory,Roger Michell,"Rachel McAdams, Harrison Ford, Diane Keaton, Patrick Wilson, Jeff Goldblum",United States of America,2010-11-10,2010,6.3,"Drama, Comedy, Romance",en,13.541,1508,6.3,40000000,60040976,1.5
46420,Movie,The Loved Ones,Sean Byrne,"Xavier Samuel, Robin McLeavy, John Brumpton, Richard Wilson, Victoria Thaine",Australia,2010-08-04,2010,6.7,Horror,en,13.353,755,6.7,4000000,358399,0.09
42194,Movie,Tekken,Dwight H. Little,"Jonathan Patrick Foo, Kelly Overton, Cary-Hiroyuki Tagawa, Ian Anthony Dale, Luke Goss","Japan, United States of America",2010-03-20,2010,5.4,"Crime, Drama, Action, Thriller, Science Fiction",en,13.226,690,5.4,30000000,967000,0.03
38363,Movie,Fair Game,Doug Liman,"Naomi Watts, Sean Penn, Sam Shepard, Noah Emmerich, Michael Kelly","United States of America, United Arab Emirates",2010-05-20,2010,6.474,"Drama, Thriller",en,13.226,787,6.474,22000000,25806953,1.17
43923,Movie,It's Kind of a Funny Story,"Anna Boden, Ryan Fleck","Keir Gilchrist, Emma Roberts, Zach Galifianakis, Viola Davis, Lauren Graham",United States of America,2010-10-08,2010,7.0,"Comedy, Drama",en,13.185,2343,7.0,8000000,6491240,0.81
37414,Movie,The Killer Inside Me,Michael Winterbottom,"Casey Affleck, Kate Hudson, Jessica Alba, Ned Beatty, Tom Bower","Canada, Sweden, United Kingdom, United States of America",2010-02-19,2010,5.8,"Crime, Drama, Thriller",en,13.148,587,5.8,13000000,3977192,0.31
48838,Movie,London Boulevard,William Monahan,"Colin Farrell, Keira Knightley, David Thewlis, Anna Friel, Ben Chaplin","United Kingdom, United States of America",2010-11-10,2010,5.9,"Drama, Crime",en,13.124,751,5.9,25000000,8307227,0.33
35690,Movie,The Last Song,Julie Anne Robinson,"Miley Cyrus, Greg Kinnear, Bobby Coleman, Liam Hemsworth, Hallock Beals",United States of America,2010-03-31,2010,7.2,"Drama, Family, Romance",en,13.119,3312,7.2,20000000,89137047,4.46
37034,Movie,True Legend,Yuen Woo-Ping,"Vincent Zhao Wenzhuo, Zhou Xun, Andy On Chi-Kit, Guo Xiaodong, Jay Chou","China, Hong Kong, United States of America",2010-02-09,2010,6.6,"Action, Fantasy",zh,12.973,221,6.6,20000000,6820000,0.34
8952,Movie,I Love You Phillip Morris,"John Requa, Glenn Ficarra","Jim Carrey, Ewan McGregor, Leslie Mann, Rodrigo Santoro, Brennan Brown","France, United States of America",2010-02-04,2010,6.4,"Comedy, Crime, Drama, Romance",en,12.571,1664,6.4,13000000,20768906,1.6
101669,Movie,Mother's Day,Darren Lynn Bousman,"Rebecca De Mornay, Jaime King, Frank Grillo, Patrick John Flueger, Warren Kole",United States of America,2010-09-23,2010,6.505,"Thriller, Crime, Horror",en,12.557,429,6.505,11000000,863000,0.08
38303,Movie,You Again,Andy Fickman,"Kristen Bell, Jamie Lee Curtis, Sigourney Weaver, Odette Annable, Victor Garber",United States of America,2010-09-23,2010,6.281,"Comedy, Romance",en,12.44,1245,6.281,20000000,32054369,1.6
38073,Movie,Going the Distance,Nanette Burstein,"Drew Barrymore, Justin Long, Charlie Day, Jason Sudeikis, Christina Applegate",United States of America,2010-08-27,2010,6.1,"Comedy, Drama, Romance",en,12.269,727,6.1,32000000,42045846,1.31
48034,Movie,Little White Lies,Guillaume Canet,"François Cluzet, Marion Cotillard, Benoît Magimel, Gilles Lellouche, Jean Dujardin",France,2010-10-20,2010,7.107,"Comedy, Drama",fr,12.242,1565,7.107,25000000,48531470,1.94
37495,Movie,Four Lions,Chris Morris,"Riz Ahmed, Nigel Lindsay, Kayvan Novak, Adeel Akhtar, Arsher Ali","France, United Kingdom",2010-05-07,2010,6.955,"Comedy, Crime, Drama",en,12.234,1158,6.955,3900000,6200000,1.59
38778,Movie,Dinner for Schmucks,Jay Roach,"Paul Rudd, Steve Carell, Stephanie Szostak, Jemaine Clement, Zach Galifianakis",United States of America,2010-07-30,2010,5.7,Comedy,en,12.162,1794,5.7,69000000,86387857,1.25
23830,Movie,Last Night,Massy Tadjedin,"Keira Knightley, Sam Worthington, Eva Mendes, Guillaume Canet, Griffin Dunne","France, United States of America",2010-11-05,2010,6.115,"Drama, Romance",en,12.137,762,6.115,7000000,7644937,1.09
44147,Movie,Wild Target,Jonathan Lynn,"Bill Nighy, Emily Blunt, Rupert Grint, Rupert Everett, Eileen Atkins","France, United Kingdom",2010-06-17,2010,6.4,"Action, Comedy",en,12.018,718,6.4,8000000,3453043,0.43
41411,Movie,The Round Up,Roselyne Bosch,"Jean Reno, Mélanie Laurent, Gad Elmaleh, Raphaëlle Agogué, Sylvie Testud","France, Germany, Hungary",2010-03-10,2010,7.55,"Drama, History, War",fr,11.966,1007,7.55,20000000,25346148,1.27
41505,Movie,6 Souls,"Björn Stein, Måns Mårlind","Julianne Moore, Jonathan Rhys Meyers, Jeffrey DeMunn, Frances Conroy, Nate Corddry",United States of America,2010-03-27,2010,6.1,"Horror, Mystery, Thriller",en,11.89,709,6.1,22000000,851517,0.04
41110,Movie,I Am Love,Luca Guadagnino,"Tilda Swinton, Flavio Parenti, Edoardo Gabbriellini, Alba Rohrwacher, Pippo Delbono",Italy,2010-03-19,2010,6.8,"Drama, Romance",it,11.883,362,6.8,3600000,12014663,3.34
47904,Movie,Outside the Law,Rachid Bouchareb,"Jamel Debbouze, Roschdy Zem, Sami Bouajila, Chafia Boudraa, Bernard Blancan","Algeria, Belgium, France, Italy, Tunisia",2010-09-21,2010,6.6,"Action, Drama, History, War",fr,11.803,194,6.6,30000000,3470487,0.12
43931,Movie,My Soul to Take,Wes Craven,"Max Thieriot, John Magaro, Denzel Whitaker, Zena Grey, Nick Lashaway",United States of America,2010-10-08,2010,5.5,"Horror, Mystery",en,11.799,519,5.5,25000000,21500813,0.86
52015,Movie,Stake Land,Jim Mickle,"Connor Paolo, Nick Damici, Danielle Harris, Kelly McGillis, Gregory Jones",United States of America,2010-09-30,2010,6.2,"Drama, Horror, Science Fiction",en,11.743,800,6.2,650000,33245,0.05
38843,Movie,Ramona and Beezus,Elizabeth Allen Rosenbaum,"Joey King, Selena Gomez, John Corbett, Bridget Moynahan, Ginnifer Goodwin",United States of America,2010-07-23,2010,6.5,"Comedy, Family",en,11.688,755,6.5,15000000,27293743,1.82
148284,Movie,Enthiran,Shankar,"Rajinikanth, Aishwarya Rai Bachchan, Danny Denzongpa, Santhanam, Karunas",India,2010-10-01,2010,6.6,"Action, Science Fiction",ta,11.482,222,6.6,26400000,62000000,2.35
44113,Movie,Stone,John Curran,"Robert De Niro, Edward Norton, Milla Jovovich, Frances Conroy, Enver Gjokaj",United States of America,2010-10-07,2010,5.3,"Drama, Thriller, Action, Mystery",en,11.406,689,5.3,22000000,9479718,0.43
41479,Movie,The Joneses,Derrick Borte,"David Duchovny, Demi Moore, Amber Heard, Benjamin Hollingsworth, Lauren Hutton",United States of America,2010-04-16,2010,6.188,"Comedy, Drama",en,11.396,594,6.188,10000000,7022728,0.7
44129,Movie,The Company Men,John Wells,"Ben Affleck, Tommy Lee Jones, Chris Cooper, Kevin Costner, Maria Bello",United States of America,2010-10-21,2010,6.5,Drama,en,11.394,734,6.5,15000000,4882577,0.33
39210,Movie,Somewhere,Sofia Coppola,"Stephen Dorff, Elle Fanning, Chris Pontius, Laura Chiatti, Lala Sloatman","France, Italy, Japan, United States of America",2010-09-03,2010,6.1,Drama,en,11.034,749,6.1,8000000,14788642,1.85
41592,Movie,StreetDance 3D,"Max Giwa, Dania Pasquini","Nichola Burley, Richard Winsor, Ukweli Roach, Frank Harper, George Sampson",United Kingdom,2010-05-19,2010,6.5,"Music, Romance, Drama",en,11.017,408,6.5,5773100,18144030,3.14
39781,Movie,The Kids Are All Right,Lisa Cholodenko,"Julianne Moore, Annette Bening, Mark Ruffalo, Mia Wasikowska, Josh Hutcherson",United States of America,2010-07-09,2010,6.6,"Comedy, Drama",en,10.92,1495,6.6,3500000,34705850,9.92
52505,Movie,The Other Woman,Don Roos,"Natalie Portman, Scott Cohen, Charlie Tahan, Lauren Ambrose, Lisa Kudrow",United States of America,2010-10-28,2010,6.2,Drama,en,10.896,392,6.2,30000000,1451343,0.05
46528,Movie,The Warrior's Way,Lee Seung-moo,"Jang Dong-gun, Kate Bosworth, Geoffrey Rush, Danny Huston, Ti Lung","India, New Zealand, South Korea, United States of America",2010-12-01,2010,6.6,"Adventure, Fantasy, Action, Western, Thriller",en,10.893,622,6.6,42000000,11100000,0.26
41201,Movie,The Illusionist,Sylvain Chomet,"Jean-Claude Donda, Eilidh Rankin, Didier Gustin, Jil Aigrot, Jacques Tati","France, United Kingdom",2010-06-16,2010,7.2,"Animation, Drama",fr,10.871,620,7.2,18000000,6007194,0.33
41211,Movie,Heartbreaker,Pascal Chaumeil,"Romain Duris, Vanessa Paradis, Julie Ferrier, François Damiens, Andrew Lincoln","France, United States of America",2010-03-17,2010,6.6,"Romance, Comedy",fr,10.822,1350,6.6,8700000,47355187,5.44
44716,Movie,In a Better World,Susanne Bier,"Mikael Persbrandt, Trine Dyrholm, Ulrich Thomsen, William Jøhnk Nielsen, Markus Rygaard","Denmark, Sweden",2010-08-26,2010,7.118,Drama,da,10.775,412,7.118,15000000,13004198,0.87
27569,Movie,Extraordinary Measures,Tom Vaughan,"Brendan Fraser, Harrison Ford, Keri Russell, Courtney B. Vance, Meredith Droeger",United States of America,2010-01-21,2010,6.3,Drama,en,10.774,309,6.3,31000000,15134293,0.49
31867,Movie,Repo Men,Miguel Sapochnik,"Jude Law, Forest Whitaker, Alice Braga, Liev Schreiber, Carice van Houten","Canada, United States of America",2010-03-18,2010,6.323,"Action, Science Fiction, Thriller, Crime",en,10.714,1933,6.323,32000000,18409891,0.58
57695,Movie,The Princess of Montpensier,Bertrand Tavernier,"Mélanie Thierry, Lambert Wilson, Gaspard Ulliel, Grégoire Leprince-Ringuet, Raphaël Personnaz","France, Germany",2010-11-03,2010,6.375,"Action, Drama, History, Romance",fr,10.707,271,6.375,14734000,6775121,0.46
55890,Movie,Bereavement,Stevan Mena,"Michael Biehn, Alexandra Daddario, Brett Rickaby, Nolan Gerard Funk, Spencer List",United States of America,2010-07-16,2010,5.3,"Crime, Horror",en,10.623,189,5.3,2000000,10000000,5.0
48289,Movie,The Debt,John Madden,"Helen Mirren, Tom Wilkinson, Sam Worthington, Ciarán Hinds, Jessica Chastain",United States of America,2010-09-30,2010,6.6,"Drama, Thriller",en,10.548,895,6.6,20000000,45636368,2.28
30618,Movie,Bunraku,Guy Moshe,"Josh Hartnett, Demi Moore, Woody Harrelson, Ron Perlman, Gackt",United States of America,2010-09-01,2010,5.9,"Thriller, Action, Drama",en,10.297,321,5.9,25000000,129706,0.01
43754,Movie,The Killing Jar,Mark Young,"Michael Madsen, Harold Perrineau, Danny Trejo, Kevin Gage, Lew Temple",United States of America,2010-02-14,2010,5.4,"Drama, Thriller, Mystery",en,10.212,84,5.4,400,2,0.0
53457,Movie,Sarah's Key,Gilles Paquet-Brenner,"Kristin Scott Thomas, Mélusine Mayance, Niels Arestrup, Frédéric Pierrot, Michel Duchaussoy",France,2010-09-16,2010,7.3,"Drama, War",fr,10.117,682,7.3,10000000,17511906,1.75
43434,Movie,Carlos,Olivier Assayas,"Edgar Ramírez, Alexander Scheer, Nora Waldstätten, Talal Jurdi, Christoph Bach","Germany, France",2010-07-07,2010,7.0,"Crime, Drama, Thriller, History",en,10.023,205,7.0,18000000,871279,0.05
44629,Movie,Animal Kingdom,David Michôd,"Ben Mendelsohn, Joel Edgerton, Guy Pearce, Luke Ford, Jacki Weaver",Australia,2010-06-03,2010,6.804,"Crime, Drama",en,9.915,829,6.804,5000000,1000000,0.2
48492,Movie,Detective Dee and the Mystery of the Phantom Flame,Tsui Hark,"Andy Lau Tak-Wah, Li Bingbing, Deng Chao, Tony Leung Ka-Fai, Carina Lau Kar-Ling","China, Hong Kong",2010-09-18,2010,6.5,"Action, Adventure, Drama, Mystery",zh,9.903,401,6.5,13000000,51723285,3.98
41556,Movie,The Romantics,Galt Niederhoffer,"Katie Holmes, Anna Paquin, Josh Duhamel, Dianna Agron, Adam Brody",United States of America,2010-09-10,2010,4.898,"Drama, Romance",en,9.566,241,4.898,4500000,123820,0.03
27584,Movie,High School,John Stalberg Jr.,"Adrien Brody, Matt Bush, Sean Marquette, Colin Hanks, Michael Chiklis",United States of America,2010-06-03,2010,5.711,Comedy,en,9.518,152,5.711,10000000,221590,0.02
27586,Movie,The Runaways,Floria Sigismondi,"Kristen Stewart, Dakota Fanning, Michael Shannon, Stella Maeve, Scout Taylor-Compton",United States of America,2010-03-19,2010,6.5,"Music, Drama, History",en,9.491,793,6.5,10000000,2995811,0.3
35169,Movie,Furry Vengeance,Roger Kumble,"Brendan Fraser, Brooke Shields, Ken Jeong, Matt Prokop, Angela Kinsey",United States of America,2010-04-30,2010,5.021,"Family, Comedy",en,9.433,605,5.021,35000000,36236710,1.04
39800,Movie,Life During Wartime,Todd Solondz,"Shirley Henderson, Michael Kenneth Williams, Ally Sheedy, Paul Reubens, Allison Janney",United States of America,2010-04-16,2010,5.992,"Comedy, Drama",en,9.375,133,5.992,4500000,744816,0.17
61984,Movie,Space Battleship Yamato,Takashi Yamazaki,"Takuya Kimura, Meisa Kuroki, Toshiro Yanagiba, Naoto Ogata, Hiroyuki Ikeuchi",Japan,2010-12-01,2010,6.403,"Science Fiction, Action, Adventure, Drama",ja,9.333,227,6.403,12000000,49827298,4.15
46138,Movie,Made in Dagenham,Nigel Cole,"Sally Hawkins, Bob Hoskins, Miranda Richardson, Geraldine James, Rosamund Pike",United Kingdom,2010-10-01,2010,6.7,"Comedy, Drama, History",en,9.228,305,6.7,7200000,12629471,1.75
48415,Movie,Welcome to the South,Luca Miniero,"Claudio Bisio, Alessandro Siani, Angela Finocchiaro, Valentina Lodovini, Nando Paone","Germany, Italy",2010-10-01,2010,6.7,Comedy,it,9.1,1807,6.7,4000000,65584679,16.4
66195,Movie,The Perfect Host,Nicholas Tomnay,"David Hyde Pierce, Clayne Crawford, Nathaniel Parker, Megahn Perry, Helen Reddy",United States of America,2010-07-01,2010,6.4,"Comedy, Thriller, Crime",en,9.095,425,6.4,500000,453708,0.91
34764,Movie,Karthik Calling Karthik,Vijay Lalwani,"Farhan Akhtar, Deepika Padukone, Ram Kapoor, Vivan Bhatena, Vipin Sharma",India,2010-02-26,2010,6.2,"Romance, Thriller",hi,9.029,92,6.2,2800000,3900000,1.39
44835,Movie,Hesher,Spencer Susser,"Joseph Gordon-Levitt, Natalie Portman, Devin Brochu, Rainn Wilson, Piper Laurie","Taiwan, United States of America",2010-01-22,2010,6.8,Drama,en,9.015,689,6.8,7000000,449702,0.06
50618,Movie,Fortress of War,Aleksandr Kott,"Andrey Merzlikin, Pavel Derevyanko, Veronika Nikonova, Yevgeni Tsyganov, Anna Tsukanova-Kott","Belarus, Russia",2010-11-04,2010,7.2,"War, Drama, History, Action",ru,9.01,164,7.2,8500000,4404729,0.52
56812,Movie,The Last Circus,Álex de la Iglesia,"Carlos Areces, Carolina Bang, Antonio de la Torre, Manuel Tallafé, Enrique Villén","Belgium, France, Italy, Spain",2010-12-17,2010,6.7,"Adventure, Comedy, Drama, Horror, Thriller",es,9.0,416,6.7,7000000,3604598,0.51
44718,Movie,Get Low,Aaron Schneider,"Bill Murray, Sissy Spacek, Robert Duvall, Lucas Black, Bill Cobbs",United States of America,2010-07-30,2010,6.7,"Drama, Mystery, Comedy",en,8.999,298,6.7,700000,10522511,15.03
37931,Movie,MacGruber,Jorma Taccone,"Will Forte, Kristen Wiig, Ryan Phillippe, Powers Boothe, Maya Rudolph",United States of America,2010-05-21,2010,5.4,"Action, Comedy",en,8.953,553,5.4,10000000,9322895,0.93
42889,Movie,The Virginity Hit,"Huck Botko, Andrew Gurland","Matt Bennett, Zack Pearlman, Jacob Davich, Justin Kline, Krysta Rodriguez",United States of America,2010-09-24,2010,4.4,Comedy,en,8.948,72,4.4,2000000,636706,0.32
44009,Movie,Another Year,Mike Leigh,"Lesley Manville, Ruth Sheen, Jim Broadbent, Oliver Maltman, David Bradley","United Kingdom, United States of America",2010-11-05,2010,7.0,"Drama, Comedy",en,8.946,394,7.0,8000000,18124262,2.27
44638,Movie,The Tempest,Julie Taymor,"Helen Mirren, Felicity Jones, Reeve Carney, David Strathairn, Tom Conti","India, United Kingdom, United States of America",2010-09-11,2010,5.4,"Drama, Fantasy, Comedy",en,8.891,119,5.4,20000000,346594,0.02
50204,Movie,Burke & Hare,John Landis,"Simon Pegg, Andy Serkis, Isla Fisher, Georgia King, Tom Wilkinson",United Kingdom,2010-10-29,2010,6.1,"Comedy, Thriller, History, Horror",en,8.882,470,6.1,10000000,4791599,0.48
44560,Movie,Aftershock,Feng Xiaogang,"Xu Fan, Zhang Jingchu, Wang Ziwen, Chen Daoming, Jerry Lee","China, Hong Kong",2010-07-22,2010,7.1,Drama,zh,8.879,184,7.1,25000000,100297064,4.01
35688,Movie,Why Did I Get Married Too?,Tyler Perry,"Tyler Perry, Janet Jackson, Jill Scott, Sharon Leal, Malik Yoba",United States of America,2010-04-02,2010,6.5,"Comedy, Romance",en,8.786,156,6.5,20000000,60673972,3.03
70695,Movie,Dirty Girl,Abe Sylvia,"Juno Temple, Jeremy Dozier, Milla Jovovich, Mary Steenburgen, Dwight Yoakam",United States of America,2010-09-12,2010,6.067,"Drama, Comedy",en,8.734,194,6.067,4000000,143485,0.04
45272,Movie,Country Strong,Shana Feste,"Gwyneth Paltrow, Garrett Hedlund, Tim McGraw, Leighton Meester, Marshall Chapman",United States of America,2010-12-22,2010,6.1,"Drama, Romance, Music",en,8.721,247,6.1,15000000,20601987,1.37
45649,Movie,Rubber,Quentin Dupieux,"Thomas F. Duffy, David Bowe, Stephen Spinella, Roxane Mesquida, Jack Plotnick",France,2010-11-09,2010,5.9,"Comedy, Drama, Fantasy, Horror, Mystery",fr,8.682,1031,5.9,500000,98017,0.2
52077,Movie,Nothing to Declare,Dany Boon,"Benoît Poelvoorde, Dany Boon, Julie Bernard, Christel Pedrinelli, Joachim Ledeganck",France,2010-12-20,2010,5.9,Comedy,fr,8.592,1126,5.9,28000000,93800000,3.35
45094,Movie,Conviction,Tony Goldwyn,"Hilary Swank, Sam Rockwell, Minnie Driver, Melissa Leo, Peter Gallagher",United States of America,2010-10-15,2010,7.058,Drama,en,8.498,606,7.058,12500000,11826980,0.95
51241,Movie,Heartbeats,Xavier Dolan,"Monia Chokri, Niels Schneider, Xavier Dolan, Anne Dorval, Anne-Élisabeth Bossé",Canada,2010-09-29,2010,7.1,"Drama, Romance",fr,8.49,1013,7.1,464229,62985,0.14
44944,Movie,For Colored Girls,Tyler Perry,"Kimberly Elise, Janet Jackson, Loretta Devine, Thandiwe Newton, Anika Noni Rose",United States of America,2010-11-05,2010,6.7,Drama,en,8.424,79,6.7,21000000,38000000,1.81
38568,Movie,Howl,"Jeffrey Friedman, Rob Epstein","James Franco, Todd Rotondi, Jon Prescott, Aaron Tveit, David Strathairn",United States of America,2010-08-26,2010,6.5,Drama,en,8.412,181,6.5,5000000,1183258,0.24
46829,Movie,Barney's Version,Richard J. Lewis,"Paul Giamatti, Dustin Hoffman, Rosamund Pike, Minnie Driver, Scott Speedman","Canada, Italy, United States of America",2010-10-26,2010,7.029,"Comedy, Drama",en,8.353,459,7.029,30000000,8454301,0.28
29159,Movie,Giallo,Dario Argento,"Adrien Brody, Emmanuelle Seigner, Elsa Pataky, Robert Miano, Valentina Izumi","Italy, Spain, United Kingdom, United States of America",2010-03-13,2010,4.1,"Crime, Horror, Mystery, Thriller",it,8.289,162,4.1,14000000,50113,0.0
45324,Movie,Casino Jack,George Hickenlooper,"Kevin Spacey, Kelly Preston, Hannah Endicott-Douglas, Rachelle Lefevre, Barry Pepper",Canada,2010-09-16,2010,5.836,"Comedy, Crime, Drama",en,8.267,298,5.836,12500000,1083683,0.09
38033,Movie,Chain Letter,Deon Taylor,"Nikki Reed, Keith David, Michael Bailey Smith, Brad Dourif, Betsy Russell",United States of America,2010-10-01,2010,4.4,"Horror, Thriller",en,8.266,125,4.4,5000000,143000,0.03
58051,Movie,Housefull,Sajid Khan,"Akshay Kumar, Arjun Rampal, Ritesh Deshmukh, Deepika Padukone, Lara Dutta",India,2010-04-30,2010,5.7,"Comedy, Romance",hi,8.246,128,5.7,3800000,16000000,4.21
40794,Movie,Loose Cannons,Ferzan Özpetek,"Riccardo Scamarcio, Nicole Grimaudo, Alessandro Preziosi, Ennio Fantastichini, Lunetta Savino",Italy,2010-02-12,2010,7.3,"Comedy, Drama, Romance",it,8.052,780,7.3,7000000,8220215,1.17
48303,Movie,Certified Copy,Abbas Kiarostami,"Juliette Binoche, William Shimell, Jean-Claude Carrière, Agathe Natanson, Gianna Giachetti","France, Italy, Belgium",2010-05-19,2010,7.0,"Drama, Romance",fr,8.026,408,7.0,7000000,7736632,1.11
53172,Movie,Henry's Crime,Malcolm Venville,"Keanu Reeves, Vera Farmiga, James Caan, Judy Greer, Fisher Stevens",United States of America,2010-01-14,2010,5.8,"Crime, Comedy",en,8.023,342,5.8,12000000,2200000,0.18
38448,Movie,Ondine,Neil Jordan,"Colin Farrell, Alicja Bachleda-Curuś, Dervla Kirwan, Alison Barry, Marion O'Dwyer","Ireland, United States of America",2010-03-05,2010,6.325,"Drama, Romance",en,7.836,318,6.325,12000000,1790061,0.15
12645,Movie,Inhale,Baltasar Kormákur,"Dermot Mulroney, Diane Kruger, Sam Shepard, Rosanna Arquette, Mia Stallard",United States of America,2010-08-27,2010,6.0,"Drama, Action, Thriller",en,7.828,118,6.0,10000000,55089,0.01
42296,Movie,Catfish,"Henry Joost, Ariel Schulman","Nev Schulman, Ariel Schulman, Angela Wesselman-Pierce, Melody C. Roscher, Henry Joost",United States of America,2010-09-17,2010,6.834,Documentary,en,7.827,522,6.834,30000,3045943,101.53
38407,Movie,Shanghai,Mikael Håfström,"John Cusack, Gong Li, Chow Yun-Fat, Jeffrey Dean Morgan, Ken Watanabe","China, United States of America",2010-06-10,2010,6.1,"Drama, Thriller, Mystery",en,7.723,179,6.1,50000000,15302850,0.31
44877,Movie,4.3.2.1,"Noel Clarke, Mark Davis","Emma Roberts, Noel Clarke, Ophelia Lovibond, Tamsin Egerton, Shanika Warren-Markland",United Kingdom,2010-06-02,2010,5.52,"Action, Thriller, Crime, Romance",en,7.454,202,5.52,4600000,1163967,0.25
34563,Movie,Our Family Wedding,Rick Famuyiwa,"Forest Whitaker, America Ferrera, Carlos Mencia, Regina King, Lance Gross",United States of America,2010-03-12,2010,5.702,Comedy,en,7.395,129,5.702,14000000,21409028,1.53
44263,Movie,City Under Siege,Benny Chan Muk-Sing,"Aaron Kwok Fu-Shing, Shu Qi, Wu Jing, Zhang Jingchu, Yuen Wah",Hong Kong,2010-08-11,2010,5.1,"Science Fiction, Action, Thriller",cn,7.274,59,5.1,17000000,13851432,0.81
39053,Movie,Cyrus,"Mark Duplass, Jay Duplass","John C. Reilly, Jonah Hill, Marisa Tomei, Catherine Keener, Matt Walsh",United States of America,2010-06-18,2010,5.9,"Comedy, Drama, Romance",en,7.225,418,5.9,7000000,9900000,1.41
45316,Movie,Udaan,Vikramaditya Motwane,"Ronit Roy, Rajat Barmecha, Aayan Boradia, Ram Kapoor, Manjot Singh",India,2010-06-17,2010,7.188,Drama,hi,7.174,202,7.188,800000,520000,0.65
54456,Movie,Raavanan,Mani Ratnam,"Vikram, Aishwarya Rai Bachchan, Prithviraj Sukumaran, Karthik Muthuraman, Prabhu",India,2010-06-18,2010,7.0,"Action, Adventure, Crime",ta,7.026,43,7.0,5200000,9700000,1.87
62871,Movie,A Distant Neighborhood,Sam Garbarski,"Léo Legrand, Pascal Greggory, Jonathan Zaccaï, Alexandra Maria Lara, Evelyne Didi","Belgium, France, Germany, Luxembourg",2010-05-20,2010,7.1,"Drama, Fantasy, Comedy",fr,6.805,51,7.1,18000000,231820,0.01
45756,Movie,Saint,Dick Maas,"Huub Stapel, Egbert Jan Weeber, Caro Lenssen, Bert Luppes, Escha Tanihatu",Netherlands,2010-10-31,2010,5.0,"Horror, Comedy",nl,6.75,144,5.0,4000000,4000000,1.0
57809,Movie,Six Degrees of Celebration,"Yaroslav Chevazhevsky, Timur Bekmambetov, Ignas Jonynas, Aleksandr Voytinskiy, Dmitry Kiselev, Alexander Andryuschenko","Ivan Urgant, Sergey Svetlakov, Vera Brezhneva, Elena Plaksina, Aleksandr Golovin",Russia,2010-12-12,2010,6.4,Comedy,ru,6.706,98,6.4,5800000,25030264,4.32
46689,Movie,Waste Land,Lucy Walker,Vik Muniz,"Brazil, United Kingdom",2010-01-24,2010,7.6,Documentary,en,6.696,118,7.6,1500000,187716,0.13
46523,Movie,New Kids Turbo,"Steffen Haars, Flip van der Kuil","Tim Haars, Huub Smit, Wesley van Gaalen, Flip van der Kuil, Steffen Haars",Netherlands,2010-12-09,2010,6.363,"Action, Comedy",nl,6.677,304,6.363,1500000,8786756,5.86
35428,Movie,What Men Talk About,Dmitriy Dyachenko,"Leonid Barats, Aleksandr Demidov, Kamil Larin, Rostislav Khait, Zhanna Friske","Russia, Ukraine",2010-03-04,2010,7.257,Comedy,ru,6.547,171,7.257,1950000,12005838,6.16
35716,Movie,Preacher's Kid,Stan Foster,"LeToya Luckett, Gregory Alan Williams, Sharif Atkins, Tank, Essence Atkins",United States of America,2010-01-29,2010,6.1,"Drama, Family, Music",en,6.495,41,6.1,7000000,515065,0.07
51306,Movie,Lost on Journey,Raymond Yip Wai-Man,"Xu Zheng, Wang Baoqiang, Li Man, Li Xiaolu, Zuo Xiaoqing",China,2010-06-04,2010,6.9,Comedy,zh,6.459,86,6.9,50000000,500000,0.01
42966,Movie,Once Upon a Time in Mumbaai,Milan Luthria,"Ajay Devgn, Emraan Hashmi, Kangana Ranaut, Prachi Desai, Randeep Hooda",India,2010-07-30,2010,6.6,"Drama, Thriller, Crime",hi,6.443,84,6.6,19000000,8300000,0.44
47088,Movie,The Extra Man,"Robert Pulcini, Shari Springer Berman","Kevin Kline, Paul Dano, Katie Holmes, John C. Reilly, Dan Hedaya","France, United States of America",2010-08-01,2010,5.8,Comedy,en,6.442,99,5.8,7000000,453079,0.06
27004,Movie,Ca$h,Stephen Milburn Anderson,"Sean Bean, Chris Hemsworth, Victoria Profeta, Mike Starr, Michael Mantell",United States of America,2010-03-01,2010,5.9,"Crime, Thriller, Comedy, Mystery",en,6.296,238,5.9,7000000,46488,0.01
316776,Movie,Who Killed Captain Alex?,Nabwana IGG,"Kakule William, Sserunya Ernest, G. Puffs, Bukenya Charles, Kavubu Muhammed",Uganda,2010-03-01,2010,6.6,"Action, Drama, Comedy",en,6.124,147,6.6,200,200,1.0
45839,Movie,FRED: The Movie,Clay Weiner,"Lucas Cruikshank, Pixie Lott, Jake Weary, Jennette McCurdy, John Cena",United States of America,2010-12-17,2010,4.5,"Comedy, Family, Adventure, TV Movie",en,6.082,157,4.5,4000000,1309580,0.33
36696,Movie,Space Dogs,"Inna Evlannikova, Svyatoslav Ushakov","Anna Bolshova, Evgeny Mironov, Sergey Garmash, Aleksandr Bashirov, Elena Yakovleva","United States of America, Russia",2010-03-18,2010,5.2,"Family, Animation",ru,6.063,49,5.2,25000000,8553835,0.34
47557,Movie,The Edge,Alexey Uchitel,"Vladimir Mashkov, Anjorka Strechel, Yulia Peresild, Sergey Garmash, Oleksiy Horbunov",Russia,2010-09-23,2010,5.8,Drama,ru,6.041,53,5.8,11000000,5380142,0.49
62756,Movie,Singam,Hari,"Suriya, Anushka Shetty, Prakash Raj, Nassar, Vivek",India,2010-05-28,2010,6.701,"Action, Comedy, Crime",ta,5.967,67,6.701,2200000,9700000,4.41
44566,Movie,Anjaana Anjaani,Siddharth Anand,"Priyanka Chopra Jonas, Ranbir Kapoor, Zayed Khan, Vishal Malhotra, Joy Sengupta",India,2010-09-24,2010,6.0,"Comedy, Drama, Romance",hi,5.756,81,6.0,6400000,5900000,0.92
37832,Movie,Mammuth,"Gustave Kervern, Benoît Delépine","Gérard Depardieu, Yolande Moreau, Isabelle Adjani, Benoît Poelvoorde, Philippe Nahon",France,2010-04-21,2010,5.8,Comedy,fr,5.749,155,5.8,3000000,7100000,2.37
38325,Movie,How I Ended This Summer,Alexey Popogrebsky,"Grigoriy Dobrygin, Sergey Puskepalis, Artyom Tsukanov, Igor Chernevich, Ilya Sobolev",Russia,2010-02-17,2010,6.491,"Drama, Thriller",ru,5.731,115,6.491,2500000,622644,0.25
52939,Movie,Three Heroes and the Shamakhan Queen,Sergey Glezin,"Valeri Solovyev, Anna Geller, Oleg Kulikovich, Liya Medvedeva, Sergey Makovetskiy",Russia,2010-12-29,2010,6.239,"Animation, Family, Comedy, Adventure",ru,5.688,94,6.239,3000000,20157447,6.72
69597,Movie,Aayirathil Oruvan,Selvaraghavan,"Karthi, R. Parthiban, Reema Sen, Andrea Jeremiah, Prathap Pothan",India,2010-01-14,2010,6.552,"Action, Adventure",ta,5.686,48,6.552,7500000,20000000,2.67
57521,Movie,Black Bread,Agustí Villaronga,"Francesc Colomer, Marina Comas, Nora Navas, Roger Casamajor, Lluïsa Castell",Spain,2010-10-10,2010,6.7,"Crime, Drama",ca,5.516,113,6.7,6000000,3770657,0.63
54524,Movie,The Robber,Benjamin Heisenberg,"Andreas Lust, Michael Welz, Franziska Weisz, Florian Wotruba, Johann Bednar","Austria, Germany",2010-02-26,2010,6.5,"Drama, Thriller, Crime",de,5.322,94,6.5,3900000,208475,0.05
60604,Movie,Hanamizuki,Nobuhiro Doi,"Yui Aragaki, Toma Ikuta, Osamu Mukai, Hiroko Yakushimaru, Misako Renbutsu",Japan,2010-08-21,2010,7.5,"Romance, Drama",ja,5.177,44,7.5,5500000,33020000,6.0
43942,Movie,Freakonomics,"Rachel Grady, Heidi Ewing, Alex Gibney, Seth Gordon, Eugene Jarecki, Morgan Spurlock","Zoe Sloane, Jade Viggiano, Amancaya Aguilar, Kahiry Bess, Alisha Nagarsheth",United States of America,2010-10-01,2010,6.1,Documentary,en,5.159,119,6.1,3000000,103735,0.03
43609,Movie,My Own Love Song,Olivier Dahan,"Renée Zellweger, Forest Whitaker, Madeline Zima, Elias Koteas, Nick Nolte","France, United States of America",2010-04-07,2010,6.254,"Comedy, Drama",en,4.941,59,6.254,1600000,300849,0.19
51273,Movie,Dark World,Anton Megerdichev,"Svetlana Ivanova, Ivan Zhidkov, Elena Panova, Ilya Alekseev, Sergey Ugryumov",Russia,2010-10-07,2010,4.4,"Fantasy, Mystery, Thriller",ru,4.93,52,4.4,3000000,8628997,2.88
51423,Movie,Beyond,Pernilla August,"Noomi Rapace, Ola Rapace, Outi Mäenpää, Ville Virtanen, Tehilla Blad","Denmark, Finland, Sweden",2010-12-10,2010,6.5,Drama,sv,4.812,56,6.5,3000000,4800080,1.6
62077,Movie,Neon Flesh,Paco Cabezas,"Mario Casas, Vicente Romero Sánchez, Macarena Gómez, Luciano Cáceres, Ángela Molina","Argentina, Spain, France, Sweden",2010-10-09,2010,6.0,"Thriller, Action, Comedy",es,4.749,59,6.0,4364700,486756,0.11
49679,Movie,Action Replayy,Vipul Amrutlal Shah,"Akshay Kumar, Aishwarya Rai Bachchan, Aditya Roy Kapur, Neha Dhupia, Randhir Kapoor",India,2010-11-05,2010,5.2,"Comedy, Romance, Science Fiction",hi,4.729,73,5.2,10000000,5000000,0.5
47607,Movie,Tiny Furniture,Lena Dunham,"Lena Dunham, Laurie Simmons, Cyrus Grace Dunham, Rachel Howe, Merritt Wever",United States of America,2010-11-12,2010,5.7,"Romance, Comedy, Drama",en,4.711,159,5.7,65000,416498,6.41
45535,Movie,Fatal,Michaël Youn,"Michaël Youn, Stéphane Rousseau, Armelle, Ary Abittan, Vincent Desagnat",France,2010-06-16,2010,6.0,Comedy,fr,4.701,625,6.0,17289533,8929413,0.52
37941,Movie,Vinnaithaandi Varuvaayaa,Gautham Vasudev Menon,"Silambarasan, Trisha Krishnan, VTV Ganesh, Babu Antony, Lakshmi Ramakrishnan",India,2010-02-26,2010,7.6,"Drama, Romance",ta,4.676,56,7.6,3000000,12000000,4.0
42151,Movie,Down Terrace,Ben Wheatley,"Robin Hill, Robert Hill, Julia Deakin, David Schaal, Kerry Peacock",United Kingdom,2010-07-30,2010,6.184,"Crime, Drama",en,4.675,76,6.184,31192,10000,0.32
63430,Movie,Ye Maaya Chesave,Gautham Vasudev Menon,"Naga Chaitanya Akkineni, Samantha Ruth Prabhu, Krishnudu, Sapan Saran, Sanjay Swaroop",India,2010-02-26,2010,6.8,"Romance, Drama",te,4.629,20,6.8,1700000,2800000,1.65
57186,Movie,Skinning,Stevan Filipović,"Nikola Rakočević, Viktor Savić, Bojana Novaković, Nataša Tapušković, Nikola Kojo",Serbia,2010-10-06,2010,6.104,"Action, Crime, Drama",sr,4.6,48,6.104,500000,288512,0.58
29888,Movie,Dulha Mil Gaya,Mudassar Aziz,"Sushmita Sen, Fardeen Khan, Shah Rukh Khan, Ishita Sharma, Johnny Lever",India,2010-01-08,2010,5.5,"Comedy, Drama, Romance",hi,4.591,32,5.5,5600000,2700000,0.48
44565,Movie,Khatta Meetha,Priyadarshan,"Akshay Kumar, Trisha Krishnan, Rajpal Yadav, Johnny Lever, Makrand Deshpande",India,2010-07-23,2010,5.6,"Comedy, Drama",hi,4.584,63,5.6,7500000,10000000,1.33
57209,Movie,Inadequate People,Roman Karimov,"Ilya Lyubimov, Ingrid Olerinskaya, Yevgeni Tsyganov, Yuliya Takshina, Anastasiya Fedorkova",Russia,2010-12-12,2010,7.2,"Comedy, Romance, Drama",ru,4.562,93,7.2,100000,621262,6.21
31059,Movie,Our Russia: Eggs of Destiny,Gleb Orlov,"Sergey Svetlakov, Mikhail Galustyan, Valeriy Magdyash, Viktor Verzhbitskiy, Aleksandr Semchev",Russia,2010-01-20,2010,4.7,Comedy,ru,4.55,70,4.7,2000000,22212223,11.11
44978,Movie,Golmaal 3,Rohit Shetty,"Ajay Devgn, Arshad Warsi, Shreyas Talpade, Tusshar Kapoor, Kunal Khemu",India,2010-11-05,2010,5.4,"Comedy, Family",hi,4.502,80,5.4,4800000,20000000,4.17
43212,Movie,My Dear Desperado,Kim Kwang-sik,"Park Joong-hoon, Jung Yu-mi, Park Won-sang, Jeong Woo-hyuk, Jeong In-gi",South Korea,2010-05-20,2010,6.8,"Romance, Comedy, Drama",ko,4.494,15,6.8,800000,4214668,5.27
39806,Movie,Princess Kaiulani,Marc Forby,"Q'orianka Kilcher, Barry Pepper, Will Patton, Jimmy Yuill, Shaun Evans",United States of America,2010-05-14,2010,5.738,Drama,en,4.421,40,5.738,9000000,771499,0.09
56853,Movie,We Believed,Mario Martone,"Luigi Lo Cascio, Valerio Binasco, Francesca Inaudi, Andrea Bosca, Edoardo Natoli","France, Italy",2010-11-12,2010,6.5,"History, Drama, Adventure",it,4.378,53,6.5,7000000,2124145,0.3
40777,Movie,I Hate Luv Storys,Punit Malhotra,"Imran Khan, Sonam Kapoor Ahuja, Sammir Dattani, Samir Soni, Bruna Abdullah",India,2010-06-30,2010,5.9,"Comedy, Drama, Romance",hi,4.328,78,5.9,4400000,12000000,2.73
56928,Movie,Meet Monica Velour,Keith Bearden,"Kim Cattrall, Dustin Ingram, Brian Dennehy, Keith David, Sam McMurray",United States of America,2010-06-04,2010,5.4,"Comedy, Drama, Romance",en,4.25,42,5.4,5000000,33042,0.01
44613,Movie,Lafangey Parindey,Pradeep Sarkar,"Neil Nitin Mukesh, Deepika Padukone, Kay Kay Menon, Piyush Mishra, Namit Das",India,2010-08-20,2010,5.9,"Action, Drama, Romance",hi,4.21,22,5.9,4500000,5000000,1.11
43615,Movie,"Lula, the Son of Brazil","Fábio Barreto, Marcelo Santiago","Rui Ricardo Diaz, Glória Pires, Cleo, Juliana Baroni, Milhem Cortaz",Brazil,2010-01-01,2010,5.5,"Drama, History",pt,4.045,80,5.5,9500000,3785593,0.4
119441,Movie,"Hetalia: Axis Powers: Paint It, White!",Bob Shirohata,"Daisuke Namikawa, Hiroki Yasumoto, Hiroki Takahashi, Katsuyuki Konishi, Noriaki Sugiyama",Japan,2010-06-05,2010,7.0,"Animation, History, Comedy",ja,3.963,32,7.0,250000,1950000,7.8
59728,Movie,The 5th Quarter,Rick Bieber,"Aidan Quinn, Andie MacDowell, Ryan Merriman, Michael Harding, Stacy Earl",United States of America,2010-04-08,2010,5.6,Drama,en,3.927,28,5.6,6000000,399611,0.07
46504,Movie,Guy and Madeline on a Park Bench,Damien Chazelle,"Jason Palmer, Desiree Garcia, Sandha Khin, Frank Garvin, Bernard Chazelle",United States of America,2010-03-28,2010,5.4,"Drama, Music, Romance",en,3.92,55,5.4,60000,35556,0.59
12445,Movie,Harry Potter and the Deathly Hallows: Part 2,David Yates,"Daniel Radcliffe, Emma Watson, Rupert Grint, Ralph Fiennes, Alan Rickman","United Kingdom, United States of America",2011-07-12,2011,8.089,"Fantasy, Adventure",en,115.252,20842,8.089,125000000,1341511219,10.73
1865,Movie,Pirates of the Caribbean: On Stranger Tides,Rob Marshall,"Johnny Depp, Penélope Cruz, Geoffrey Rush, Ian McShane, Kevin McNally","United Kingdom, United States of America",2011-05-15,2011,6.556,"Adventure, Action, Fantasy",en,102.748,14166,6.556,379000000,1046721266,2.76
50619,Movie,The Twilight Saga: Breaking Dawn - Part 1,Bill Condon,"Kristen Stewart, Robert Pattinson, Taylor Lautner, Billy Burke, Peter Facinelli",United States of America,2011-11-16,2011,6.196,"Adventure, Fantasy, Romance",en,89.456,8840,6.196,110000000,712171856,6.47
49013,Movie,Cars 2,John Lasseter,"Larry the Cable Guy, Owen Wilson, Michael Caine, Emily Mortimer, Eddie Izzard",United States of America,2011-06-11,2011,6.136,"Animation, Family, Adventure, Comedy",en,85.5,7901,6.136,200000000,559852396,2.8
1771,Movie,Captain America: The First Avenger,Joe Johnston,"Chris Evans, Hayley Atwell, Sebastian Stan, Tommy Lee Jones, Hugo Weaving",United States of America,2011-07-22,2011,7.0,"Action, Adventure, Science Fiction",en,83.313,21654,7.0,140000000,370569774,2.65
10195,Movie,Thor,Kenneth Branagh,"Chris Hemsworth, Natalie Portman, Tom Hiddleston, Anthony Hopkins, Stellan Skarsgård",United States of America,2011-04-21,2011,6.8,"Adventure, Fantasy, Action",en,76.373,21353,6.8,150000000,449326618,3.0
39254,Movie,Real Steel,Shawn Levy,"Hugh Jackman, Dakota Goyo, Evangeline Lilly, Kevin Durand, Anthony Mackie","United States of America, India",2011-09-28,2011,7.046,"Action, Science Fiction, Drama",en,73.536,8478,7.046,110000000,299300000,2.72
77338,Movie,The Intouchables,"Olivier Nakache, Éric Toledano","François Cluzet, Omar Sy, Dominique Henry, Anne Le Ny, Clotilde Mollet",France,2011-11-02,2011,8.273,"Drama, Comedy",fr,72.092,17454,8.273,13000000,426590315,32.81
45243,Movie,The Hangover Part II,Todd Phillips,"Bradley Cooper, Ed Helms, Zach Galifianakis, Justin Bartha, Ken Jeong",United States of America,2011-05-25,2011,6.5,Comedy,en,71.647,10603,6.5,80000000,586764305,7.33
44896,Movie,Rango,Gore Verbinski,"Johnny Depp, Isla Fisher, Ned Beatty, Bill Nighy, Abigail Breslin","United Kingdom, United States of America",2011-03-02,2011,6.867,"Animation, Comedy, Family, Western, Adventure",en,68.597,6597,6.867,135000000,245700000,1.82
417859,Movie,Puss in Boots,Chris Miller,"Antonio Banderas, Salma Hayek Pinault, Zach Galifianakis, Billy Bob Thornton, Amy Sedaris",United States of America,2011-10-27,2011,6.569,"Animation, Family, Fantasy, Adventure, Comedy",en,68.45,4136,6.569,130000000,554987477,4.27
50014,Movie,The Help,Tate Taylor,"Emma Stone, Viola Davis, Bryce Dallas Howard, Octavia Spencer, Jessica Chastain",United States of America,2011-08-09,2011,8.2,Drama,en,65.007,8431,8.2,25000000,216600000,8.66
56292,Movie,Mission: Impossible - Ghost Protocol,Brad Bird,"Tom Cruise, Paula Patton, Simon Pegg, Jeremy Renner, Michael Nyqvist",United States of America,2011-12-07,2011,7.093,"Action, Thriller, Adventure",en,63.143,9994,7.093,145000000,694713380,4.79
49444,Movie,Kung Fu Panda 2,Jennifer Yuh Nelson,"Jack Black, Angelina Jolie, Dustin Hoffman, Gary Oldman, Jackie Chan",United States of America,2011-05-25,2011,7.0,"Animation, Family, Comedy",en,59.677,7311,7.0,150000000,665692281,4.44
50546,Movie,Just Go with It,Dennis Dugan,"Adam Sandler, Jennifer Aniston, Brooklyn Decker, Nicole Kidman, Nick Swardson",United States of America,2011-02-10,2011,6.7,"Comedy, Romance",en,57.87,5771,6.7,80000000,214945591,2.69
46195,Movie,Rio,Carlos Saldanha,"Jesse Eisenberg, Anne Hathaway, Leslie Mann, Jane Lynch, will.i.am",United States of America,2011-04-03,2011,6.7,"Animation, Adventure, Comedy, Family",en,57.399,6748,6.7,90000000,483866772,5.38
27582,Movie,The Mechanic,Simon West,"Jason Statham, Ben Foster, Donald Sutherland, Mini Anden, Tony Goldwyn",United States of America,2011-01-13,2011,6.518,"Action, Thriller, Crime",en,56.226,3298,6.518,40000000,51070807,1.28
41446,Movie,Scream 4,Wes Craven,"David Arquette, Neve Campbell, Courteney Cox, Emma Roberts, Hayden Panettiere",United States of America,2011-04-13,2011,6.5,"Horror, Mystery",en,55.374,3802,6.5,40000000,97231420,2.43
49018,Movie,Insidious,James Wan,"Patrick Wilson, Rose Byrne, Lin Shaye, Ty Simpkins, Barbara Hershey","Canada, United States of America",2011-03-31,2011,6.939,"Horror, Thriller",en,52.249,6859,6.939,1500000,100106454,66.74
63311,Movie,The Skin I Live In,Pedro Almodóvar,"Antonio Banderas, Elena Anaya, Marisa Paredes, Jan Cornet, Roberto Álamo",Spain,2011-08-17,2011,7.5,"Drama, Horror, Mystery, Thriller",es,49.854,4267,7.5,13000000,33750478,2.6
62835,Movie,Colombiana,Olivier Megaton,"Zoe Saldaña, Cliff Curtis, Callum Blue, Michael Vartan, Lennie James",France,2011-07-27,2011,6.634,"Action, Thriller, Crime, Drama",en,49.214,2643,6.634,40000000,71508440,1.79
55779,Movie,Final Destination 5,Steven Quale,"Nicholas D'Agosto, Emma Bell, Miles Fisher, Courtney B. Vance, David Koechner",United States of America,2011-08-12,2011,6.095,"Horror, Mystery",en,48.108,3469,6.095,40000000,157887643,3.95
38321,Movie,Priest,Scott Stewart,"Paul Bettany, Karl Urban, Lily Collins, Maggie Q, Stephen Moyer",United States of America,2011-05-05,2011,5.817,"Action, Fantasy, Horror, Thriller",en,44.387,2292,5.817,60000000,78309131,1.31
50646,Movie,"Crazy, Stupid, Love.","Glenn Ficarra, John Requa","Steve Carell, Ryan Gosling, Julianne Moore, Emma Stone, Lio Tipton",United States of America,2011-07-29,2011,7.3,"Comedy, Drama, Romance",en,44.345,8645,7.3,50000000,145079584,2.9
51876,Movie,Limitless,Neil Burger,"Bradley Cooper, Robert De Niro, Abbie Cornish, Andrew Howard, Anna Friel",United States of America,2011-03-17,2011,7.191,"Thriller, Mystery, Science Fiction",en,43.127,10743,7.191,27000000,161900000,6.0
49530,Movie,In Time,Andrew Niccol,"Justin Timberlake, Amanda Seyfried, Cillian Murphy, Olivia Wilde, Alex Pettyfer",United States of America,2011-10-27,2011,6.97,"Action, Thriller, Science Fiction",en,43.032,11496,6.97,40000000,173900000,4.35
61791,Movie,Rise of the Planet of the Apes,Rupert Wyatt,"Andy Serkis, James Franco, Freida Pinto, John Lithgow, Brian Cox","United Kingdom, United States of America",2011-08-03,2011,7.3,"Thriller, Action, Drama, Science Fiction",en,41.497,12041,7.3,93000000,481800873,5.18
64690,Movie,Drive,Nicolas Winding Refn,"Ryan Gosling, Carey Mulligan, Bryan Cranston, Albert Brooks, Oscar Isaac",United States of America,2011-09-15,2011,7.58,"Drama, Thriller, Crime",en,39.282,12760,7.58,15000000,78100000,5.21
49730,Movie,Red Riding Hood,Catherine Hardwicke,"Amanda Seyfried, Gary Oldman, Billy Burke, Shiloh Fernandez, Max Irons","Canada, United States of America",2011-03-10,2011,6.0,"Thriller, Drama, Fantasy, Mystery, Horror",en,38.231,3165,6.0,42000000,89162162,2.12
39513,Movie,Paul,Greg Mottola,"Simon Pegg, Nick Frost, Seth Rogen, Jason Bateman, Kristen Wiig","United Kingdom, United States of America",2011-02-14,2011,6.7,"Adventure, Comedy, Science Fiction",en,38.158,5827,6.7,40000000,98000000,2.45
51828,Movie,One Day,Lone Scherfig,"Anne Hathaway, Jim Sturgess, Tom Mison, Jodie Whittaker, Rafe Spall","United Kingdom, United States of America",2011-03-02,2011,7.422,"Drama, Romance",en,37.976,4284,7.422,15000000,59400000,3.96
71859,Movie,We Need to Talk About Kevin,Lynne Ramsay,"Tilda Swinton, John C. Reilly, Ezra Miller, Jasper Newell, Rock Duer","United Kingdom, United States of America",2011-09-28,2011,7.5,"Drama, Thriller",en,37.727,2842,7.5,7000000,10800000,1.54
41513,Movie,The Smurfs,Raja Gosnell,"Hank Azaria, Neil Patrick Harris, Jayma Mays, Jonathan Winters, Katy Perry",United States of America,2011-07-29,2011,5.8,"Animation, Family, Adventure, Comedy, Fantasy",en,36.572,3783,5.8,110000000,563749323,5.12
71676,Movie,Ghost Rider: Spirit of Vengeance,"Brian Taylor, Mark Neveldine","Nicolas Cage, Fergus Riordan, Violante Placido, Ciarán Hinds, Johnny Whitworth","United Arab Emirates, United States of America",2011-12-10,2011,5.008,"Action, Fantasy, Thriller",en,36.13,3827,5.008,57000000,132563930,2.33
65754,Movie,The Girl with the Dragon Tattoo,David Fincher,"Daniel Craig, Rooney Mara, Christopher Plummer, Stellan Skarsgård, Robin Wright","Sweden, United States of America",2011-12-14,2011,7.4,"Thriller, Crime, Mystery",en,35.218,7070,7.4,90000000,232617430,2.58
46529,Movie,I Am Number Four,D.J. Caruso,"Alex Pettyfer, Dianna Agron, Teresa Palmer, Timothy Olyphant, Kevin Durand","India, United States of America",2011-02-18,2011,6.18,"Action, Thriller, Science Fiction, Adventure",en,34.708,4703,6.18,50000000,149900000,3.0
58574,Movie,Sherlock Holmes: A Game of Shadows,Guy Ritchie,"Robert Downey Jr., Jude Law, Noomi Rapace, Jared Harris, Rachel McAdams",United States of America,2011-11-22,2011,7.139,"Adventure, Action, Crime, Mystery",en,34.316,10397,7.139,125000000,334615000,2.68
37958,Movie,Immortals,Tarsem Singh,"Henry Cavill, Mickey Rourke, Stephen Dorff, Freida Pinto, Luke Evans",United States of America,2011-11-10,2011,6.0,"Fantasy, Action, Drama",en,34.306,2613,6.0,75000000,226904017,3.03
17578,Movie,The Adventures of Tintin,Steven Spielberg,"Jamie Bell, Andy Serkis, Daniel Craig, Nick Frost, Simon Pegg","New Zealand, United States of America",2011-10-24,2011,6.899,"Adventure, Animation, Mystery",en,34.144,5430,6.899,130000000,373993951,2.88
44943,Movie,Battle: Los Angeles,Jonathan Liebesman,"Aaron Eckhart, Ramón Rodríguez, Will Rothhaar, Michael Peña, Bridget Moynahan",United States of America,2011-03-08,2011,5.799,"Science Fiction, Action",en,33.576,3483,5.799,70000000,211800000,3.03
59436,Movie,Midnight in Paris,Woody Allen,"Owen Wilson, Rachel McAdams, Kathy Bates, Kurt Fuller, Adrien Brody","France, Spain, United States of America",2011-05-11,2011,7.5,"Fantasy, Comedy, Romance",en,33.362,7336,7.5,17000000,151119219,8.89
41630,Movie,No Strings Attached,Ivan Reitman,"Natalie Portman, Ashton Kutcher, Kevin Kline, Cary Elwes, Greta Gerwig",United States of America,2011-01-21,2011,6.3,"Comedy, Romance",en,32.891,4728,6.3,25000000,149200000,5.97
50544,Movie,Friends with Benefits,Will Gluck,"Justin Timberlake, Mila Kunis, Jenna Elfman, Patricia Clarkson, Woody Harrelson",United States of America,2011-07-21,2011,6.7,"Romance, Comedy",en,32.042,7987,6.7,35000000,149500000,4.27
55721,Movie,Bridesmaids,Paul Feig,"Kristen Wiig, Maya Rudolph, Rose Byrne, Chris O'Dowd, Wendi McLendon-Covey",United States of America,2011-05-13,2011,6.523,"Comedy, Romance",en,31.413,4396,6.523,32500000,288383523,8.87
45612,Movie,Source Code,Duncan Jones,"Jake Gyllenhaal, Michelle Monaghan, Vera Farmiga, Jeffrey Wright, Michael Arden","Canada, France, United States of America",2011-03-30,2011,7.302,"Thriller, Science Fiction, Mystery",en,31.409,8441,7.302,32000000,147332697,4.6
44912,Movie,Green Lantern,Martin Campbell,"Ryan Reynolds, Blake Lively, Peter Sarsgaard, Mark Strong, Tim Robbins",United States of America,2011-06-14,2011,5.2,"Adventure, Action, Thriller, Science Fiction",en,31.223,7281,5.2,200000000,219851172,1.1
59440,Movie,Warrior,Gavin O'Connor,"Joel Edgerton, Tom Hardy, Nick Nolte, Jennifer Morrison, Frank Grillo",United States of America,2011-09-09,2011,7.842,"Drama, Action",en,30.589,4628,7.842,25000000,23300000,0.93
55846,Movie,Blitz,Elliott Lester,"Jason Statham, Paddy Considine, Aidan Gillen, Zawe Ashton, Luke Evans","France, United Kingdom, United States of America",2011-05-20,2011,6.177,"Crime, Action, Thriller",en,30.12,1664,6.177,15774948,15800000,1.0
50839,Movie,Margin Call,J.C. Chandor,"Kevin Spacey, Zachary Quinto, Paul Bettany, Jeremy Irons, Simon Baker",United States of America,2011-09-28,2011,6.9,"Thriller, Drama",en,30.117,1832,6.9,3500000,19504039,5.57
55301,Movie,Alvin and the Chipmunks: Chipwrecked,Mike Mitchell,"Jason Lee, David Cross, Jenny Slate, Justin Long, Matthew Gray Gubler",United States of America,2011-12-14,2011,5.7,"Comedy, Fantasy, Family, Music, Animation",en,28.844,2205,5.7,75000000,342695435,4.57
60307,Movie,Diary of a Wimpy Kid: Rodrick Rules,David Bowers,"Zachary Gordon, Devon Bostick, Robert Capron, Steve Zahn, Rachael Harris",United States of America,2011-03-25,2011,6.6,"Family, Comedy",en,28.707,1145,6.6,21000000,72526996,3.45
81481,Movie,Silenced,Hwang Dong-hyuk,"Gong Yoo, Jung Yu-mi, Kim Hyun-soo, Jung In-seo, Baek Seung-hwan",South Korea,2011-09-22,2011,8.1,Drama,ko,27.684,658,8.1,2200000,31500000,14.32
37430,Movie,Conan the Barbarian,Marcus Nispel,"Jason Momoa, Stephen Lang, Rachel Nichols, Ron Perlman, Rose McGowan",United States of America,2011-08-17,2011,5.3,"Adventure, Fantasy, Action",en,27.466,1879,5.3,90000000,63523283,0.71
23047,Movie,Season of the Witch,Dominic Sena,"Nicolas Cage, Ron Perlman, Ulrich Thomsen, Christopher Lee, Fernanda Dorogi",United States of America,2011-01-07,2011,5.5,"Adventure, Fantasy, Action",en,27.267,2443,5.5,40000000,91627228,2.29
51540,Movie,Horrible Bosses,Seth Gordon,"Jason Bateman, Charlie Day, Jason Sudeikis, Kevin Spacey, Jennifer Aniston",United States of America,2011-07-08,2011,6.6,"Comedy, Crime",en,27.209,6398,6.6,35000000,209838559,6.0
37686,Movie,Super 8,J.J. Abrams,"Joel Courtney, Elle Fanning, Riley Griffiths, Kyle Chandler, Noah Emmerich",United States of America,2011-06-08,2011,6.8,"Thriller, Science Fiction, Mystery",en,27.009,6640,6.8,50000000,260100000,5.2
68817,Movie,Footloose,Craig Brewer,"Dennis Quaid, Kenny Wormald, Julianne Hough, Andie MacDowell, Miles Teller",United States of America,2011-10-06,2011,6.6,"Drama, Music, Romance",en,26.554,1652,6.6,24000000,63543328,2.65
49520,Movie,The Change-Up,David Dobkin,"Jason Bateman, Ryan Reynolds, Leslie Mann, Olivia Wilde, Alan Arkin",United States of America,2011-08-05,2011,6.152,Comedy,en,26.248,2782,6.152,52000000,75500000,1.45
74465,Movie,We Bought a Zoo,Cameron Crowe,"Matt Damon, Scarlett Johansson, Thomas Haden Church, Colin Ford, Maggie Elizabeth Jones",United States of America,2011-12-08,2011,6.8,"Drama, Comedy, Family",en,26.087,2732,6.8,50000000,120081841,2.4
50348,Movie,The Lincoln Lawyer,Brad Furman,"Matthew McConaughey, Ryan Phillippe, William H. Macy, Marisa Tomei, Josh Lucas",United States of America,2011-03-17,2011,7.2,"Crime, Drama, Thriller",en,26.037,3319,7.2,40000000,85412898,2.14
60935,Movie,The Thing,Matthijs van Heijningen Jr.,"Mary Elizabeth Winstead, Joel Edgerton, Ulrich Thomsen, Eric Christian Olsen, Adewale Akinnuoye-Agbaje",United States of America,2011-10-12,2011,6.2,"Horror, Science Fiction, Mystery",en,25.762,2962,6.2,35000000,31505287,0.9
23629,Movie,Sucker Punch,Zack Snyder,"Emily Browning, Abbie Cornish, Jena Malone, Vanessa Hudgens, Jamie Chung","Canada, United States of America",2011-03-24,2011,6.2,"Action, Fantasy, Thriller",en,25.719,4760,6.2,82000000,89792502,1.1
76025,Movie,Shame,Steve McQueen,"Michael Fassbender, Carey Mulligan, James Badge Dale, Nicole Beharie, Lucy Walters","Canada, United Kingdom",2011-10-02,2011,6.9,Drama,en,25.536,3195,6.9,6500000,3909002,0.6
49021,Movie,Killer Elite,Gary McKendry,"Jason Statham, Clive Owen, Robert De Niro, Dominic Purcell, Aden Young","Australia, United States of America",2011-09-22,2011,6.3,"Action, Adventure, Thriller",en,25.503,2153,6.3,66000000,57777106,0.88
72213,Movie,Courageous,Alex Kendrick,"Ken Bevel, Alex Kendrick, Kevin Downes, Renee Jewell, Rusty Martin",United States of America,2011-09-30,2011,7.6,Drama,en,25.052,373,7.6,1000000,35690739,35.69
74513,Movie,Special Forces,Stéphane Rybojad,"Diane Kruger, Djimon Hounsou, Benoît Magimel, Denis Ménochet, Raphaël Personnaz",France,2011-11-02,2011,6.7,"Action, Drama, War",fr,24.556,584,6.7,10000000,3424648,0.34
58233,Movie,Johnny English Reborn,Oliver Parker,"Rowan Atkinson, Gillian Anderson, Dominic West, Rosamund Pike, Daniel Kaluuya","United Kingdom, United States of America",2011-09-15,2011,6.2,"Crime, Action, Comedy",en,24.518,3333,6.2,45000000,160078586,3.56
56288,Movie,Spy Kids: All the Time in the World,Robert Rodriguez,"Jessica Alba, Joel McHale, Rowan Blanchard, Mason Cook, Jeremy Piven",United States of America,2011-08-18,2011,4.7,"Family, Comedy, Action, Adventure, Drama, Fantasy, Science Fiction",en,24.493,994,4.7,27000000,85564310,3.17
38322,Movie,"Big Mommas: Like Father, Like Son",John Whitesell,"Martin Lawrence, Brandon T. Jackson, Jessica Lucas, Michelle Ang, Portia Doubleday",United States of America,2011-02-16,2011,5.5,"Crime, Comedy, Action",en,24.276,1235,5.5,32000000,82686066,2.58
49849,Movie,Cowboys & Aliens,Jon Favreau,"Daniel Craig, Harrison Ford, Olivia Wilde, Sam Rockwell, Adam Beach","India, United States of America",2011-07-29,2011,5.621,"Action, Science Fiction, Thriller, Western",en,24.165,5089,5.621,163000000,174822325,1.07
38050,Movie,The Adjustment Bureau,George Nolfi,"Matt Damon, Emily Blunt, John Slattery, Anthony Mackie, Michael Kelly",United States of America,2011-03-03,2011,6.762,"Science Fiction, Thriller, Romance",en,24.135,4574,6.762,50200000,127900000,2.55
60308,Movie,Moneyball,Bennett Miller,"Brad Pitt, Jonah Hill, Philip Seymour Hoffman, Robin Wright, Chris Pratt",United States of America,2011-09-23,2011,7.3,Drama,en,23.982,5241,7.3,50000000,110206216,2.2
65759,Movie,Happy Feet Two,George Miller,"Elijah Wood, Robin Williams, Pink, E. G. Daily, Johnny A. Sanchez","Australia, United States of America",2011-11-17,2011,6.2,"Animation, Comedy, Family",en,23.923,1627,6.2,130000000,150406466,1.16
58428,Movie,The Innkeepers,Ti West,"Sara Paxton, Pat Healy, Kelly McGillis, George Riddle, Lena Dunham",United States of America,2011-08-18,2011,5.399,"Horror, Thriller",en,23.325,655,5.399,750000,78396,0.1
57212,Movie,War Horse,Steven Spielberg,"Jeremy Irvine, Peter Mullan, Emily Watson, Niels Arestrup, David Thewlis","India, United States of America",2011-12-25,2011,7.3,"War, History, Adventure",en,22.802,3434,7.3,66000000,177584879,2.69
39538,Movie,Contagion,Steven Soderbergh,"Marion Cotillard, Matt Damon, Laurence Fishburne, Jude Law, Kate Winslet","United States of America, United Arab Emirates",2011-09-08,2011,6.6,"Drama, Thriller, Science Fiction",en,22.793,6136,6.6,60000000,137551594,2.29
52449,Movie,Bad Teacher,Jake Kasdan,"Cameron Diaz, Jason Segel, Justin Timberlake, Lucy Punch, John Michael Higgins",United States of America,2011-05-16,2011,5.6,Comedy,en,22.234,4713,5.6,20000000,216197492,10.81
50321,Movie,Mars Needs Moms,Simon Wells,"Seth Green, Joan Cusack, Dan Fogler, Breckin Meyer, Elisabeth Harnois",United States of America,2011-03-09,2011,5.949,"Adventure, Animation, Family",en,22.186,705,5.949,150000000,39000000,0.26
48340,Movie,Sanctum,Alister Grierson,"Richard Roxburgh, Ioan Gruffudd, Rhys Wakefield, Alice Parkinson, Dan Wyllie","United States of America, Australia",2011-02-03,2011,6.0,"Action, Thriller",en,21.97,1065,6.0,30000000,108609310,3.62
38543,Movie,Ironclad,Jonathan English,"James Purefoy, Kate Mara, Jason Flemyng, Paul Giamatti, Brian Cox","United Kingdom, United States of America",2011-03-03,2011,6.1,"Romance, Adventure, Action, History",en,21.938,743,6.1,25000000,5151023,0.21
49517,Movie,Tinker Tailor Soldier Spy,Tomas Alfredson,"Gary Oldman, Colin Firth, Tom Hardy, John Hurt, Toby Jones","France, Germany, United Kingdom, Turkey",2011-09-16,2011,6.621,"Drama, Thriller, Mystery",en,21.5,2667,6.621,30000000,80600000,2.69
59860,Movie,Monte Carlo,Thomas Bezucha,"Selena Gomez, Katie Cassidy, Leighton Meester, Cory Monteith, Andie MacDowell",United States of America,2011-07-01,2011,6.6,"Adventure, Comedy, Romance",en,21.43,2146,6.6,20000000,39800000,1.99
44826,Movie,Hugo,Martin Scorsese,"Asa Butterfield, Ben Kingsley, Chloë Grace Moretz, Sacha Baron Cohen, Ray Winstone","United Kingdom, United States of America",2011-11-22,2011,7.2,"Adventure, Drama, Family",en,21.245,7254,7.2,170000000,185770160,1.09
45772,Movie,Gnomeo & Juliet,Kelly Asbury,"James McAvoy, Emily Blunt, Michael Caine, Maggie Smith, Julie Walters","United Kingdom, United States of America, Canada",2011-01-13,2011,5.862,"Animation, Family",en,21.178,1968,5.862,36000000,189712432,5.27
72571,Movie,Paranormal Activity 3,"Henry Joost, Ariel Schulman","Katie Featherston, Sprague Grayden, Lauren Bittner, Christopher Nicholas Smith, Chloe Csengery",United States of America,2011-10-19,2011,5.9,"Horror, Mystery",en,21.114,2206,5.9,5000000,207039844,41.41
38317,Movie,Zookeeper,Frank Coraci,"Kevin James, Rosario Dawson, Leslie Bibb, Joe Rogan, Nat Faxon",United States of America,2011-07-06,2011,5.42,"Comedy, Romance, Family",en,21.011,1674,5.42,80000000,169900000,2.12
71469,Movie,The Darkest Hour,Chris Gorak,"Emile Hirsch, Rachael Taylor, Olivia Thirlby, Joel Kinnaman, Max Minghella","United States of America, Russia",2011-12-22,2011,5.3,"Horror, Action, Thriller, Science Fiction",en,20.849,1480,5.3,30000000,64626786,2.15
57089,Movie,Hoodwinked Too! Hood VS. Evil,Mike Disa,"Hayden Panettiere, Glenn Close, Patrick Warburton, David Ogden Stiers, Joan Cusack",United States of America,2011-04-29,2011,5.1,"Comedy, Animation, Family",en,20.742,542,5.1,30000000,13500000,0.45
52451,Movie,The Three Musketeers,Paul W. S. Anderson,"Logan Lerman, Milla Jovovich, Matthew Macfadyen, Ray Stevenson, Luke Evans","United States of America, United Kingdom, Germany, France",2011-08-31,2011,5.8,"Adventure, Action, Thriller",en,20.393,2639,5.8,75000000,132274484,1.76
10316,Movie,The Ides of March,George Clooney,"Ryan Gosling, George Clooney, Philip Seymour Hoffman, Paul Giamatti, Evan Rachel Wood",United States of America,2011-10-07,2011,6.7,Drama,en,20.383,2508,6.7,12500000,76338111,6.11
71880,Movie,Jack and Jill,Dennis Dugan,"Adam Sandler, Al Pacino, Katie Holmes, Elodie Tougne, Rohan Chand","Spain, United States of America",2011-11-11,2011,4.4,"Comedy, Family",en,20.365,2115,4.4,79000000,149700000,1.89
58224,Movie,Mr. Popper's Penguins,Mark Waters,"Jim Carrey, Carla Gugino, Angela Lansbury, Ophelia Lovibond, Madeline Carroll",United States of America,2011-06-17,2011,6.0,"Comedy, Family",en,20.187,2991,6.0,55000000,187361754,3.41
59108,Movie,Tower Heist,Brett Ratner,"Ben Stiller, Eddie Murphy, Casey Affleck, Alan Alda, Matthew Broderick",United States of America,2011-11-02,2011,6.106,"Action, Comedy",en,20.169,2987,6.106,75000000,152930623,2.04
58151,Movie,Fright Night,Craig Gillespie,"Anton Yelchin, Colin Farrell, Toni Collette, David Tennant, Imogen Poots","India, United States of America",2011-08-18,2011,6.2,"Horror, Comedy",en,20.047,1947,6.2,30000000,41002607,1.37
40805,Movie,The Green Hornet,Michel Gondry,"Seth Rogen, Jay Chou, Cameron Diaz, Tom Wilkinson, Christoph Waltz",United States of America,2011-01-12,2011,5.584,"Action, Crime, Comedy",en,19.973,3251,5.584,120000000,227817248,1.9
59861,Movie,Larry Crowne,Tom Hanks,"Tom Hanks, Julia Roberts, Bryan Cranston, Cedric the Entertainer, Pam Grier","France, United States of America",2011-06-30,2011,6.0,"Comedy, Romance, Drama",en,19.923,1319,6.0,30000000,75055070,2.5
64586,Movie,Sleeping Beauty,Julia Leigh,"Emily Browning, Rachael Blake, Ewen Leslie, Peter Carroll, Chris Haywood",Australia,2011-06-10,2011,5.3,"Drama, Romance",en,19.505,620,5.3,10000000,408680,0.04
48138,Movie,Unknown,Jaume Collet-Serra,"Liam Neeson, Diane Kruger, January Jones, Aidan Quinn, Bruno Ganz",United States of America,2011-02-16,2011,6.678,"Action, Mystery, Thriller",en,19.505,3899,6.678,30000000,130786397,4.36
62838,Movie,New Year's Eve,Garry Marshall,"Hilary Swank, Robert De Niro, Michelle Pfeiffer, Josh Duhamel, Sarah Jessica Parker",United States of America,2011-12-08,2011,5.9,"Comedy, Romance",en,19.452,2143,5.9,56000000,142000000,2.54
101173,Movie,Coriolanus,Ralph Fiennes,"Ralph Fiennes, Gerard Butler, Lubna Azabal, Ashraf Barhom, Jessica Chastain","Italy, Montenegro, Serbia, United States of America",2011-02-14,2011,5.853,"Drama, Thriller",en,19.434,453,5.853,7700000,1072602,0.14
48171,Movie,The Rite,Mikael Håfström,"Anthony Hopkins, Colin O'Donoghue, Alice Braga, Rutger Hauer, Ciarán Hinds","United States of America, Hungary",2011-01-28,2011,6.105,"Drama, Thriller, Horror",en,19.256,2094,6.105,37000000,96047633,2.6
48988,Movie,Hall Pass,"Bobby Farrelly, Peter Farrelly","Owen Wilson, Jason Sudeikis, Jenna Fischer, Christina Applegate, Nicky Whelan",United States of America,2011-02-25,2011,5.7,"Comedy, Romance",en,19.185,1980,5.7,36000000,83200000,2.31
49022,Movie,Something Borrowed,Luke Greenfield,"Ginnifer Goodwin, Kate Hudson, Colin Egglesfield, John Krasinski, Steve Howey",United States of America,2011-05-05,2011,6.3,"Comedy, Drama, Romance",en,18.995,1040,6.3,35000000,65090821,1.86
59965,Movie,Abduction,John Singleton,"Taylor Lautner, Lily Collins, Alfred Molina, Sigourney Weaver, Jason Isaacs",United States of America,2011-09-22,2011,5.86,"Thriller, Action, Mystery",en,18.782,2884,5.86,35000000,82087155,2.35
47327,Movie,Drive Angry,Patrick Lussier,"Nicolas Cage, Amber Heard, William Fichtner, Billy Burke, David Morse",United States of America,2011-02-24,2011,5.533,"Fantasy, Thriller, Action, Crime",en,18.463,1877,5.533,50000000,40909909,0.82
51162,Movie,Winnie the Pooh,"Don Hall, Stephen J. Anderson","Jim Cummings, Bud Luckey, Craig Ferguson, Travis Oates, Tom Kenny",United States of America,2011-04-06,2011,6.9,"Animation, Family, Comedy, Adventure",en,18.46,883,6.9,30000000,14460000,0.48
50359,Movie,Hop,Tim Hill,"Russell Brand, James Marsden, Kaley Cuoco, Hank Azaria, Elizabeth Perkins","Japan, United States of America",2011-03-30,2011,5.766,"Animation, Comedy, Family",en,18.298,1286,5.766,63000000,183953723,2.92
45610,Movie,Machine Gun Preacher,Marc Forster,"Gerard Butler, Michelle Monaghan, Kathy Baker, Richard Goteri, Peter Carey",United States of America,2011-09-23,2011,6.7,"Action, Thriller, Crime",en,18.288,1054,6.7,30000000,2527904,0.08
65055,Movie,Shark Night 3D,David R. Ellis,"Sara Paxton, Dustin Milligan, Chris Carmack, Katharine McPhee, Joel David Moore",United States of America,2011-09-02,2011,4.992,"Thriller, Horror",en,17.823,545,4.992,28000000,10126458,0.36
67913,Movie,The Guard,John Michael McDonagh,"Brendan Gleeson, Don Cheadle, Liam Cunningham, Mark Strong, Katarina Čas","Ireland, United Kingdom, United States of America",2011-07-07,2011,7.0,"Action, Comedy, Thriller, Crime",en,17.725,1242,7.0,6000000,19560274,3.26
76758,Movie,The Flowers of War,Zhang Yimou,"Christian Bale, Ni Ni, Tong Dawei, Zhang Xinyi, Shigeo Kobayashi","China, Hong Kong",2011-12-15,2011,7.5,"Drama, History, War",zh,17.696,804,7.5,94000000,95311434,1.01
38684,Movie,Jane Eyre,Cary Joji Fukunaga,"Mia Wasikowska, Michael Fassbender, Jamie Bell, Sally Hawkins, Simon McBurney",United Kingdom,2011-03-11,2011,7.212,"Drama, Romance",en,17.391,1471,7.212,13000000,34710627,2.67
77459,Movie,A Monster in Paris,Bibo Bergeron,"Vanessa Paradis, Matthieu Chedid, Gad Elmaleh, François Cluzet, Ludivine Sagnier",France,2011-10-12,2011,6.881,"Adventure, Animation, Comedy, Family, Fantasy",fr,17.175,1267,6.881,25000000,26611650,1.06
55465,Movie,A Very Harold & Kumar Christmas,Todd Strauss-Schulson,"John Cho, Kal Penn, Paula Garcés, Neil Patrick Harris, Elias Koteas",United States of America,2011-11-04,2011,6.0,Comedy,en,17.145,974,6.0,19000000,36192775,1.9
70435,Movie,Haywire,Steven Soderbergh,"Gina Carano, Michael Angarano, Channing Tatum, Michael Douglas, Antonio Banderas",United States of America,2011-11-01,2011,5.701,"Action, Thriller, Drama",en,17.139,1371,5.701,23000000,33372606,1.45
83389,Movie,From Up on Poppy Hill,Goro Miyazaki,"Masami Nagasawa, Junichi Okada, Keiko Takeshita, Yuriko Ishida, Rumi Hiiragi",Japan,2011-07-16,2011,7.537,"Animation, Drama",ja,17.118,1785,7.537,22000000,61037844,2.77
51052,Movie,Arthur Christmas,Sarah Smith,"James McAvoy, Hugh Laurie, Bill Nighy, Jim Broadbent, Imelda Staunton","United Kingdom, United States of America",2011-11-10,2011,6.8,"Drama, Animation, Family, Comedy",en,17.088,1503,6.8,10000000,151300000,15.13
62215,Movie,Melancholia,Lars von Trier,"Kirsten Dunst, Charlotte Gainsbourg, Kiefer Sutherland, Alexander Skarsgård, Cameron Spurr","Denmark, France, Germany, Sweden",2011-05-26,2011,7.171,"Drama, Science Fiction",en,16.699,3539,7.171,7400000,15946321,2.15
49494,Movie,The Eagle,Kevin Macdonald,"Channing Tatum, Mark Strong, Jamie Bell, Donald Sutherland, Denis O'Hare",United States of America,2011-02-08,2011,6.2,"Adventure, Drama",en,16.63,1315,6.2,25000000,27122040,1.08
62206,Movie,30 Minutes or Less,Ruben Fleischer,"Jesse Eisenberg, Aziz Ansari, Danny McBride, Nick Swardson, Dilshad Vadsaria",United States of America,2011-08-11,2011,5.782,"Action, Adventure, Comedy",en,16.429,1718,5.782,28000000,40500000,1.45
63492,Movie,What's Your Number?,Mark Mylod,"Anna Faris, Chris Evans, Ari Graynor, Blythe Danner, Ed Begley Jr.",United States of America,2011-09-30,2011,6.5,"Comedy, Romance",en,16.33,2343,6.5,20000000,30426096,1.52
38356,Movie,Transformers: Dark of the Moon,Michael Bay,"Shia LaBeouf, Rosie Huntington-Whiteley, Peter Cullen, Leonard Nimoy, John Turturro",United States of America,2011-06-28,2011,6.209,"Action, Science Fiction, Adventure",en,16.224,8413,6.209,195000000,1123794079,5.76
85621,Movie,Men in Hope,Jiří Vejdělek,"Bolek Polívka, Jiří Macháček, Petra Hřebíčková, Simona Stašová, Vica Kerekes",Czech Republic,2011-08-25,2011,7.467,"Comedy, Romance",cs,16.099,165,7.467,1130710,6638849,5.87
70578,Movie,Trespass,Joel Schumacher,"Nicolas Cage, Nicole Kidman, Ben Mendelsohn, Liana Liberato, Cam Gigandet",United States of America,2011-10-13,2011,5.5,Thriller,en,16.05,1147,5.5,36000000,9612469,0.27
55292,Movie,Shaolin,Benny Chan Muk-Sing,"Andy Lau Tak-Wah, Nicholas Tse Ting-Fung, Fan Bingbing, Jackie Chan, Wu Jing","China, Hong Kong",2011-01-20,2011,6.9,"Action, Drama",zh,15.931,368,6.9,29000000,33662874,1.16
8967,Movie,The Tree of Life,Terrence Malick,"Brad Pitt, Sean Penn, Jessica Chastain, Hunter McCracken, Laramie Eppler",United States of America,2011-05-17,2011,6.737,"Drama, Fantasy",en,15.661,3106,6.737,32000000,54700000,1.71
50456,Movie,Hanna,Joe Wright,"Saoirse Ronan, Eric Bana, Cate Blanchett, Tom Hollander, Jessica Barden","Germany, United States of America",2011-04-07,2011,6.6,"Action, Thriller, Adventure",en,15.492,3409,6.6,30000000,63782078,2.13
64685,Movie,Extremely Loud & Incredibly Close,Stephen Daldry,"Tom Hanks, Sandra Bullock, Thomas Horn, Viola Davis, John Goodman",United States of America,2011-12-25,2011,6.975,Drama,en,15.469,2019,6.975,40000000,55200000,1.38
69668,Movie,Dream House,Jim Sheridan,"Daniel Craig, Naomi Watts, Rachel Weisz, Marton Csokas, Elias Koteas","Canada, United States of America",2011-09-29,2011,6.182,"Mystery, Drama, Thriller",en,15.468,1358,6.182,50000000,39984400,0.8
61202,Movie,Zindagi Na Milegi Dobara,Zoya Akhtar,"Hrithik Roshan, Abhay Deol, Farhan Akhtar, Katrina Kaif, Kalki Koechlin","India, Spain",2011-07-15,2011,7.6,"Drama, Comedy, Romance",hi,15.34,355,7.6,7700000,160000000,20.78
50837,Movie,Martha Marcy May Marlene,Sean Durkin,"Elizabeth Olsen, Sarah Paulson, Hugh Dancy, John Hawkes, Brady Corbet",United States of America,2011-10-21,2011,6.616,"Drama, Thriller",en,15.261,751,6.616,1000000,3500000,3.5
38117,Movie,Beastly,Daniel Barnz,"Alex Pettyfer, Vanessa Hudgens, Mary-Kate Olsen, LisaGay Hamilton, Neil Patrick Harris",United States of America,2011-01-21,2011,6.3,"Romance, Fantasy, Drama",en,15.259,2775,6.3,17000000,43200000,2.54
65650,Movie,The Good Doctor,Lance Daly,"Orlando Bloom, Riley Keough, Taraji P. Henson, Rob Morrow, Michael Peña",United States of America,2011-04-23,2011,6.2,"Drama, Thriller, Mystery",en,15.205,247,6.2,6000000,5206,0.0
65057,Movie,The Descendants,Alexander Payne,"George Clooney, Shailene Woodley, Amara Miller, Nick Krause, Patricia Hastie",United States of America,2011-09-09,2011,6.8,"Comedy, Drama",en,15.129,2824,6.8,20000000,177200000,8.86
57331,Movie,Largo Winch II,Jérôme Salle,"Tomer Sisley, Sharon Stone, Ulrich Tukur, Olivier Barthélémy, Napakpapha Nakprasitte","Belgium, France, Hong Kong",2011-02-16,2011,5.873,"Action, Adventure, Thriller",fr,15.017,363,5.873,21200000,14400000,0.68
40807,Movie,50/50,Jonathan Levine,"Joseph Gordon-Levitt, Seth Rogen, Anna Kendrick, Bryce Dallas Howard, Philip Baker Hall",United States of America,2011-09-30,2011,7.169,"Comedy, Drama",en,14.882,3809,7.169,8000000,39187783,4.9
77949,Movie,The Awakening,Nick Murphy,"Rebecca Hall, Dominic West, Imelda Staunton, Isaac Hempstead Wright, Lucy Cohu","United Kingdom, France",2011-08-17,2011,6.372,"Horror, Thriller, Mystery",en,14.65,1403,6.372,4798235,6879667,1.43
64720,Movie,Take Shelter,Jeff Nichols,"Michael Shannon, Jessica Chastain, Shea Whigham, Tova Stewart, Katy Mixon",United States of America,2011-09-30,2011,7.0,"Thriller, Drama, Horror",en,14.539,1794,7.0,5000000,3741098,0.75
81390,Movie,A Lonely Place to Die,Julian Gilbey,"Melissa George, Ed Speleers, Eamonn Walker, Alec Newman, Karel Roden",United Kingdom,2011-04-09,2011,6.2,"Adventure, Action, Thriller, Crime",en,14.466,585,6.2,4000000,25345000,6.34
57431,Movie,The Sitter,David Gordon Green,"Jonah Hill, Landry Bender, Max Records, Kevin Hernandez, Ari Graynor",United States of America,2011-12-09,2011,5.6,Comedy,en,14.429,948,5.6,25000000,34942188,1.4
64328,Movie,The Muppets,James Bobin,"Jason Segel, Amy Adams, Chris Cooper, Rashida Jones, Steve Whitmire",United States of America,2011-11-22,2011,6.7,"Comedy, Family, Music",en,14.399,1584,6.7,45000000,165184237,3.67
74998,Movie,Seeking Justice,Roger Donaldson,"Nicolas Cage, January Jones, Guy Pearce, Harold Perrineau, Jennifer Carpenter",United States of America,2011-09-02,2011,5.912,"Action, Drama, Thriller",en,14.123,1008,5.912,17000000,14089528,0.83
64639,Movie,Straw Dogs,Rod Lurie,"James Marsden, Kate Bosworth, Alexander Skarsgård, Dominic Purcell, Laz Alonso",United States of America,2011-09-16,2011,5.923,"Drama, Thriller",en,13.813,574,5.923,25000000,10324441,0.41
48572,Movie,Red State,Kevin Smith,"Michael Parks, John Goodman, Melissa Leo, Michael Angarano, Kyle Gallner","Canada, United States of America",2011-08-19,2011,6.1,"Horror, Action, Thriller",en,13.762,951,6.1,4000000,1104682,0.28
9364,Movie,Wuthering Heights,Andrea Arnold,"Kaya Scodelario, James Howson, Solomon Glave, Shannon Beer, Steve Evets",United Kingdom,2011-09-09,2011,5.9,"Drama, Romance",en,13.762,240,5.9,5692172,1742215,0.31
59678,Movie,Attack the Block,Joe Cornish,"John Boyega, Jodie Whittaker, Nick Frost, Alex Esmail, Luke Treadaway","France, United Kingdom, United States of America",2011-05-12,2011,6.5,"Action, Comedy, Science Fiction",en,13.71,2081,6.5,14350531,3964682,0.28
23514,Movie,The Rum Diary,Bruce Robinson,"Johnny Depp, Amber Heard, Aaron Eckhart, Michael Rispoli, Giovanni Ribisi","United Kingdom, United States of America",2011-10-13,2011,5.9,"Comedy, Drama",en,13.646,1246,5.9,45000000,24000000,0.53
62564,Movie,"Turn Me On, Dammit!",Jannicke Systad Jacobsen,"Helene Bergsholm, Malin Bjørhovde, Beate Støfring, Matias Myren, Lars Nordtvedt Listau",Norway,2011-08-19,2011,6.336,"Drama, Comedy",no,13.547,207,6.336,3100000,1743743,0.56
43959,Movie,Soul Surfer,Sean McNamara,"AnnaSophia Robb, Helen Hunt, Dennis Quaid, Carrie Underwood, Kevin Sorbo",United States of America,2011-04-08,2011,7.0,"Family, Drama",en,13.346,1186,7.0,18000000,47088990,2.62
77495,Movie,Sleep Tight,Jaume Balagueró,"Luis Tosar, Marta Etura, Alberto San Juan, Petra Martínez, Iris Almeida",Spain,2011-10-14,2011,7.1,"Thriller, Horror",es,13.326,1113,7.1,5000000,8791590,1.76
54897,Movie,The Grace Card,David Evans ,"Michael Joiner, Michael Higgenbottom, Joy Parmer Moore, Louis Gossett Jr., Dawntoya Thomason",United States of America,2011-02-25,2011,7.2,Drama,en,13.305,48,7.2,200000,2295733,11.48
48231,Movie,A Dangerous Method,David Cronenberg,"Keira Knightley, Viggo Mortensen, Michael Fassbender, Sarah Gadon, Vincent Cassel","Switzerland, United Kingdom, Germany, Canada",2011-09-30,2011,6.4,"Drama, Thriller",en,13.25,2080,6.4,15000000,27462041,1.83
55787,Movie,Water for Elephants,Francis Lawrence,"Robert Pattinson, Reese Witherspoon, Christoph Waltz, Paul Schneider, Jim Norton",United States of America,2011-04-15,2011,6.9,"Drama, Romance",en,13.105,2531,6.9,38000000,117094902,3.08
49950,Movie,The Roommate,Christian E. Christiansen,"Leighton Meester, Minka Kelly, Cam Gigandet, Aly Michalka, Danneel Ackles",United States of America,2011-02-04,2011,5.4,"Thriller, Drama, Horror",en,12.873,940,5.4,16000000,52545707,3.28
60243,Movie,A Separation,Asghar Farhadi,"Leila Hatami, Payman Maadi, Sareh Bayat, Sarina Farhadi, Shahab Hosseini","France, Iran",2011-02-15,2011,7.9,Drama,fa,12.871,1772,7.9,5000000,24426169,4.89
71688,Movie,The Iron Lady,Phyllida Lloyd,"Meryl Streep, Anthony Stewart Head, Harry Lloyd, Jim Broadbent, Susan Brown","France, United Kingdom",2011-12-26,2011,6.4,"History, Drama",en,12.714,1743,6.4,13000000,115890792,8.91
74725,Movie,Kill List,Ben Wheatley,"Neil Maskell, MyAnna Buring, Harry Simpson, Michael Smiley, Struan Rodger","United Kingdom, Australia, Sweden",2011-09-02,2011,6.201,"Horror, Thriller, Crime",en,12.683,785,6.201,500000,450275,0.9
85545,Movie,Elles,Małgorzata Szumowska,"Juliette Binoche, Anaïs Demoustier, Joanna Kulig, Louis-Do de Lencquesaing, Krystyna Janda","France, Germany, Poland",2011-09-09,2011,5.4,Drama,fr,12.661,176,5.4,4000000,911466,0.23
74643,Movie,The Artist,Michel Hazanavicius,"Jean Dujardin, Bérénice Bejo, John Goodman, James Cromwell, Penelope Ann Miller","Belgium, France",2011-10-12,2011,7.456,"Drama, Comedy, Romance",fr,12.568,3285,7.456,15000000,133432856,8.9
55420,Movie,Another Earth,Mike Cahill,"Brit Marling, William Mapother, Matthew-Lee Erlbach, Meggan Lennon, AJ Diana",United States of America,2011-07-22,2011,6.7,"Drama, Science Fiction",en,12.471,1645,6.7,100000,1938783,19.39
62630,Movie,The Devil's Double,Lee Tamahori,"Dominic Cooper, Ludivine Sagnier, Raad Rawi, Philip Quast, Mem Ferda","Netherlands, Belgium",2011-02-11,2011,6.7,"Drama, Action, Thriller, Crime, War",en,12.329,560,6.7,19100000,5728213,0.3
38319,Movie,Your Highness,David Gordon Green,"Danny McBride, James Franco, Natalie Portman, Zooey Deschanel, Justin Theroux",United States of America,2011-04-08,2011,5.3,"Comedy, Fantasy, Adventure, Action",en,12.142,1339,5.3,49900000,28013733,0.56
50725,Movie,Take Me Home Tonight,Michael Dowse,"Topher Grace, Anna Faris, Dan Fogler, Teresa Palmer, Michelle Trachtenberg","Germany, United States of America",2011-03-04,2011,5.979,"Comedy, Drama, Romance",en,12.047,680,5.979,19000000,6900000,0.36
67911,Movie,Bucky Larson: Born to Be a Star,Tom Brady,"Nick Swardson, Christina Ricci, Don Johnson, Stephen Dorff, Ido Mosseri",United States of America,2011-09-09,2011,4.3,Comedy,en,11.964,177,4.3,10000000,2500000,0.25
50357,Movie,Apollo 18,Gonzalo López-Gallego,"Ryan Robbins, Warren Christie, Lloyd Owen, Andrew Airlie, Michael Kopsa","Canada, Russia, United States of America",2011-07-20,2011,5.3,"Horror, Thriller, Science Fiction",en,11.905,1004,5.3,5000000,25562924,5.11
89708,Movie,Samsara,Ron Fricke,"Ni Made Megahadi Pratiwi, Puti Sri Candra Dewi, Putu Dinda Pratika, Marcos Luna, Hiroshi Ishiguro","Brazil, China, Denmark, Egypt, Ethiopia, Ghana, Indonesia, Italy, Japan, Jordan, Namibia, Saudi Arabia, South Korea, Thailand, United Arab Emirates, United States of America",2011-09-16,2011,8.1,Documentary,en,11.899,618,8.1,4000000,2639616,0.66
59117,Movie,Torrente 4: Lethal crisis,Santiago Segura,"Santiago Segura, Yon González, Ana Obregón, Maria Lapiedra, Javier Gutiérrez",Spain,2011-03-11,2011,5.5,"Comedy, Crime, Action",es,11.875,166,5.5,7500000,29737384,3.96
75198,Movie,Welcome Aboard,Eric Lavaine,"Franck Dubosc, Valérie Lemercier, Gérard Darmon, Luisa Ranieri, Lionnel Astier",France,2011-10-05,2011,5.491,Comedy,fr,11.869,522,5.491,12000000,9927260,0.83
94047,Movie,My Way,Kang Je-kyu,"Jang Dong-gun, Joe Odagiri, Fan Bingbing, Kim In-kwon, Lee Yeon-hee",South Korea,2011-12-21,2011,7.852,"Drama, Action, History, War",ko,11.868,394,7.852,25500000,16653488,0.65
57157,Movie,Young Adult,Jason Reitman,"Charlize Theron, Patton Oswalt, Patrick Wilson, Elizabeth Reaser, Collette Wolfe",United States of America,2011-11-11,2011,5.8,"Comedy, Drama",en,11.847,1263,5.8,12000000,22939027,1.91
74536,Movie,The Son of No One,Dito Montiel,"Channing Tatum, Al Pacino, Juliette Binoche, Katie Holmes, James Ransone",United States of America,2011-11-04,2011,5.1,"Drama, Thriller, Crime",en,11.706,312,5.1,15000000,618425,0.04
45658,Movie,Everything Must Go,Dan Rush,"Will Ferrell, C.J. Wallace, Rebecca Hall, Michael Peña, Rosalie Michaels",United States of America,2011-05-13,2011,6.155,"Comedy, Drama, Romance",en,11.597,611,6.155,5000000,2614773,0.52
62837,Movie,Dolphin Tale,Charles Martin Smith,"Morgan Freeman, Ashley Judd, Harry Connick Jr., Nathan Gamble, Kris Kristofferson",United States of America,2011-09-22,2011,6.9,"Drama, Family",en,11.555,650,6.9,37000000,95404397,2.58
79464,Movie,Rockstar,Imtiaz Ali,"Ranbir Kapoor, Nargis Fakhri, Shammi Kapoor, Aditi Rao Hydari, Kumud Mishra",India,2011-11-11,2011,7.3,"Drama, Music, Romance",hi,11.459,196,7.3,10920000,19660000,1.8
58232,Movie,Chalet Girl,Phil Traill,"Felicity Jones, Ed Westwick, Brooke Shields, Bill Nighy, Tamsin Egerton","Austria, Germany, United Kingdom",2011-02-02,2011,6.4,"Comedy, Romance",en,11.449,639,6.4,8000000,5468650,0.68
49012,Movie,Arthur,Jason Winer,"Russell Brand, Helen Mirren, Greta Gerwig, Jennifer Garner, Geraldine James",United States of America,2011-04-08,2011,5.5,"Comedy, Romance",en,11.397,740,5.5,40000000,48147945,1.2
79553,Movie,The Front Line,Jang Hoon,"Shin Ha-kyun, Go Soo, Lee Je-hoon, Ryu Seung-su, Ko Chang-seok",South Korea,2011-07-20,2011,7.2,"Drama, Action, War",ko,11.321,187,7.2,10000000,15786086,1.58
63493,Movie,The Ledge,Matthew Chapman,"Charlie Hunnam, Liv Tyler, Terrence Howard, Patrick Wilson, Jaqueline Fleming","United States of America, Germany",2011-05-06,2011,6.133,"Drama, Thriller",en,11.291,349,6.133,10000000,610986,0.06
61891,Movie,Anonymous,Roland Emmerich,"Jamie Campbell Bower, Rhys Ifans, David Thewlis, Joely Richardson, Vanessa Redgrave","Germany, United Kingdom, United States of America",2011-10-21,2011,6.4,"Drama, History, Thriller",en,11.189,727,6.4,30000000,15395087,0.51
55347,Movie,Beginners,Mike Mills,"Ewan McGregor, Christopher Plummer, Mélanie Laurent, Goran Višnjić, Kai Lennox","Canada, United States of America",2011-06-03,2011,6.848,"Drama, Romance, Comedy",en,11.157,1048,6.848,3200000,14311701,4.47
73499,Movie,The Double,Michael Brandt,"Richard Gere, Topher Grace, Martin Sheen, Tamer Hassan, Stephen Moyer",United States of America,2011-10-27,2011,5.797,"Action, Drama, Crime",en,11.038,670,5.797,17000000,4729855,0.28
72113,Movie,Carnage,Roman Polanski,"Jodie Foster, Kate Winslet, Christoph Waltz, John C. Reilly, Elvis Polanski","France, Germany, Poland, Spain, United States of America",2011-09-16,2011,7.2,"Comedy, Drama",en,10.95,2945,7.2,25000000,30722632,1.23
41517,Movie,Ra.One,Anubhav Sinha,"Shah Rukh Khan, Arjun Rampal, Kareena Kapoor Khan, Armaan Verma, Tom Wu",India,2011-10-24,2011,5.7,"Adventure, Action, Science Fiction",hi,10.928,338,5.7,24000000,35911689,1.5
57119,Movie,Jumping the Broom,Salim Akil,"Paula Patton, Laz Alonso, Angela Bassett, Loretta Devine, Meagan Good",United States of America,2011-05-06,2011,5.9,Comedy,en,10.911,207,5.9,6600000,37700000,5.71
81401,Movie,The Turin Horse,Béla Tarr,"János Derzsi, Erika Bók, Mihály Kormos, Lajos Kovács, Mihály Ráday","France, Germany, Hungary, Switzerland",2011-03-31,2011,7.7,Drama,hu,10.782,363,7.7,1000000,162088,0.16
79120,Movie,Weekend,Andrew Haigh,"Tom Cullen, Chris New, Jonathan Race, Laura Freeman, Loreto Murray",United Kingdom,2011-10-23,2011,7.275,"Drama, Romance",en,10.765,531,7.275,120000,484592,4.04
66125,Movie,Red Dog,Kriv Stenders,"Josh Lucas, Rachael Taylor, Rohan Nichol, Luke Ford, Arthur Angel","Australia, United States of America",2011-08-04,2011,7.3,"Drama, Comedy, Family",en,10.749,400,7.3,5,13,2.6
63207,Movie,Intruders,Juan Carlos Fresnadillo,"Clive Owen, Carice van Houten, Ella Purnell, Adrian Rawlins, Daniel Brühl","United States of America, Spain, United Kingdom",2011-09-12,2011,5.5,"Thriller, Horror, Fantasy",en,10.694,516,5.5,13000000,3012210,0.23
60420,Movie,Like Crazy,Drake Doremus,"Anton Yelchin, Felicity Jones, Jennifer Lawrence, Charlie Bewley, Alex Kingston",United States of America,2011-10-28,2011,6.4,"Drama, Romance",en,10.69,1041,6.4,250000,3542353,14.17
89008,Movie,The Oranges,Julian Farino,"Leighton Meester, Hugh Laurie, Alia Shawkat, Allison Janney, Catherine Keener",United States of America,2011-09-09,2011,5.51,"Comedy, Romance, Drama",en,10.599,489,5.51,7000000,1941667,0.28
53487,Movie,This Must Be the Place,Paolo Sorrentino,"Sean Penn, Olwen Fouéré, Eve Hewson, Johnny Ward, Sam Keeley","Italy, France, Ireland",2011-08-24,2011,7.0,Drama,en,10.579,1230,7.0,25000000,11790979,0.47
41109,Movie,Don 2,Farhan Akhtar,"Shah Rukh Khan, Priyanka Chopra Jonas, Boman Irani, Kunal Kapoor, Lara Dutta",India,2011-12-23,2011,7.0,"Action, Thriller",hi,10.554,239,7.0,11000000,2900000,0.26
88794,Movie,J. Edgar,Clint Eastwood,"Leonardo DiCaprio, Naomi Watts, Armie Hammer, Josh Lucas, Josh Hamilton",United States of America,2011-11-09,2011,6.231,"Drama, Crime, History",en,10.491,2438,6.231,35000000,84606030,2.42
75622,Movie,Rampart,Oren Moverman,"Woody Harrelson, Robin Wright, Sigourney Weaver, Ned Beatty, Ben Foster","United States of America, Ireland",2011-11-23,2011,5.5,"Crime, Drama",en,10.46,369,5.5,12000000,972512,0.08
78206,Movie,Chicken with Plums,"Marjane Satrapi, Vincent Paronnaud","Mathieu Amalric, Édouard Baer, Maria de Medeiros, Golshifteh Farahani, Éric Caravaca","Belgium, France, Germany",2011-10-26,2011,7.1,"Comedy, Drama",fr,10.441,161,7.1,12000000,3265941,0.27
72478,Movie,Suicide Room,Jan Komasa,"Jakub Gierszał, Roma Gąsiorowska, Agata Kulesza, Krzysztof Pieczyński, Rafał Fudalej",Poland,2011-03-04,2011,7.3,"Drama, Thriller",pl,10.419,461,7.3,1400000,4878284,3.48
50780,Movie,The Beaver,Jodie Foster,"Mel Gibson, Jodie Foster, Jennifer Lawrence, Anton Yelchin, Zachary Booth","United Arab Emirates, United States of America",2011-05-05,2011,6.4,Drama,en,10.395,865,6.4,21000000,970816,0.05
77117,Movie,Sunny,Kang Hyung-chul,"Yoo Ho-jeong, Shim Eun-kyung, Jin Hee-kyung, Kang So-ra, Koh Soo-hee",South Korea,2011-05-04,2011,7.8,"Drama, Comedy",ko,10.291,165,7.8,3550000,48000000,13.52
73937,Movie,The Big Year,David Frankel,"Steve Martin, Jack Black, Owen Wilson, Brian Dennehy, Anjelica Huston","United States of America, United Kingdom",2011-10-13,2011,6.0,Comedy,en,10.281,820,6.0,41000000,8200000,0.2
44564,Movie,The Dilemma,Ron Howard,"Vince Vaughn, Kevin James, Winona Ryder, Jennifer Connelly, Queen Latifah",United States of America,2011-01-13,2011,5.3,"Comedy, Drama",en,10.253,859,5.3,70000000,67112664,0.96
76349,Movie,1911,"Zhang Li, Jackie Chan","Jackie Chan, Li Bingbing, Joan Chen, Jaycee Chan, Jiang Wu","China, Hong Kong, Taiwan",2011-09-23,2011,5.7,"Adventure, Drama, Action, History, War",zh,10.205,154,5.7,30000000,3807134,0.13
79224,Movie,War of the Arrows,Kim Han-min,"Park Hae-il, Moon Chae-won, Kim Moo-yul, Ryu Seung-ryong, Park Ki-woong","South Korea, United States of America",2011-08-10,2011,7.2,"Drama, Action, History",ko,10.165,264,7.2,8000000,49000000,6.12
80591,Movie,W.E.,Madonna,"Abbie Cornish, Andrea Riseborough, James D'Arcy, Oscar Isaac, Richard Coyle","United Kingdom, United States of America",2011-09-01,2011,6.4,"Drama, Romance",en,10.073,290,6.4,15000000,868439,0.06
54518,Movie,Justin Bieber: Never Say Never,Jon M. Chu,"Justin Bieber, Nathan Morris, Wanya Morris, Shawn Stockman, Miley Cyrus",United States of America,2011-02-11,2011,5.196,"Music, Documentary, Family",en,10.06,410,5.196,13000000,99036827,7.62
59968,Movie,Our Idiot Brother,Jesse Peretz,"Paul Rudd, Elizabeth Banks, Zooey Deschanel, Emily Mortimer, Steve Coogan",United States of America,2011-08-26,2011,6.1,"Comedy, Drama",en,10.056,977,6.1,5000000,24816118,4.96
73873,Movie,Albert Nobbs,Rodrigo García,"Glenn Close, Mia Wasikowska, Aaron Taylor-Johnson, Janet McTeer, Pauline Collins","United States of America, France, Ireland, United Kingdom",2011-12-21,2011,6.3,Drama,en,10.046,473,6.3,8000000,5634828,0.7
70586,Movie,Setup,Mike Gunther,"50 Cent, Ryan Phillippe, Bruce Willis, James Remar, Randy Couture",United States of America,2011-10-17,2011,4.9,"Action, Crime, Drama, Thriller",en,10.03,416,4.9,20000000,2128186,0.11
75900,Movie,My Week with Marilyn,Simon Curtis,"Michelle Williams, Kenneth Branagh, Eddie Redmayne, Dominic Cooper, Philip Jackson","United Kingdom, United States of America",2011-11-23,2011,6.7,"Drama, Romance",en,9.989,1295,6.7,6400000,35100000,5.48
62046,Movie,Flypaper,Rob Minkoff,"Patrick Dempsey, Ashley Judd, Tim Blake Nelson, Mekhi Phifer, Matt Ryan","Germany, United States of America",2011-08-19,2011,6.4,"Mystery, Comedy, Crime",en,9.907,758,6.4,5000000,3142154,0.63
38753,Movie,Passion Play,Mitch Glazer,"Megan Fox, Mickey Rourke, Bill Murray, Rhys Ifans, Kelly Lynch",United States of America,2011-01-10,2011,4.8,"Drama, Romance, Fantasy, Horror",en,9.749,112,4.8,8000000,25603,0.0
60309,Movie,The Conspirator,Robert Redford,"James McAvoy, Robin Wright, Evan Rachel Wood, Kevin Kline, Alexis Bledel",United States of America,2011-04-15,2011,6.5,"Crime, Drama, History",en,9.591,453,6.5,25000000,15478800,0.62
81870,Movie,Flying Swords of Dragon Gate,Tsui Hark,"Jet Li, Zhou Xun, Chen Kun, Gwei Lun-Mei, Chris Lee Yuchun","China, Hong Kong",2011-12-15,2011,6.3,"Action, Adventure, Drama",zh,9.574,212,6.3,35000000,127709,0.0
50601,Movie,5 Days of War,Renny Harlin,"Rupert Friend, Val Kilmer, Andy García, Dean Cain, Emmanuelle Chriqui",United States of America,2011-06-06,2011,5.621,"War, Drama",en,9.553,194,5.621,20000000,87793,0.0
51497,Movie,Fast Five,Justin Lin,"Vin Diesel, Paul Walker, Jordana Brewster, Tyrese Gibson, Ludacris",United States of America,2011-04-20,2011,7.242,"Action, Thriller, Crime",en,9.524,8304,7.242,125000000,626100000,5.01
51017,Movie,Madea's Big Happy Family,Tyler Perry,"Tyler Perry, Loretta Devine, Shad Moss, Cassi Davis, Shannon Kane",United States of America,2011-04-22,2011,6.7,"Comedy, Drama",en,9.417,141,6.7,25000000,54161287,2.17
60422,Movie,Another Happy Day,Sam Levinson,"Ellen Barkin, Ezra Miller, Ellen Burstyn, Demi Moore, Thomas Haden Church","Australia, United States of America",2011-11-18,2011,5.6,"Comedy, Drama",en,9.323,113,5.6,4000000,355688,0.09
313230,Movie,Warriors of the Rainbow: Seediq Bale - Part 2: The Rainbow Bridge,Wei Te-sheng,"Nolay Piho, Umin Boya, Masanobu Ando, Sabu Kawahara, Vivian Hsu","Hong Kong, Netherlands, Taiwan, United States of America",2011-09-30,2011,8.1,"Action, Drama, History",zh,9.281,81,8.1,25000000,29000000,1.16
78570,Movie,Top Cat: The Movie,Alberto Mar,"Rául Anaya, Jorge Arvizu, Mario Castañeda, Eduardo Garza, Jesús Guzmán","Argentina, Mexico, United Kingdom",2011-09-16,2011,5.9,"Animation, Family, Comedy",es,9.275,80,5.9,6000000,16611575,2.77
58882,Movie,Snow Flower and the Secret Fan,Wayne Wang,"Li Bingbing, Jun Ji-hyun, Hugh Jackman, Vivian Wu, Jiang Wu",China,2011-07-15,2011,6.1,"Drama, History",en,9.237,91,6.1,134005,1332231,9.94
55725,Movie,Win Win,Tom McCarthy,"Paul Giamatti, Alex Shaffer, Amy Ryan, Melanie Lynskey, Bobby Cannavale",United States of America,2011-03-18,2011,6.828,"Drama, Comedy",en,9.222,504,6.828,10831173,10654385,0.98
69798,Movie,The Inbetweeners Movie,Ben Palmer,"Simon Bird, James Buckley, Blake Harrison, Joe Thomas, Emily Head","Spain, United Kingdom, United States of America",2011-08-19,2011,6.2,Comedy,en,8.97,918,6.2,4500000,88823111,19.74
59296,Movie,"Love, Wedding, Marriage",Dermot Mulroney,"Mandy Moore, Kellan Lutz, James Brolin, Jane Seymour, Jessica Szohr",United States of America,2011-06-03,2011,5.2,"Comedy, Romance",en,8.962,194,5.2,13000000,51917,0.0
73963,Movie,Creature,Fred Andrews,"Mehcad Brooks, Serinda Swan, Dillon Casey, Lauren Schneider, Aaron Hill",United States of America,2011-09-09,2011,5.316,Horror,en,8.957,98,5.316,3000000,533235,0.18
70590,Movie,Singham,Rohit Shetty,"Ajay Devgn, Kajal Agarwal, Prakash Raj, Sachin Khedekar, Ashok Saraf",India,2011-07-22,2011,6.507,"Drama, Action, Crime",hi,8.848,152,6.507,4800000,30000000,6.25
56780,Movie,Atlas Shrugged: Part I,Paul Johansson,"Taylor Schilling, Grant Bowler, Matthew Marsden, Edi Gathegi, Jsu Garcia",United States of America,2011-04-14,2011,5.4,"Drama, Thriller, Science Fiction, Mystery",en,8.846,199,5.4,20000000,4627375,0.23
98344,Movie,Warriors of the Rainbow: Seediq Bale - Part 1: The Sun Flag,Wei Te-sheng,"Nolay Piho, Umin Boya, Masanobu Ando, Sabu Kawahara, Vivian Hsu","Hong Kong, Netherlands, Taiwan, United States of America",2011-09-09,2011,7.3,"Drama, Action, History",zh,8.831,102,7.3,25000000,29000000,1.16
60062,Movie,Judy Moody and the Not Bummer Summer,John Schultz,"Jordana Beatty, Parris Mosteller, Heather Graham, Janet Varney, Preston Bailey",United States of America,2011-06-10,2011,6.1,"Comedy, Family",en,8.828,88,6.1,20000000,14166853,0.71
49010,Movie,Hobo with a Shotgun,Jason Eisener,"Rutger Hauer, Molly Dunsworth, Gregory Smith, Robb Wells, Brian Downey",Canada,2011-05-06,2011,5.9,"Crime, Action, Thriller",en,8.729,630,5.9,3000000,748453,0.25
44754,Movie,Margaret,Kenneth Lonergan,"Anna Paquin, J. Smith-Cameron, Mark Ruffalo, Jeannie Berlin, Jean Reno",United States of America,2011-09-30,2011,6.4,Drama,en,8.713,298,6.4,14000000,46495,0.0
76696,Movie,Sidewalls,Gustavo Taretto,"Pilar López de Ayala, Javier Drolas, Inés Efrón, Rafael Ferro, Jorge Ernesto Lanata","Argentina, Germany, Spain",2011-06-01,2011,7.5,"Drama, Romance",es,8.621,297,7.5,11000000,2140,0.0
57586,Movie,African Cats,"Keith Scholey, Alastair Fothergill","Samuel L. Jackson, Patrick Stewart",United States of America,2011-04-21,2011,7.351,"Documentary, Adventure",en,8.595,235,7.351,5000000,30857747,6.17
70868,Movie,I Don't Know How She Does It,Douglas McGrath,"Sarah Jessica Parker, Pierce Brosnan, Greg Kinnear, Christina Hendricks, Kelsey Grammer",United States of America,2011-09-16,2011,5.2,"Romance, Comedy",en,8.57,395,5.2,24000000,31410151,1.31
56401,Movie,The Music Never Stopped,Jim Kohlberg,"J.K. Simmons, Lou Taylor Pucci, Julia Ormond, Cara Seymour, Mía Maestro",United States of America,2011-03-18,2011,7.2,Drama,en,8.564,161,7.2,4000000,253899,0.06
62796,Movie,William & Kate,Mark Rosman,"Camilla Luddington, Nico Evers-Swindell, Victoria Tennant, Charles Shaughnessy, Ben Cross",Desconocido,2011-04-18,2011,5.53,"Drama, Romance, TV Movie",en,8.523,118,5.53,20,15,0.75
67308,Movie,3-D Sex and Zen: Extreme Ecstasy,Christopher Sun,"Hiro Hayama, Leni Lan, Yukiko Suo, Saori Hara, Tony Ho",Hong Kong,2011-04-14,2011,5.5,"History, Romance, Drama",cn,8.477,178,5.5,3500000,10306807,2.94
78381,Movie,Twixt,Francis Ford Coppola,"Val Kilmer, Bruce Dern, Elle Fanning, Ben Chaplin, Joanne Whalley",United States of America,2011-09-10,2011,5.1,"Mystery, Fantasy, Horror",en,8.412,294,5.1,7000000,647839,0.09
43935,Movie,Dylan Dog: Dead of Night,Kevin Munroe,"Brandon Routh, Peter Stormare, Sam Huntington, Taye Diggs, Anita Briem",United States of America,2011-03-16,2011,4.7,"Action, Comedy, Horror, Mystery, Science Fiction, Thriller, Fantasy",en,8.272,502,4.7,20000000,4634062,0.23
57276,Movie,Pina,Wim Wenders,"Regina Advento, Malou Airaudo, Ruth Amarante, Pina Bausch, Jorge Puerta","France, Germany, United Kingdom, United States of America",2011-02-24,2011,7.425,Documentary,de,8.07,247,7.425,4317946,14624826,3.39
67748,Movie,Snowtown,Justin Kurzel,"Lucas Pittaway, Daniel Henshall, Louise Harris, Frank Cwertniak, Matthew Howard",Australia,2011-05-19,2011,6.3,"Crime, Drama",en,7.958,308,6.3,2000000,1349387,0.67
67675,Movie,Glee: The Concert Movie,Kevin Tancharoen,"Lea Michele, Cory Monteith, Dianna Agron, Chris Colfer, Darren Criss",United States of America,2011-08-11,2011,7.3,"Music, Documentary, Family",en,7.857,268,7.3,9000000,18700000,2.08
85495,Movie,Twilight Portrait,Angelina Nikonova,"Sergey Borisov, Olga Dihovichnaya, Sergei Golyudov, Roman Merinov, Vsevolod Voronov",Russia,2011-11-10,2011,6.3,Drama,ru,7.797,50,6.3,20000,154098,7.7
84355,Movie,Your Sister's Sister,Lynn Shelton,"Emily Blunt, Rosemarie DeWitt, Mark Duplass, Michael Harring, Mike Birbiglia",United States of America,2011-09-11,2011,6.5,Comedy,en,7.728,336,6.5,125000,3242802,25.94
79777,Movie,In the Land of Blood and Honey,Angelina Jolie,"Zana Marjanović, Goran Kostić, Branko Đurić, Džana Pinjo, Miloš Timotijević","United Kingdom, United States of America",2011-12-22,2011,5.8,"Drama, Romance, War",en,7.685,149,5.8,10000000,303877,0.03
74639,Movie,Overheard 2,"Felix Chong Man-Keung, Alan Mak Siu-Fai","Daniel Wu, Louis Koo, Sean Lau Ching-Wan, Michelle Ye Xuan, Kenneth Tsang","China, Hong Kong",2011-08-18,2011,6.5,"Action, Crime, Thriller",cn,7.645,76,6.5,8000000,4040142,0.51
51588,Movie,Prom,Joe Nussbaum,"Aimee Teegarden, Thomas McDonell, Nolan Sotillo, Cameron Monaghan, Danielle Campbell",United States of America,2011-04-29,2011,6.112,"Comedy, Romance",en,7.638,454,6.112,8000000,10130000,1.27
77221,Movie,Black Gold,Jean-Jacques Annaud,"Mark Strong, Antonio Banderas, Freida Pinto, Tahar Rahim, Riz Ahmed","France, Italy, Qatar, Tunisia",2011-12-21,2011,6.5,"Adventure, Drama",en,7.63,282,6.5,40000000,5446000,0.14
55720,Movie,A Better Life,Chris Weitz,"Demián Bichir, José Julián, Chelsea Rendon, Dolores Heredia, Joaquín Cosío",United States of America,2011-06-24,2011,7.2,Drama,en,7.603,230,7.2,10000000,1800000,0.18
76994,Movie,Box Office 3D: The Filmest of Films,Ezio Greggio,"Ezio Greggio, Antonello Fassari, Anna Falchi, Gina Lollobrigida, Maurizio Mattioli","Bulgaria, Italy",2011-09-09,2011,2.804,Comedy,it,7.598,240,2.804,5000000,2777000,0.56
92182,Movie,Silent House,"Laura Lau, Chris Kentis","Elizabeth Olsen, Adam Trese, Eric Sheffer Stevens, Julia Chan, Haley Murphy","France, United States of America",2011-01-21,2011,5.4,"Horror, Mystery, Drama",en,7.594,407,5.4,2000000,13101672,6.55
53174,Movie,Kokowääh,Til Schweiger,"Til Schweiger, Emma Schweiger, Jasmin Gerat, Samuel Finzi, Sanny van Heteren",Germany,2011-02-03,2011,6.3,Comedy,de,7.567,276,6.3,5650000,43000000,7.61
87368,Movie,17 Girls,"Delphine Coulin, Muriel Coulin","Louise Grinberg, Juliette Darche, Roxane Duran, Esther Garrel, Yara Pilartz",France,2011-06-13,2011,5.5,Drama,fr,7.491,315,5.5,4141459,201607,0.05
81857,Movie,Alps,Yorgos Lanthimos,"Angeliki Papoulia, Aris Servetalis, Johnny Vekris, Ariane Labed, Stavros Psyllakis","Canada, France, Greece, United States of America",2011-09-01,2011,6.3,Drama,el,7.373,312,6.3,97000,15292,0.16
73532,Movie,Le Havre,Aki Kaurismäki,"André Wilms, Kati Outinen, Jean-Pierre Darroussin, Blondin Miguel, Elina Salo","Finland, France, Germany",2011-09-08,2011,7.0,"Drama, Comedy",fr,7.365,433,7.0,3850000,4230854,1.1
57353,Movie,Cat Run,John Stockwell,"Paz Vega, Janet McTeer, Alphonso McAuley, Scott Mechlowicz, Christopher McDonald",United States of America,2011-04-01,2011,5.331,"Action, Comedy, Thriller",en,7.209,148,5.331,25000000,65708,0.0
74505,Movie,Lovely Molly,Eduardo Sánchez,"Gretchen Lodge, Johnny Lewis, Alexandra Holden, Ken Arnold, Brenna McDonough","United States of America, Germany",2011-09-14,2011,5.1,"Horror, Thriller",en,7.169,230,5.1,1000000,18463,0.02
47760,Movie,Restless,Gus Van Sant,"Mia Wasikowska, Henry Hopper, Ryo Kase, Schuyler Fisk, Jane Adams",United States of America,2011-09-16,2011,6.515,"Drama, Romance",en,7.147,408,6.515,8000000,2500000,0.31
91550,Movie,Violet & Daisy,Geoffrey Fletcher,"Saoirse Ronan, Alexis Bledel, James Gandolfini, Marianne Jean-Baptiste, Danny Trejo",United States of America,2011-09-15,2011,6.1,"Thriller, Crime, Drama, Action, Comedy",en,7.11,261,6.1,8000000,108139,0.01
77461,Movie,Where Do We Go Now?,Nadine Labaki,"Claude Msawbaa, Leyla Hakim, Nadine Labaki, Yvonne Maalouf, Antoinette Noufaily","Egypt, France, Italy, Lebanon, Qatar",2011-09-14,2011,7.5,"Drama, Comedy",ar,6.981,197,7.5,6700000,21000000,3.13
104711,Movie,Tom Sawyer,Hermine Huntgeburth,"Louis Hofmann, Heike Makatsch, Benno Fürmann, Joachim Król, Peter Lohmeyer","France, Germany, Romania",2011-11-17,2011,5.9,"Adventure, Family",de,6.853,48,5.9,8500000,2963639,0.35
85435,Movie,A Few Best Men,Stephan Elliott,"Rebel Wilson, Xavier Samuel, Olivia Newton-John, Kris Marshall, Kevin Bishop","Australia, United Kingdom",2011-10-14,2011,5.7,Comedy,en,6.851,432,5.7,14400000,15500000,1.08
66120,Movie,The Monk,Dominik Moll,"Vincent Cassel, Déborah François, Joséphine Japy, Sergi López, Catherine Mouchet","Spain, France",2011-07-12,2011,5.4,Thriller,fr,6.81,105,5.4,11000000,1809527,0.16
58522,Movie,Boris: The Film,"Giacomo Ciarrapico, Mattia Torre, Luca Vendruscolo","Francesco Pannofino, Caterina Guzzanti, Alessandro Tiberi, Alberto Di Stasio, Antonio Catania",Italy,2011-04-01,2011,6.928,Comedy,it,6.766,601,6.928,3347850,1248748,0.37
91070,Movie,L!fe Happens,Kat Coiro,"Krysten Ritter, Kate Bosworth, Rachel Bilson, Geoff Stults, Justin Kirk","Canada, United States of America",2011-06-18,2011,5.5,"Comedy, Drama, Romance",en,6.667,145,5.5,930000,30905,0.03
81273,Movie,The Dirty Picture,Milan Luthria,"Vidya Balan, Emraan Hashmi, Tusshar Kapoor, Naseeruddin Shah, Anju Mahendru",India,2011-12-02,2011,6.3,"Comedy, Drama",hi,6.18,80,6.3,2600000,17000000,6.54
67109,Movie,Delhi Belly,Abhinay Deo,"Imran Khan, Kunaal Roy Kapur, Vir Das, Shenaz Treasury, Poorna Jagannathan",India,2011-07-01,2011,7.1,"Action, Comedy",hi,6.17,186,7.1,4090000,18035000,4.41
51995,Movie,Salvation Boulevard,George Ratliff,"Jennifer Connelly, Marisa Tomei, Pierce Brosnan, Ed Harris, Greg Kinnear",United States of America,2011-07-15,2011,5.3,"Comedy, Thriller, Action, Drama",en,6.162,77,5.3,5500000,89182,0.02
92493,Movie,Edwin Boyd: Citizen Gangster,Nathan Morlando,"Scott Speedman, Kevin Durand, Kelly Reilly, Joseph Cross, Brendan Fletcher","Canada, Mexico",2011-09-10,2011,5.5,"Crime, Drama, History",en,6.111,57,5.5,5000000,625,0.0
93188,Movie,Beloved,Christophe Honoré,"Chiara Mastroianni, Catherine Deneuve, Ludivine Sagnier, Louis Garrel, Miloš Forman","Czech Republic, France, United Kingdom",2011-08-17,2011,6.2,"Drama, Romance, Music",fr,5.982,75,6.2,8978040,77348,0.01
74458,Movie,Mere Brother Ki Dulhan,Ali Abbas Zafar,"Ali Zafar, Imran Khan, Katrina Kaif, Tara D'Souza, Kyra Dutt",India,2011-09-09,2011,5.9,"Drama, Comedy, Romance",hi,5.971,69,5.9,5510000,18050000,3.28
58699,Movie,Bellflower,Evan Glodell,"Evan Glodell, Jessie Wiseman, Tyler Dawson, Rebekah Brandes, Vincent Grashaw",United States of America,2011-04-16,2011,5.93,"Action, Drama, Romance",en,5.84,151,5.93,17000,101236,5.96
58166,Movie,Lessons of a Dream,Sebastian Grobler,"Daniel Brühl, Burghart Klaußner, Thomas Thieme, Jürgen Tonkel, Justus von Dohnányi",Germany,2011-02-24,2011,7.0,Drama,de,5.833,116,7.0,6700000,1373312,0.2
76788,Movie,Mankatha,Venkat Prabhu,"Ajith Kumar, Arjun Sarja, Vaibhav, Ashwin Kakumanu, Premji Amaran",India,2011-08-31,2011,6.7,"Action, Thriller",ta,5.815,68,6.7,6100000,28000000,4.59
61672,Movie,Titeuf,Zep,"Donald Reignoux, Mélanie Bernier, Nathalie Homs, Sam Karmann, Zabou Breitman","France, Switzerland",2011-04-06,2011,5.8,"Animation, Comedy, Drama, Romance",fr,5.676,139,5.8,15000000,13970489,0.93
59415,Movie,My Friends: Act IV – How It All Began,Neri Parenti,"Christian De Sica, Michele Placido, Paolo Hendel, Giorgio Panariello, Massimo Ghini",Italy,2011-03-16,2011,4.1,Comedy,it,5.651,93,4.1,15000000,3333050,0.22
66150,Movie,Life in a Day,"Kevin Macdonald, Zillah Bowes","Cindy Baer, Moica, Caryn Waechter, Drake Shannon","South Korea, United Kingdom",2011-01-27,2011,7.2,"Documentary, Drama",en,5.609,231,7.2,45202,225861,5.0
84404,Movie,Bully,Lee Hirsch,Desconocido,United States of America,2011-04-23,2011,7.2,"Documentary, Drama",en,5.58,158,7.2,1100000,3483795,3.17
69938,Movie,Trap.com,José Alvarenga Jr.,"Bruno Mazzeo, Fernanda Paes Leme, Carol Castro, Fabiula Nascimento, Luis Miranda",Brazil,2011-07-08,2011,5.0,"Comedy, Romance",pt,5.569,143,5.0,1483515,7586448,5.11
65521,Movie,Pyaar Ka Punchnama,Luv Ranjan,"Kartik Aaryan, Raayo S. Bakhirta, Divyendu Sharma, Nushrratt Bharuccha, Sonnalli Seygall",India,2011-05-20,2011,6.8,"Drama, Comedy, Romance",hi,5.56,86,6.8,1400000,7200000,5.14
80379,Movie,Louis C.K.: Live at the Beacon Theater,Louis C.K.,Louis C.K.,United States of America,2011-12-10,2011,7.829,"Comedy, TV Movie",en,5.489,231,7.829,250000,1000000,4.0
77944,Movie,The Worst Week of My Life,Alessandro Genovesi,"Fabio De Luigi, Cristiana Capotondi, Monica Guerritore, Antonio Catania, Nadir Caselli",Italy,2011-10-27,2011,6.1,Comedy,it,5.466,446,6.1,11000000,12935800,1.18
78172,Movie,Lan Kwai Fong,Wilson Chin Kwok-Wai,"Chen Zhi-Ming, Shiga Lin Si-Nga, Jeana Ho Pui-Yu, Jason Chan Pak-Yu, Dada Chan Ching",Hong Kong,2011-09-15,2011,4.2,Drama,cn,5.413,17,4.2,577450,1154901,2.0
82469,Movie,The Kick,Prachya Pinkaew,"Cho Jae-hyun, Ye Ji-won, Tae-joo Na, Taemi, Petchtai Wongkamlao","Hong Kong, South Korea, Thailand",2011-11-03,2011,5.2,"Comedy, Action",ko,5.385,39,5.2,3500000,517069,0.15
180272,Movie,Friends: Naki on Monster Island,"Takashi Yamazaki, Ryuichi Yagi","Shingo Katori, Koichi Yamadera, Yûna Shindô, YOU, Seishirou Katou",Japan,2011-12-17,2011,7.1,"Animation, Comedy, Family",ja,5.369,27,7.1,1490000,378187,0.25
83860,Movie,October Baby,"Jon Erwin, Andrew Erwin","Rachel Hendrix, Jason Burkey, John Schneider, Jennifer Price, Colleen Trusler",United States of America,2011-10-30,2011,6.3,Drama,en,5.34,114,6.3,1000000,5396618,5.4
91088,Movie,The King of Pigs,Yeon Sang-ho,"Yang Ik-june, Oh Jung-se, Kim Hye-na, Park Hee-von, Kim Kkob-bi",South Korea,2011-11-03,2011,6.2,"Animation, Thriller, Drama, Crime",ko,5.328,73,6.2,130000,13,0.0
91073,Movie,Late Autumn,Kim Tae-yong,"Hyun Bin, Tang Wei, Jun Kim, John Wu, Danni Lang","China, United States of America, South Korea, Hong Kong",2011-02-17,2011,6.9,"Drama, Romance",ko,5.316,64,6.9,6200000,4820000,0.78
65946,Movie,Ready,Anees Bazmee,"Salman Khan, Asin Thottumkal, Paresh Rawal, Sudesh Lehri, Sharat Saxena",India,2011-06-03,2011,5.0,"Action, Comedy",hi,5.177,92,5.0,5800000,27000000,4.66
73939,Movie,Pariah,Dee Rees,"Adepero Oduye, Pernell Walker, Aasha Davis, Charles Parnell, Sahra Mellesse",United States of America,2011-12-27,2011,6.9,Drama,en,4.978,151,6.9,500000,769552,1.54
53319,Movie,What a Beautiful Day,Gennaro Nunziante,"Checco Zalone, Nabiha Akkari, Rocco Papaleo, Tullio Solenghi, Anna Rita Del Piano",Italy,2011-01-05,2011,6.532,Comedy,it,4.869,1504,6.532,6000000,43500000,7.25
73869,Movie,The Last Man on Earth,Gian Alfonso Pacinotti,"Gabriele Spinelli, Anna Bellato, Teco Celio, Stefano Scherini, Roberto Herlitzka",Italy,2011-09-09,2011,5.6,"Drama, Science Fiction",it,4.836,40,5.6,2300000,159846,0.07
58333,Movie,Tanu Weds Manu,Aanand L. Rai,"R. Madhavan, Kangana Ranaut, Jimmy Shergill, Eijaz Khan, Deepak Dobriyal",India,2011-02-25,2011,6.816,"Comedy, Romance, Drama",hi,4.569,95,6.816,400000,252000,0.63
60592,Movie,The Importance of Tying Your Own Shoes,Lena Koppel,"Sverrir Gudnason, Vanna Rosenberg, Mats Melin, Theresia Widarsson, Bosse Östlin",Sweden,2011-03-18,2011,6.4,"Drama, Comedy",sv,4.565,32,6.4,950000,5012245,5.28
107227,Movie,23:59,Gilbert Chan,"Tedd Chan, Stella Chung, Henley Hii, Lawrence Koh, Tommy Kuan","Malaysia, Singapore",2011-11-03,2011,4.8,Horror,zh,4.523,45,4.8,600000,1208479,2.01
24428,Movie,The Avengers,Joss Whedon,"Robert Downey Jr., Chris Evans, Mark Ruffalo, Chris Hemsworth, Scarlett Johansson",United States of America,2012-04-25,2012,7.73,"Science Fiction, Action, Adventure",en,186.111,31285,7.73,220000000,1518815515,6.9
50620,Movie,The Twilight Saga: Breaking Dawn - Part 2,Bill Condon,"Kristen Stewart, Robert Pattinson, Taylor Lautner, Peter Facinelli, Elizabeth Reaser",United States of America,2012-11-13,2012,6.461,"Adventure, Fantasy, Drama, Romance",en,97.238,8967,6.461,120000000,829747654,6.91
49051,Movie,The Hobbit: An Unexpected Journey,Peter Jackson,"Martin Freeman, Ian McKellen, Richard Armitage, James Nesbitt, Ken Stott","New Zealand, United States of America",2012-12-12,2012,7.357,"Adventure, Fantasy, Action",en,88.877,18623,7.357,250000000,1021103568,4.08
57800,Movie,Ice Age: Continental Drift,"Steve Martino, Mike Thurmeier","Ray Romano, John Leguizamo, Denis Leary, Seann William Scott, Josh Peck",United States of America,2012-06-27,2012,6.38,"Animation, Comedy, Adventure, Family",en,81.518,7660,6.38,95000000,877244782,9.23
73723,Movie,The Lorax,Chris Renaud,"Danny DeVito, Ed Helms, Zac Efron, Rob Riggle, Taylor Swift","United States of America, Japan",2012-03-01,2012,6.5,"Animation, Family",en,80.563,3604,6.5,70000000,349305397,4.99
1930,Movie,The Amazing Spider-Man,Marc Webb,"Andrew Garfield, Emma Stone, Rhys Ifans, Denis Leary, Martin Sheen",United States of America,2012-06-23,2012,6.7,"Action, Adventure, Science Fiction",en,77.777,17552,6.7,215000000,757930663,3.53
49026,Movie,The Dark Knight Rises,Christopher Nolan,"Christian Bale, Gary Oldman, Tom Hardy, Joseph Gordon-Levitt, Anne Hathaway","United Kingdom, United States of America",2012-07-17,2012,7.8,"Action, Crime, Drama, Thriller",en,72.208,23005,7.8,250000000,1081041287,4.32
75780,Movie,Jack Reacher,Christopher McQuarrie,"Tom Cruise, Rosamund Pike, Richard Jenkins, David Oyelowo, Werner Herzog",United States of America,2012-12-20,2012,6.64,"Crime, Drama, Thriller, Action",en,71.769,7100,6.64,60000000,218300000,3.64
62177,Movie,Brave,"Mark Andrews, Brenda Chapman","Kelly Macdonald, Emma Thompson, Billy Connolly, Julie Walters, Robbie Coltrane",United States of America,2012-06-21,2012,7.02,"Animation, Adventure, Comedy, Family, Action, Fantasy",en,67.249,13501,7.02,185000000,539000000,2.91
80321,Movie,Madagascar 3: Europe's Most Wanted,"Eric Darnell, Conrad Vernon, Tom McGrath","Ben Stiller, Chris Rock, David Schwimmer, Jada Pinkett Smith, Frances McDormand",United States of America,2012-06-06,2012,6.6,"Animation, Family, Comedy, Adventure",en,64.922,6210,6.6,145000000,746921274,5.15
70160,Movie,The Hunger Games,Gary Ross,"Jennifer Lawrence, Josh Hutcherson, Liam Hemsworth, Woody Harrelson, Elizabeth Banks",United States of America,2012-03-12,2012,7.214,"Science Fiction, Adventure, Fantasy",en,62.5,22183,7.214,75000000,694394724,9.26
68718,Movie,Django Unchained,Quentin Tarantino,"Jamie Foxx, Christoph Waltz, Leonardo DiCaprio, Kerry Washington, Samuel L. Jackson",United States of America,2012-12-25,2012,8.183,"Drama, Western",en,60.467,26532,8.183,100000000,425368238,4.25
82690,Movie,Wreck-It Ralph,Rich Moore,"John C. Reilly, Sarah Silverman, Jack McBrayer, Alan Tudyk, Jane Lynch",United States of America,2012-11-01,2012,7.342,"Family, Animation, Comedy, Adventure",en,57.939,12420,7.342,165000000,471222889,2.86
76492,Movie,Hotel Transylvania,Genndy Tartakovsky,"Adam Sandler, Andy Samberg, Selena Gomez, Kevin James, Fran Drescher",United States of America,2012-09-20,2012,7.0,"Animation, Comedy, Family, Fantasy",en,56.113,8707,7.0,85000000,358375603,4.22
22970,Movie,The Cabin in the Woods,Drew Goddard,"Kristen Connolly, Fran Kranz, Chris Hemsworth, Jesse Williams, Anna Hutchison",United States of America,2012-04-12,2012,6.6,"Horror, Mystery",en,53.47,7957,6.6,30000000,71038838,2.37
72105,Movie,Ted,Seth MacFarlane,"Mark Wahlberg, Mila Kunis, Seth MacFarlane, Joel McHale, Giovanni Ribisi",United States of America,2012-06-29,2012,6.4,"Comedy, Fantasy",en,53.05,12445,6.4,50000000,549368315,10.99
57214,Movie,Project X,Nima Nourizadeh,"Thomas Mann, Oliver Cooper, Jonathan Daniel Brown, Dax Flame, Kirby Bliss Blanton",United States of America,2012-03-01,2012,6.881,Comedy,en,52.467,6429,6.881,12000000,102731865,8.56
44833,Movie,Battleship,Peter Berg,"Taylor Kitsch, Alexander Skarsgård, Rihanna, Brooklyn Decker, Tadanobu Asano","Japan, United States of America",2012-04-11,2012,5.861,"Thriller, Action, Adventure, Science Fiction",en,50.831,5573,5.861,209000000,303025485,1.45
81188,Movie,Rise of the Guardians,Peter Ramsey,"Chris Pine, Alec Baldwin, Jude Law, Isla Fisher, Hugh Jackman",United States of America,2012-11-21,2012,7.4,"Animation, Family, Fantasy",en,48.601,6772,7.4,145000000,306941670,2.12
64688,Movie,21 Jump Street,"Phil Lord, Christopher Miller","Jonah Hill, Channing Tatum, Brie Larson, Dave Franco, Rob Riggle",United States of America,2012-03-14,2012,6.9,"Action, Comedy, Crime",en,47.939,10373,6.9,42000000,201585328,4.8
71552,Movie,American Reunion,"Jon Hurwitz, Hayden Schlossberg","Jason Biggs, Alyson Hannigan, Seann William Scott, Chris Klein, Thomas Ian Nicholas",United States of America,2012-04-04,2012,6.297,Comedy,en,46.947,4447,6.297,50000000,234989584,4.7
76726,Movie,Chronicle,Josh Trank,"Dane DeHaan, Alex Russell, Michael B. Jordan, Michael Kelly, Ashley Grace",United States of America,2012-02-01,2012,6.8,"Science Fiction, Drama, Thriller",en,46.737,5348,6.8,15000000,145000000,9.67
57165,Movie,Wrath of the Titans,Jonathan Liebesman,"Sam Worthington, Liam Neeson, Ralph Fiennes, Rosamund Pike, Bill Nighy","Spain, United States of America",2012-03-28,2012,5.7,"Fantasy, Adventure, Action",en,46.287,4243,5.7,150000000,301970083,2.01
70981,Movie,Prometheus,Ridley Scott,"Noomi Rapace, Michael Fassbender, Charlize Theron, Idris Elba, Guy Pearce",United States of America,2012-05-30,2012,6.6,"Science Fiction, Adventure, Mystery",en,46.151,12422,6.6,130000000,403354469,3.1
82675,Movie,Taken 2,Olivier Megaton,"Liam Neeson, Maggie Grace, Famke Janssen, Leland Orser, D. B. Sweeney","France, Turkey, United States of America",2012-09-27,2012,6.4,"Action, Crime, Thriller",en,45.673,6713,6.4,45000000,376100000,8.36
87428,Movie,That's My Boy,Sean Anders,"Adam Sandler, Andy Samberg, Leighton Meester, Vanilla Ice, Tony Orlando",United States of America,2012-06-14,2012,5.821,"Comedy, Drama",en,45.325,1988,5.821,70000000,58100000,0.83
72545,Movie,Journey 2: The Mysterious Island,Brad Peyton,"Dwayne Johnson, Josh Hutcherson, Vanessa Hudgens, Luis Guzmán, Michael Caine",United States of America,2012-01-19,2012,6.152,"Adventure, Action, Science Fiction",en,44.495,4292,6.152,79000000,355692760,4.5
49529,Movie,John Carter,Andrew Stanton,"Taylor Kitsch, Lynn Collins, Samantha Morton, Mark Strong, Ciarán Hinds",United States of America,2012-03-07,2012,6.327,"Action, Adventure, Science Fiction",en,44.294,5675,6.327,250000000,284100000,1.14
114150,Movie,Pitch Perfect,Jason Moore,"Anna Kendrick, Brittany Snow, Anna Camp, Rebel Wilson, Ester Dean",United States of America,2012-09-28,2012,7.3,"Comedy, Music, Romance",en,43.481,6567,7.3,17000000,115647426,6.8
37724,Movie,Skyfall,Sam Mendes,"Daniel Craig, Judi Dench, Javier Bardem, Ralph Fiennes, Naomie Harris","United Kingdom, United States of America",2012-10-24,2012,7.247,"Action, Adventure, Thriller",en,43.293,15328,7.247,200000000,1108594176,5.54
103663,Movie,The Hunt,Thomas Vinterberg,"Mads Mikkelsen, Thomas Bo Larsen, Annika Wedderkopp, Lasse Fogelstrøm, Susse Wold","Denmark, Sweden",2012-06-13,2012,8.1,Drama,da,41.569,4280,8.1,3800000,18300000,4.82
76163,Movie,The Expendables 2,Simon West,"Sylvester Stallone, Jason Statham, Jet Li, Dolph Lundgren, Chuck Norris","Bulgaria, United States of America",2012-08-08,2012,6.347,"Action, Adventure, Thriller",en,41.329,6777,6.347,100000000,314975955,3.15
82507,Movie,Sinister,Scott Derrickson,"Ethan Hawke, Juliet Rylance, Vincent D'Onofrio, James Ransone, Fred Thompson","Canada, United States of America",2012-03-29,2012,6.9,"Horror, Thriller, Mystery",en,41.134,5579,6.9,3000000,82515113,27.51
94329,Movie,The Raid,Gareth Evans,"Iko Uwais, Joe Taslim, Donny Alamsyah, Yayan Ruhian, Pierre Gruno","France, Indonesia, United States of America",2012-03-22,2012,7.405,"Action, Thriller, Crime",id,40.973,3506,7.405,1100000,9148519,8.32
87827,Movie,Life of Pi,Ang Lee,"Suraj Sharma, Irrfan Khan, Ayush Tandon, Gautam Belur, Adil Hussain","India, Taiwan, United Kingdom, United States of America",2012-11-20,2012,7.4,"Adventure, Drama",en,39.406,13168,7.4,120000000,609016565,5.08
41154,Movie,Men in Black 3,Barry Sonnenfeld,"Will Smith, Tommy Lee Jones, Josh Brolin, Jemaine Clement, Emma Thompson","United Arab Emirates, United States of America",2012-05-23,2012,6.5,"Action, Comedy, Science Fiction",en,39.044,10389,6.5,225000000,624000000,2.77
77877,Movie,The Lucky One,Scott Hicks,"Zac Efron, Taylor Schilling, Blythe Danner, Jay R. Ferguson, Riley Thomas Stewart",United States of America,2012-04-19,2012,7.2,"Drama, Romance",en,38.182,3676,7.2,25000000,99400000,3.98
58595,Movie,Snow White and the Huntsman,Rupert Sanders,"Kristen Stewart, Chris Hemsworth, Charlize Theron, Sam Claflin, Ian McShane",United States of America,2012-05-30,2012,6.0,"Adventure, Fantasy, Drama",en,36.278,7909,6.0,170000000,396600000,2.33
52520,Movie,Underworld: Awakening,"Måns Mårlind, Björn Stein","Kate Beckinsale, Stephen Rea, Michael Ealy, Theo James, India Eisley",United States of America,2012-01-19,2012,6.322,"Fantasy, Action, Horror",en,36.167,4102,6.322,70000000,160112671,2.29
84892,Movie,The Perks of Being a Wallflower,Stephen Chbosky,"Logan Lerman, Emma Watson, Ezra Miller, Mae Whitman, Kate Walsh",United States of America,2012-09-20,2012,7.8,Drama,en,35.708,10575,7.8,13000000,33384127,2.57
76493,Movie,The Dictator,Larry Charles,"Sacha Baron Cohen, Ben Kingsley, Anna Faris, Jason Mantzoukas, Sayed Badreya",United States of America,2012-05-15,2012,6.2,Comedy,en,34.436,5938,6.2,65000000,179379533,2.76
87502,Movie,Flight,Robert Zemeckis,"Denzel Washington, Don Cheadle, Kelly Reilly, John Goodman, Bruce Greenwood",United States of America,2012-11-02,2012,6.842,Drama,en,34.412,6053,6.842,31000000,161772575,5.22
62213,Movie,Dark Shadows,Tim Burton,"Johnny Depp, Michelle Pfeiffer, Helena Bonham Carter, Eva Green, Jackie Earle Haley","United Kingdom, United States of America",2012-05-09,2012,6.1,"Comedy, Fantasy",en,31.393,7248,6.1,150000000,245527149,1.64
59967,Movie,Looper,Rian Johnson,"Joseph Gordon-Levitt, Bruce Willis, Emily Blunt, Paul Dano, Noah Segan",United States of America,2012-09-26,2012,6.889,"Action, Thriller, Science Fiction",en,31.148,10261,6.889,30000000,47042000,1.57
49040,Movie,The Bourne Legacy,Tony Gilroy,"Jeremy Renner, Rachel Weisz, Edward Norton, Stacy Keach, Dennis Boutsikaris",United States of America,2012-08-08,2012,6.228,"Action, Thriller",en,30.584,5732,6.228,130000000,276600000,2.13
97630,Movie,Zero Dark Thirty,Kathryn Bigelow,"Jessica Chastain, Jason Clarke, Kyle Chandler, Jennifer Ehle, Mark Strong",United States of America,2012-12-19,2012,7.0,"Thriller, Drama",en,29.88,4570,7.0,40000000,132800000,3.32
118957,Movie,Bait,Kimble Rendall,"Sharni Vinson, Phoebe Tonkin, Julian McMahon, Alex Russell, Xavier Samuel","Singapore, Australia",2012-09-05,2012,5.7,Horror,en,29.489,754,5.7,30000000,32500000,1.08
61012,Movie,Silent Hill: Revelation 3D,M.J. Bassett,"Adelaide Clemens, Sean Bean, Radha Mitchell, Carrie-Anne Moss, Malcolm McDowell","Canada, France, Japan, United States of America",2012-10-10,2012,5.5,"Thriller, Horror, Mystery",en,29.303,1650,5.5,20000000,55362705,2.77
64635,Movie,Total Recall,Len Wiseman,"Colin Farrell, Jessica Biel, Kate Beckinsale, Ethan Hawke, Bill Nighy","Canada, India, United States of America",2012-08-02,2012,6.02,"Action, Science Fiction, Thriller",en,29.058,5529,6.02,125000000,198800000,1.59
121734,Movie,"Tad, the Lost Explorer",Enrique Gato,"Óscar Barberán, Michelle Jenner, José Mota, Pep Anton Muñoz, Miguel Ángel Jenner","France, Spain",2012-08-10,2012,6.3,"Animation, Comedy, Adventure, Family",es,29.028,569,6.3,10500000,23000000,2.19
72331,Movie,Abraham Lincoln: Vampire Hunter,Timur Bekmambetov,"Benjamin Walker, Dominic Cooper, Anthony Mackie, Mary Elizabeth Winstead, Rufus Sewell","Russia, United States of America",2012-06-20,2012,5.7,"Action, Fantasy, Horror",en,28.608,3353,5.7,69000000,116500000,1.69
80278,Movie,The Impossible,J.A. Bayona,"Naomi Watts, Ewan McGregor, Tom Holland, Samuel Joslin, Oaklee Pendergast","Spain, United States of America",2012-09-09,2012,7.362,"Drama, Thriller, History",en,28.089,6338,7.362,45000000,198100000,4.4
82695,Movie,Les Misérables,Tom Hooper,"Hugh Jackman, Russell Crowe, Anne Hathaway, Amanda Seyfried, Sacha Baron Cohen","United Kingdom, United States of America",2012-12-18,2012,7.3,"History, Drama",en,27.716,5311,7.3,61000000,442636309,7.26
62214,Movie,Frankenweenie,Tim Burton,"Catherine O'Hara, Martin Short, Martin Landau, Charlie Tahan, Atticus Shaffer",United States of America,2012-10-04,2012,6.992,"Animation, Comedy, Family",en,26.921,3386,6.992,39000000,81493846,2.09
68734,Movie,Argo,Ben Affleck,"Ben Affleck, Bryan Cranston, Alan Arkin, John Goodman, Victor Garber","United Kingdom, United States of America",2012-10-11,2012,7.278,"Drama, Thriller",en,26.873,8352,7.278,44500000,232300000,5.22
83542,Movie,Cloud Atlas,"Lilly Wachowski, Lana Wachowski, Tom Tykwer","Tom Hanks, Halle Berry, Jim Broadbent, Hugo Weaving, Jim Sturgess","Germany, United States of America, China, Hong Kong, Singapore",2012-10-26,2012,6.886,"Drama, Science Fiction",en,26.684,7127,6.886,102000000,130482868,1.28
62764,Movie,Mirror Mirror,Tarsem Singh,"Lily Collins, Julia Roberts, Armie Hammer, Nathan Lane, Martin Klebba",United States of America,2012-03-15,2012,5.9,"Adventure, Comedy, Family, Fantasy",en,26.259,3167,5.9,85000000,183018522,2.15
60747,Movie,Red Dawn,Dan Bradley,"Chris Hemsworth, Josh Peck, Josh Hutcherson, Isabel Lucas, Adrianne Palicki",United States of America,2012-03-15,2012,5.706,"Action, Thriller",en,26.192,1635,5.706,65000000,44806783,0.69
75174,Movie,The Grey,Joe Carnahan,"Liam Neeson, Dermot Mulroney, Frank Grillo, Dallas Roberts, Nonso Anozie","United Kingdom, United States of America",2012-01-26,2012,6.6,"Action, Adventure, Drama, Thriller",en,25.95,3860,6.6,25000000,79781695,3.19
82693,Movie,Silver Linings Playbook,David O. Russell,"Bradley Cooper, Jennifer Lawrence, Robert De Niro, Jacki Weaver, Chris Tucker",United States of America,2012-11-16,2012,7.1,"Drama, Comedy, Romance",en,25.933,12075,7.1,21000000,236412453,11.26
77174,Movie,ParaNorman,"Sam Fell, Chris Butler","Kodi Smit-McPhee, Tucker Albrizzi, Jodelle Ferland, Anna Kendrick, Casey Affleck",United States of America,2012-08-03,2012,6.989,"Family, Animation, Adventure, Comedy",en,25.704,2559,6.989,60000000,107139399,1.79
49049,Movie,Dredd,Pete Travis,"Karl Urban, Olivia Thirlby, Lena Headey, Wood Harris, Langley Kirkwood","South Africa, United Kingdom, United States of America, India",2012-09-07,2012,6.84,"Action, Science Fiction",en,25.039,5115,6.84,50000000,41037742,0.82
72387,Movie,Safe,Boaz Yakin,"Jason Statham, Chris Sarandon, James Hong, Catherine Chan, Robert John Burke","India, United States of America",2012-04-16,2012,6.485,"Action, Crime, Thriller",en,24.751,2487,6.485,30000000,40300000,1.34
87825,Movie,Trouble with the Curve,Robert Lorenz,"Clint Eastwood, Amy Adams, Justin Timberlake, Matthew Lillard, Jack Gilpin",United States of America,2012-09-21,2012,6.993,"Drama, Romance",en,24.514,1604,6.993,60000000,49000000,0.82
98567,Movie,Chinese Zodiac,Jackie Chan,"Jackie Chan, Yao Xingtong, Kwon Sang-woo, Zhang Lanxin, Liao Fan","China, Hong Kong",2012-12-20,2012,6.2,"Action, Adventure",cn,24.3,823,6.2,26000000,171300000,6.59
103332,Movie,Ruby Sparks,"Jonathan Dayton, Valerie Faris","Paul Dano, Zoe Kazan, Chris Messina, Annette Bening, Antonio Banderas",United States of America,2012-07-25,2012,7.1,"Comedy, Romance, Fantasy, Drama",en,23.735,1651,7.1,8000000,9368803,1.17
89492,Movie,This Is 40,Judd Apatow,"Paul Rudd, Leslie Mann, John Lithgow, Megan Fox, Maude Apatow",United States of America,2012-12-20,2012,5.9,Comedy,en,23.489,2176,5.9,35000000,88200000,2.52
113947,Movie,The Sessions,Ben Lewin,"John Hawkes, Helen Hunt, William H. Macy, Moon Bloodgood, Annika Marks",United States of America,2012-05-02,2012,6.902,"Drama, Romance, Comedy",en,23.013,564,6.902,1000000,9138338,9.14
72570,Movie,The Vow,Michael Sucsy,"Rachel McAdams, Channing Tatum, Sam Neill, Scott Speedman, Jessica Lange",United States of America,2012-02-05,2012,7.2,"Drama, Romance",en,22.748,4073,7.2,30000000,196114570,6.54
127493,Movie,Stolen,Simon West,"Nicolas Cage, Sami Gayle, Josh Lucas, Malin Åkerman, Danny Huston",United States of America,2012-09-06,2012,5.465,"Action, Crime, Thriller",en,22.067,1032,5.465,35000000,2106557,0.06
71668,Movie,Piranha 3DD,John Gulager,"Danielle Panabaker, Matt Bush, Katrina Bowden, Jean-Luc Bilodeau, David Koechner",United States of America,2012-05-11,2012,4.314,"Horror, Thriller, Comedy",en,22.009,1072,4.314,5000000,8493728,1.7
85446,Movie,Step Up Revolution,Scott Speer,"Kathryn McCormick, Ryan Guzman, Misha Gabriel, Stephen 'tWitch' Boss, Cleopatra Coleman",United States of America,2012-07-26,2012,6.9,"Music, Drama, Romance",en,21.968,2049,6.9,33000000,140470746,4.26
82650,Movie,Diary of a Wimpy Kid: Dog Days,David Bowers,"Zachary Gordon, Robert Capron, Devon Bostick, Peyton List, Steve Zahn","United States of America, Canada",2012-08-02,2012,6.3,"Comedy, Family",en,21.719,976,6.3,22000000,76196538,3.46
76494,Movie,What to Expect When You're Expecting,Kirk Jones,"Jennifer Lopez, Chace Crawford, Anna Kendrick, Cameron Diaz, Elizabeth Banks",United States of America,2012-05-17,2012,5.997,"Romance, Comedy, Drama",en,21.541,1796,5.997,40000000,79700000,1.99
72976,Movie,Lincoln,Steven Spielberg,"Daniel Day-Lewis, Sally Field, David Strathairn, Joseph Gordon-Levitt, James Spader","India, United States of America",2012-11-09,2012,6.9,"History, Drama",en,21.453,3812,6.9,65000000,275300000,4.24
75674,Movie,Act of Valor,"Mike McCoy, Scott Waugh","Roselyn Sánchez, Emilio Rivera, Gonzalo Menendez, Marissa Labog, Nestor Serrano",United States of America,2012-02-24,2012,6.5,"Action, Thriller, War",en,21.244,1155,6.5,12000000,82499399,6.87
77883,Movie,The Possession,Ole Bornedal,"Jeffrey Dean Morgan, Kyra Sedgwick, Natasha Calis, Madison Davenport, Rob LaBelle","United States of America, Canada",2012-08-30,2012,6.037,"Horror, Thriller",en,21.164,1610,6.037,14000000,85400000,6.1
65086,Movie,The Woman in Black,James Watkins,"Daniel Radcliffe, Ciarán Hinds, Janet McTeer, Liz White, Tim McMullan","Canada, United Kingdom",2012-02-03,2012,6.1,"Drama, Horror, Thriller",en,20.822,3481,6.1,32000000,129000000,4.03
59962,Movie,This Means War,McG,"Reese Witherspoon, Chris Pine, Tom Hardy, Til Schweiger, Chelsea Handler",United States of America,2012-02-14,2012,6.2,"Action, Comedy, Romance",en,20.733,3407,6.2,65000000,156974557,2.41
10679,Movie,Iron Sky,Timo Vuorensola,"Julia Dietze, Christopher Kirby, Götz Otto, Udo Kier, Peta Sergeant","Finland, Germany, Australia",2012-04-04,2012,5.7,"Action, Comedy, Science Fiction",en,20.331,1629,5.7,7500000,10109659,1.35
75638,Movie,Red Lights,Rodrigo Cortés,"Sigourney Weaver, Robert De Niro, Cillian Murphy, Elizabeth Olsen, Toby Jones","Spain, United States of America",2012-03-02,2012,6.2,Thriller,en,19.64,1268,6.2,14000000,13551174,0.97
83666,Movie,Moonrise Kingdom,Wes Anderson,"Jared Gilman, Kara Hayward, Bruce Willis, Edward Norton, Bill Murray",United States of America,2012-05-16,2012,7.685,"Comedy, Drama, Romance",en,19.607,5906,7.685,16000000,68263166,4.27
103686,Movie,Paradise: Love,Ulrich Seidl,"Margarethe Tiesel, Peter Kazungu, Inge Maux, Dunja Sowinetz, Helen Brugat","Austria, France, Germany",2012-04-27,2012,6.8,Drama,de,19.586,198,6.8,3600000,24267,0.01
93856,Movie,Chernobyl Diaries,Bradley Parker,"Olivia Taylor Dudley, Jesse McCartney, Devin Kelley, Jonathan Sadowski, Ingrid Bolsø Berdal",United States of America,2012-05-24,2012,5.3,"Horror, Thriller",en,19.554,1585,5.3,1000000,38390020,38.39
126319,Movie,Ernest & Celestine,"Stéphane Aubier, Vincent Patar, Benjamin Renner","Anne-Marie Loop, Lambert Wilson, Pauline Brunner, Patrice Melennec, Brigitte Virtudes","Belgium, France, Luxembourg",2012-12-12,2012,7.8,"Animation, Comedy, Drama, Family, Adventure",fr,19.463,608,7.8,12516654,8109160,0.65
77866,Movie,Contraband,Baltasar Kormákur,"Mark Wahlberg, Kate Beckinsale, Ben Foster, Giovanni Ribisi, Lukas Haas","Iceland, United Kingdom, United States of America",2012-01-12,2012,6.331,"Thriller, Action, Drama, Crime",en,19.333,2072,6.331,25000000,96262212,3.85
75629,Movie,Evangelion: 3.0 You Can (Not) Redo,"Hideaki Anno, Masayuki, Mahiro Maeda, Kazuya Tsurumaki","Megumi Ogata, Yuko Miyamura, Akira Ishida, Megumi Hayashibara, Maaya Sakamoto",Japan,2012-11-17,2012,7.2,"Animation, Science Fiction, Action, Drama",ja,19.22,830,7.2,13000000,67282623,5.18
87826,Movie,Here Comes the Boom,Frank Coraci,"Kevin James, Salma Hayek Pinault, Henry Winkler, Greg Germann, Joe Rogan",United States of America,2012-10-10,2012,6.188,"Comedy, Action, Drama",en,19.166,1463,6.188,42000000,73100000,1.74
77016,Movie,End of Watch,David Ayer,"Jake Gyllenhaal, Michael Peña, Natalie Martinez, Anna Kendrick, David Harbour",United States of America,2012-09-20,2012,7.3,"Crime, Drama, Thriller",en,19.0,3300,7.3,7000000,55078146,7.87
96724,Movie,Anna Karenina,Joe Wright,"Keira Knightley, Jude Law, Aaron Taylor-Johnson, Matthew Macfadyen, Eric MacLennan",United Kingdom,2012-09-06,2012,6.7,"Drama, Romance, History",en,18.675,2297,6.7,40600000,68929150,1.7
76489,Movie,The Three Stooges,"Peter Farrelly, Bobby Farrelly","Sean Hayes, Will Sasso, Chris Diamantopoulos, Jane Lynch, Sofía Vergara",United States of America,2012-04-13,2012,5.8,Comedy,en,18.576,594,5.8,30000000,54819301,1.83
84188,Movie,Compliance,Craig Zobel,"Ann Dowd, Dreama Walker, Pat Healy, Bill Camp, Philip Ettinger",United States of America,2012-08-23,2012,6.367,"Drama, Thriller",en,18.297,703,6.367,270000,592116,2.19
72358,Movie,A Thousand Words,Brian Robbins,"Eddie Murphy, Kerry Washington, Cliff Curtis, Clark Duke, Allison Janney",United States of America,2012-03-07,2012,6.1,"Drama, Comedy",en,18.292,1326,6.1,40000000,22044277,0.55
64689,Movie,Killing Them Softly,Andrew Dominik,"Brad Pitt, Scoot McNairy, Ben Mendelsohn, James Gandolfini, Ray Liotta",United States of America,2012-07-30,2012,6.024,"Crime, Thriller",en,18.281,2213,6.024,15000000,37930465,2.53
80389,Movie,Get the Gringo,Adrian Grünberg,"Mel Gibson, Kevin Hernandez, Daniel Giménez Cacho, Peter Stormare, Jesús Ochoa",United States of America,2012-03-15,2012,6.581,"Action, Thriller, Crime, Drama",en,18.08,1656,6.581,35000000,8826837,0.25
80035,Movie,The Watch,Akiva Schaffer,"Ben Stiller, Vince Vaughn, Jonah Hill, Richard Ayoade, Rosemarie DeWitt",United States of America,2012-07-26,2012,5.584,"Comedy, Action, Science Fiction",en,17.976,2325,5.584,68000000,68267862,1.0
72431,Movie,Red Tails,Anthony Hemingway,"Bryan Cranston, David Oyelowo, Cuba Gooding Jr., Daniela Ruah, Terrence Howard",United States of America,2012-01-19,2012,6.6,"Drama, Action, Adventure, History, War",en,17.905,637,6.6,58000000,50365377,0.87
59961,Movie,Safe House,Daniel Espinosa,"Denzel Washington, Ryan Reynolds, Vera Farmiga, Brendan Gleeson, Sam Shepard",United States of America,2012-02-08,2012,6.5,"Action, Thriller",en,17.852,3649,6.5,85000000,208076205,2.45
80280,Movie,[REC]³ Genesis,Paco Plaza,"Leticia Dolera, Diego Martín, Ismael Martínez, Àlex Monner, Borja González Santaolalla",Spain,2012-03-30,2012,5.291,Horror,es,17.842,1497,5.291,6400000,11019975,1.72
103620,Movie,Maniac,Franck Khalfoun,"Elijah Wood, Nora Arnezeder, America Olivo, Zoe Aggeliki, Jan Broberg",France,2012-12-26,2012,6.0,"Horror, Thriller",en,17.513,939,6.0,6000000,2631275,0.44
80271,Movie,LOL,Lisa Azuelos,"Miley Cyrus, Demi Moore, Douglas Booth, Ashley Greene, Ashley Grace",United States of America,2012-02-10,2012,6.1,"Drama, Comedy, Romance",en,17.463,2678,6.1,11000000,10500000,0.95
77930,Movie,Magic Mike,Steven Soderbergh,"Channing Tatum, Matthew McConaughey, Alex Pettyfer, Cody H. Carolin, Olivia Munn",United States of America,2012-06-28,2012,6.2,"Drama, Comedy",en,17.397,2953,6.2,7000000,167200000,23.89
82505,Movie,House at the End of the Street,Mark Tonderai,"Jennifer Lawrence, Elisabeth Shue, Max Thieriot, Gil Bellows, Allie MacDonald","United States of America, Canada",2012-09-21,2012,5.8,"Horror, Thriller",en,17.3,1804,5.8,6900000,44287131,6.42
68722,Movie,The Master,Paul Thomas Anderson,"Joaquin Phoenix, Philip Seymour Hoffman, Amy Adams, Rami Malek, Laura Dern",United States of America,2012-09-14,2012,7.117,Drama,en,17.071,2990,7.117,32000000,28258060,0.88
38541,Movie,The Divide,Xavier Gens,"Lauren German, Michael Biehn, Milo Ventimiglia, Courtney B. Vance, Ashton Holmes","Canada, Germany, United States of America",2012-01-13,2012,5.927,"Horror, Science Fiction, Thriller",en,17.015,667,5.927,3000000,156362,0.05
71864,Movie,The Odd Life of Timothy Green,Peter Hedges,"Jennifer Garner, Joel Edgerton, CJ Adams, Odeya Rush, Shohreh Aghdashloo",United States of America,2012-08-15,2012,7.0,"Fantasy, Drama, Comedy, Family",en,16.837,1190,7.0,25000000,56012642,2.24
83686,Movie,The Words,"Brian Klugman, Lee Sternthal","Bradley Cooper, Zoe Saldaña, Jeremy Irons, Dennis Quaid, Olivia Wilde",United States of America,2012-09-07,2012,6.644,"Drama, Thriller",en,16.751,1198,6.644,6000000,13231461,2.21
82990,Movie,Paranormal Activity 4,"Henry Joost, Ariel Schulman","Katie Featherston, Kathryn Newton, Matt Shively, Aiden Lovekamp, Brady Allen","United States of America, Australia",2012-10-17,2012,5.407,Horror,en,16.258,1897,5.407,5000000,142802657,28.56
81796,Movie,Lockout,"Stephen St. Leger, James Mather","Guy Pearce, Maggie Grace, Vincent Regan, Joseph Gilgun, Lennie James",France,2012-04-12,2012,5.937,"Action, Thriller, Science Fiction",en,16.228,1853,5.937,20000000,32948113,1.65
58244,Movie,Upside Down,Juan Diego Solanas,"Kirsten Dunst, Jim Sturgess, Timothy Spall, James Kidnie, Holly Uloth","Canada, France",2012-09-27,2012,6.272,"Romance, Science Fiction, Drama, Fantasy",en,16.121,2500,6.272,60000000,22187813,0.37
78698,Movie,Big Miracle,Ken Kwapis,"Drew Barrymore, John Krasinski, Kristen Bell, Vinessa Shaw, Dermot Mulroney","Canada, United Kingdom, United States of America",2012-02-02,2012,6.7,"Adventure, Drama, Romance, Fantasy",en,16.11,496,6.7,40000000,24719215,0.62
82633,Movie,Lawless,John Hillcoat,"Shia LaBeouf, Tom Hardy, Gary Oldman, Guy Pearce, Jason Clarke",United States of America,2012-08-29,2012,7.1,"Crime, Drama, Western",en,16.039,3096,7.1,26000000,55404207,2.13
77953,Movie,The Campaign,Jay Roach,"Will Ferrell, Zach Galifianakis, Jason Sudeikis, Katherine LaNasa, Dylan McDermott",United States of America,2012-08-09,2012,5.824,Comedy,en,15.54,1752,5.824,95000000,104907746,1.1
74534,Movie,The Best Exotic Marigold Hotel,John Madden,"Bill Nighy, Maggie Smith, Tom Wilkinson, Judi Dench, Dev Patel","United Arab Emirates, United Kingdom, United States of America",2012-02-23,2012,6.944,"Drama, Comedy",en,15.438,1351,6.944,10000000,136800000,13.68
133694,Movie,Promised Land,Gus Van Sant,"Matt Damon, Frances McDormand, John Krasinski, Rosemarie DeWitt, Hal Holbrook","United Arab Emirates, United States of America",2012-09-23,2012,6.287,Drama,en,15.363,693,6.287,15000000,8100000,0.54
122857,Movie,Universal Soldier: Day of Reckoning,John Hyams,"Jean-Claude Van Damme, Scott Adkins, Dolph Lundgren, Andrei Arlovski, Mariah Bonner",United States of America,2012-10-04,2012,5.5,"Action, Science Fiction, Thriller",en,15.184,436,5.5,11500000,1402307,0.12
68812,Movie,The Iceman,Ariel Vromen,"Michael Shannon, Winona Ryder, Ray Liotta, Chris Evans, David Schwimmer",United States of America,2012-09-01,2012,6.5,"Thriller, Crime, Drama",en,15.137,1033,6.5,20000000,1969193,0.1
103328,Movie,Holy Motors,Leos Carax,"Denis Lavant, Édith Scob, Eva Mendes, Kylie Minogue, Élise Lhomeau","Germany, France",2012-07-02,2012,6.991,"Drama, Fantasy",fr,15.118,1168,6.991,4000000,641100,0.16
93837,Movie,So Undercover,Tom Vaughan,"Miley Cyrus, Jeremy Piven, Mike O'Malley, Joshua Bowman, Lauren McKnight",United States of America,2012-12-06,2012,6.129,"Action, Comedy",en,15.048,1121,6.129,15000000,2500000,0.17
82525,Movie,Savages,Oliver Stone,"Taylor Kitsch, Blake Lively, Aaron Taylor-Johnson, John Travolta, Salma Hayek Pinault","France, United States of America",2012-07-06,2012,6.349,"Crime, Drama, Thriller",en,15.042,2160,6.349,45000000,82966152,1.84
115210,Movie,Stitches,Conor McMahon,"Ross Noble, Tommy Knight, Gemma-Leah Devereux, John McDonnell, Shane Murray-Corcoran","Ireland, United States of America",2012-10-05,2012,6.3,Horror,en,15.032,417,6.3,100000,95000,0.95
99770,Movie,Asterix & Obelix: God Save Britannia,Laurent Tirard,"Édouard Baer, Gérard Depardieu, Guillaume Gallienne, Vincent Lacoste, Valérie Lemercier","France, Hungary, Italy, Spain",2012-10-17,2012,5.095,"Family, Adventure, Comedy",fr,15.009,1315,5.095,61000000,61319383,1.01
70074,Movie,Bullet to the Head,Walter Hill,"Sylvester Stallone, Sung Kang, Sarah Shahi, Adewale Akinnuoye-Agbaje, Jason Momoa","India, Switzerland, United States of America",2012-11-14,2012,5.6,"Action, Crime, Thriller",en,14.734,1285,5.6,55000000,9489829,0.17
72197,Movie,The Pirates! In an Adventure with Scientists!,Peter Lord,"Hugh Grant, Martin Freeman, Imelda Staunton, David Tennant, Jeremy Piven",United Kingdom,2012-03-12,2012,6.5,"Animation, Adventure, Family, Comedy",en,14.55,1111,6.5,60000000,123054041,2.05
97430,Movie,The Man with the Iron Fists,RZA,"RZA, Russell Crowe, Lucy Liu, Jamie Chung, Zhu Zhu","China, Hong Kong, United States of America",2012-11-02,2012,5.5,Action,en,14.504,1127,5.5,15000000,20546518,1.37
83770,Movie,On the Road,Walter Salles,"Garrett Hedlund, Sam Riley, Kristen Stewart, Amy Adams, Tom Sturridge","Brazil, France, United Kingdom, United States of America",2012-05-22,2012,5.6,"Adventure, Drama",en,14.492,846,5.6,25000000,8784318,0.35
80585,Movie,Rock of Ages,Adam Shankman,"Julianne Hough, Diego Boneta, Alec Baldwin, Tom Cruise, Russell Brand",United States of America,2012-06-13,2012,6.2,"Comedy, Drama, Romance, Music",en,14.489,1269,6.2,75000000,59400000,0.79
82390,Movie,The Paperboy,Lee Daniels,"Zac Efron, Matthew McConaughey, Nicole Kidman, David Oyelowo, Macy Gray",United States of America,2012-09-14,2012,5.5,"Thriller, Drama, Mystery",en,14.486,753,5.5,12500000,1353868,0.11
123678,Movie,The Act of Killing,Joshua Oppenheimer,"Anwar Congo, Herman Koto, Syamsul Arifin, Ibrahim Sinik, Yapto Soerjosoemarno","Denmark, Norway, United Kingdom",2012-11-01,2012,7.7,Documentary,id,14.419,684,7.7,1000000,722714,0.72
68179,Movie,Escape from Planet Earth,Cal Brunker,"Rob Corddry, Brendan Fraser, Jessica Alba, Steve Zahn, Sarah Jessica Parker","Canada, United States of America",2012-10-09,2012,5.7,"Animation, Comedy, Adventure, Family, Science Fiction",en,14.309,761,5.7,40000000,74597643,1.86
67660,Movie,Think Like a Man,Tim Story,"Michael Ealy, Jerry Ferrara, Meagan Good, Regina Hall, Kevin Hart",United States of America,2012-04-20,2012,6.8,"Comedy, Romance",en,14.272,845,6.8,12000000,96070507,8.01
118628,Movie,English Vinglish,Gauri Shinde,"Sridevi, Adil Hussain, Mehdi Nebbou, Priya Anand, Navika Kotia",India,2012-09-21,2012,7.2,"Comedy, Drama, Family",hi,14.204,262,7.2,2840000,11620000,4.09
72207,Movie,The Five-Year Engagement,Nicholas Stoller,"Jason Segel, Emily Blunt, Rhys Ifans, Chris Pratt, Alison Brie",United States of America,2012-04-27,2012,5.848,"Comedy, Romance",en,14.068,1336,5.848,30000000,54169363,1.81
137548,Movie,Gladiators of Rome,Iginio Straffi,"Luca Argentero, Laura Chiatti, Belén Rodríguez, Massimo Corvo, Enzo Avolio",Italy,2012-10-18,2012,5.7,"Animation, Family",it,14.067,140,5.7,40000000,10079201,0.25
81025,Movie,Salmon Fishing in the Yemen,Lasse Hallström,"Ewan McGregor, Emily Blunt, Kristin Scott Thomas, Rachael Stirling, Amr Waked","France, United Kingdom",2012-03-09,2012,6.436,"Drama, Romance, Comedy",en,14.065,883,6.436,14400000,34564651,2.4
79694,Movie,The Apparition,Todd Lincoln,"Ashley Greene, Sebastian Stan, Tom Felton, Julianna Guill, Anna Clark","Germany, United States of America",2012-08-23,2012,4.5,"Horror, Thriller",en,14.001,431,4.5,17000000,9627492,0.57
117691,Movie,Gangs of Wasseypur - Part 1,Anurag Kashyap,"Manoj Bajpayee, Richa Chadha, Tigmanshu Dhulia, Nawazuddin Siddiqui, Reema Sen",India,2012-06-22,2012,7.1,"Action, Thriller, Crime",hi,13.987,373,7.1,1400000,4100000,2.93
86838,Movie,Seven Psychopaths,Martin McDonagh,"Colin Farrell, Sam Rockwell, Woody Harrelson, Christopher Walken, Olga Kurylenko",United Kingdom,2012-10-12,2012,6.8,"Comedy, Crime",en,13.956,3957,6.8,15000000,33035736,2.2
76487,Movie,The Devil Inside,William Brent Bell,"Fernanda Andrade, Simon Quarterman, Evan Helmuth, Ionut Grama, Suzan Crowley",United States of America,2012-01-06,2012,4.7,"Horror, Thriller",en,13.93,795,4.7,1000000,101800000,101.8
103370,Movie,Madea's Witness Protection,Tyler Perry,"Tyler Perry, Eugene Levy, Denise Richards, Romeo, Doris Roberts",United States of America,2012-06-29,2012,6.1,"Drama, Comedy, Crime",en,13.912,180,6.1,20000000,66899242,3.34
50647,Movie,Wanderlust,David Wain,"Jennifer Aniston, Paul Rudd, Justin Theroux, Malin Åkerman, Kathryn Hahn",United States of America,2012-02-23,2012,5.502,"Comedy, Romance",en,13.901,1257,5.502,35000000,24200000,0.69
94348,Movie,Alex Cross,Rob Cohen,"Tyler Perry, Edward Burns, Matthew Fox, Rachel Nichols, Carmen Ejogo","United States of America, France",2012-10-18,2012,5.186,"Action, Thriller, Crime, Mystery",en,13.867,724,5.186,45000000,30353232,0.67
86837,Movie,Amour,Michael Haneke,"Jean-Louis Trintignant, Emmanuelle Riva, Isabelle Huppert, Alexandre Tharaud, William Shimell","Austria, France, Germany",2012-09-20,2012,7.762,"Drama, Romance",fr,13.836,1642,7.762,8900000,29800000,3.35
112336,Movie,Hitchcock,Sacha Gervasi,"Anthony Hopkins, Helen Mirren, Scarlett Johansson, Danny Huston, Toni Collette",United States of America,2012-11-22,2012,6.6,Drama,en,13.791,1519,6.6,15700000,23570541,1.5
88273,Movie,A Royal Affair,Nikolaj Arcel,"Mads Mikkelsen, Alicia Vikander, Mikkel Boe Følsgaard, David Dencik, Cyron Melville","Czech Republic, Denmark, Germany, Sweden",2012-03-29,2012,7.4,"Drama, History, Romance",da,13.691,881,7.4,8000000,14800000,1.85
49526,Movie,Premium Rush,David Koepp,"Joseph Gordon-Levitt, Michael Shannon, Dania Ramirez, Jamie Chung, Wolé Parks",United States of America,2012-08-24,2012,6.3,"Crime, Action, Thriller",en,13.643,2134,6.3,35000000,31100000,0.89
70436,Movie,The Raven,James McTeigue,"John Cusack, Luke Evans, Alice Eve, Brendan Gleeson, Kevin McNally","Hungary, Serbia, Spain, United States of America",2012-03-09,2012,6.288,"Crime, Thriller, Mystery",en,13.627,1351,6.288,26000000,29657751,1.14
97614,Movie,Deadfall,Stefan Ruzowitzky,"Eric Bana, Olivia Wilde, Charlie Hunnam, Kate Mara, Kris Kristofferson","France, United States of America",2012-11-08,2012,6.0,"Crime, Drama, Thriller",en,13.489,677,6.0,12000000,1900000,0.16
96399,Movie,Outlaws - For Greater Glory,Dean Wright,"Eva Longoria, Andy García, Oscar Isaac, Peter O'Toole, Rubén Blades","Mexico, United States of America",2012-06-01,2012,6.753,"History, Drama, Action, War",en,13.484,154,6.753,12000000,10173682,0.85
54054,Movie,One for the Money,Julie Anne Robinson,"Katherine Heigl, Jason O'Mara, Daniel Sunjata, John Leguizamo, Sherri Shepherd",United States of America,2012-01-26,2012,5.6,"Action, Comedy, Crime",en,13.484,960,5.6,40000000,36893721,0.92
88042,Movie,Parental Guidance,Andy Fickman,"Billy Crystal, Bette Midler, Marisa Tomei, Tom Everett Scott, Bailee Madison",United States of America,2012-12-25,2012,6.0,Comedy,en,13.445,461,6.0,25000000,119772232,4.79
49527,Movie,Man on a Ledge,Asger Leth,"Sam Worthington, Elizabeth Banks, Jamie Bell, Anthony Mackie, Edward Burns",United States of America,2012-01-13,2012,6.427,"Action, Thriller, Crime",en,13.413,2625,6.427,42000000,46221189,1.1
94901,Movie,About Cherry,Stephen Elliott,"Ashley Grace, Heather Graham, Lili Taylor, Dev Patel, Diane Farr",United States of America,2012-02-14,2012,4.6,Drama,en,13.219,293,4.6,2500000,8315,0.0
139567,Movie,Fire with Fire,David Barrett,"Josh Duhamel, Bruce Willis, Rosario Dawson, Vincent D'Onofrio, 50 Cent","United Kingdom, United States of America",2012-08-31,2012,5.674,"Action, Crime, Drama, Thriller",en,13.167,682,5.674,20000000,2500277,0.13
87496,Movie,The Company You Keep,Robert Redford,"Robert Redford, Shia LaBeouf, Brendan Gleeson, Terrence Howard, Susan Sarandon","Canada, United States of America",2012-12-20,2012,6.174,"Drama, Thriller",en,13.111,706,6.174,2000000,20014680,10.01
149427,Movie,Journey to the Christmas Star,Nils Gaup,"Vilde Zeiner, Anders Baasmo Christiansen, Agnes Kittelsen, Stig Werner Moe, Eilif Hellum Noraker",Norway,2012-11-09,2012,6.0,"Fantasy, Adventure, Family",no,12.973,173,6.0,5000000,7419431,1.48
121642,Movie,Twice Born,Sergio Castellitto,"Penélope Cruz, Emile Hirsch, Adnan Hasković, Saadet Işıl Aksoy, Pietro Castellitto","Italy, Spain",2012-09-13,2012,7.3,"Drama, Romance, War",it,12.801,453,7.3,13000000,18295,0.0
110146,Movie,The Sapphires,Wayne Blair,"Chris O'Dowd, Deborah Mailman, Jessica Mauboy, Shari Sebbens, Miranda Tapsell",Australia,2012-08-08,2012,6.8,"Comedy, Drama",en,12.723,208,6.8,9000000,20400000,2.27
82687,Movie,The Guilt Trip,Anne Fletcher,"Seth Rogen, Barbra Streisand, Yvonne Strahovski, Colin Hanks, Brett Cullen",United States of America,2012-12-19,2012,5.597,Comedy,en,12.717,715,5.597,40000000,41863726,1.05
134126,Movie,A Company Man,Lim Sang-Yun,"So Ji-sub, Lee Mi-yeon, Kwak Do-won, Kim Dong-jun, Lee Kyung-young",South Korea,2012-10-11,2012,6.8,"Drama, Action, Crime, Thriller",ko,12.672,176,6.8,3500000,7339398,2.1
84174,Movie,Bachelorette,Leslye Headland,"Kirsten Dunst, Rebel Wilson, Lizzy Caplan, Isla Fisher, James Marsden",United States of America,2012-01-23,2012,5.407,"Comedy, Romance",en,12.653,1198,5.407,3000000,11947954,3.98
84199,Movie,The First Time,Jonathan Kasdan,"Dylan O'Brien, Britt Robertson, Craig Roberts, James Frecheville, Victoria Justice",United States of America,2012-10-19,2012,7.0,"Drama, Comedy, Romance",en,12.598,2112,7.0,2000000,92654,0.05
49014,Movie,Cosmopolis,David Cronenberg,"Robert Pattinson, Juliette Binoche, Sarah Gadon, Mathieu Amalric, Jay Baruchel","Canada, France",2012-05-25,2012,5.7,Drama,en,12.5,1257,5.7,20500000,6063556,0.3
73567,Movie,Killer Joe,William Friedkin,"Matthew McConaughey, Emile Hirsch, Juno Temple, Thomas Haden Church, Gina Gershon",United States of America,2012-06-07,2012,6.5,"Crime, Thriller",en,12.473,1440,6.5,10000000,4633668,0.46
102207,Movie,HOUBA! On the Trail of the Marsupilami,Alain Chabat,"Alain Chabat, Jamel Debbouze, Fred Testot, Lambert Wilson, Patrick Timsit","Belgium, France, Mexico",2012-04-03,2012,5.3,"Family, Adventure, Comedy",fr,12.456,843,5.3,50000000,50100000,1.0
123105,Movie,The Bay,Barry Levinson,"Kristen Connolly, Will Rogers, Michael Beasley, Christopher Denham, Kenny Alfonso",United States of America,2012-09-13,2012,5.8,"Horror, Science Fiction, Thriller",en,12.318,772,5.8,2000000,1581252,0.79
88005,Movie,Seeking a Friend for the End of the World,Lorene Scafaria,"Steve Carell, Keira Knightley, Connie Britton, Rob Corddry, Adam Brody","United States of America, Malaysia, Singapore",2012-06-22,2012,6.572,"Comedy, Drama, Romance, Adventure",en,12.09,2090,6.572,10000000,9636289,0.96
164372,Movie,The Snow Queen,"Vladlen Barbe, Maksim Sveshnikov","Ivan Okhlobystin, Dmitriy Nagiev, Lyudmila Artemeva, Anna Ardova, Elizaveta Arzamasova",Russia,2012-10-11,2012,5.8,"Animation, Fantasy, Family",ru,12.043,168,5.8,7000000,12400000,1.77
126250,Movie,Love Is All You Need,Susanne Bier,"Pierce Brosnan, Trine Dyrholm, Molly Blixt Egelind, Sebastian Jessen, Paprika Steen","Denmark, France, Italy, Japan, Sweden, Germany",2012-09-06,2012,6.0,"Comedy, Romance, Drama",da,11.91,278,6.0,5500000,16722143,3.04
84332,Movie,Safety Not Guaranteed,Colin Trevorrow,"Aubrey Plaza, Mark Duplass, Jake Johnson, Karan Soni, Jenica Bergere",United States of America,2012-06-08,2012,6.785,"Comedy, Romance, Science Fiction",en,11.893,1470,6.785,750000,4424699,5.9
123103,Movie,Aftershock,Nicolás López,"Eli Roth, Andrea Osvárt, Ariel Levy, Lorenza Izzo, Nicolás Martínez","Chile, United States of America",2012-09-12,2012,5.1,"Horror, Thriller",es,11.794,331,5.1,2000000,58510,0.03
109513,Movie,Hit & Run,"David Palmer, Dax Shepard","Dax Shepard, Kristen Bell, Bradley Cooper, Tom Arnold, Kristin Chenoweth",United States of America,2012-08-22,2012,5.699,"Action, Comedy, Romance",en,11.698,541,5.699,2000000,14400000,7.2
123377,Movie,Pieta,Kim Ki-duk,"Cho Min-soo, Lee Jung-jin, Woo Ki-hong, Kang Eun-jin, Heo Joon-seok",South Korea,2012-09-05,2012,7.1,Drama,ko,11.672,381,7.1,103000,6616296,64.24
60599,Movie,Arbitrage,Nicholas Jarecki,"Richard Gere, Susan Sarandon, Tim Roth, Brit Marling, Laetitia Casta",United States of America,2012-09-14,2012,6.315,"Drama, Thriller",en,11.648,857,6.315,12000000,35500000,2.96
84200,Movie,"For a Good Time, Call...",Jamie Travis,"Ari Graynor, Lauren Miller Rogen, Justin Long, Mark Webber, Mimi Rogers",United States of America,2012-08-31,2012,5.9,"Comedy, Drama",en,11.471,306,5.9,850000,1243961,1.46
84329,Movie,Robot & Frank,Jake Schreier,"Frank Langella, Liv Tyler, James Marsden, Susan Sarandon, Peter Sarsgaard",United States of America,2012-08-16,2012,6.9,"Science Fiction, Comedy, Drama, Crime",en,11.411,1086,6.9,2500000,3325038,1.33
224746,Movie,Bekas,Karzan Kader,"Zamand Taha, Sarwar Fazil, Diya Mariwan, Suliman Karim Mohamad, Rahim Hussen","Sweden, Finland, Iraq",2012-11-30,2012,7.505,Drama,ku,11.376,108,7.505,2176270,479226,0.22
86467,Movie,Bel Ami,"Nick Ormerod, Declan Donnellan","Robert Pattinson, Uma Thurman, Christina Ricci, Kristin Scott Thomas, Colm Meaney","Italy, United Kingdom",2012-03-09,2012,5.3,"Romance, Drama",en,11.371,515,5.3,9000000,8303261,0.92
81836,Movie,To Rome with Love,Woody Allen,"Woody Allen, Roberto Benigni, Penélope Cruz, Alec Baldwin, Judy Davis","Italy, United States of America",2012-04-20,2012,5.8,"Comedy, Romance",en,11.289,2009,5.8,17000000,73200000,4.31
116977,Movie,Foodfight!,Lawrence Kasanoff,"Charlie Sheen, Hilary Duff, Eva Longoria, Wayne Brady, Christopher Lloyd",United States of America,2012-06-15,2012,1.899,"Adventure, Comedy, Action, Animation, Family, War",en,11.214,144,1.899,65000000,73706,0.0
138122,Movie,Student of the Year,Karan Johar,"Sidharth Malhotra, Varun Dhawan, Alia Bhatt, Rishi Kapoor, Sana Saeed",India,2012-10-19,2012,5.7,"Comedy, Drama, Romance",hi,11.187,172,5.7,8391922,13749809,1.64
111237,Movie,White Tiger,Karen Shakhnazarov,"Aleksey Vertkov, Vitaly Kishchenko, Valeriy Grishko, Dmitriy Bykovskiy-Romashov, Gerasim Arkhipov",Russia,2012-05-03,2012,5.7,"Action, Adventure, Fantasy, War",ru,10.999,99,5.7,11000000,7200000,0.65
82696,Movie,Hope Springs,David Frankel,"Meryl Streep, Tommy Lee Jones, Steve Carell, Jean Smart, Marin Ireland",United States of America,2012-08-07,2012,6.257,"Drama, Comedy, Romance",en,10.844,777,6.257,30000000,114281051,3.81
90369,Movie,Now Is Good,Ol Parker,"Dakota Fanning, Jeremy Irvine, Kaya Scodelario, Olivia Williams, Paddy Considine",United Kingdom,2012-09-19,2012,7.3,"Drama, Romance",en,10.776,1082,7.3,4500000,2700000,0.6
85739,Movie,ACAB : All Cops Are Bastards,Stefano Sollima,"Pierfrancesco Favino, Filippo Nigro, Marco Giallini, Andrea Sartoretti, Domenico Diele","France, Italy",2012-01-27,2012,7.0,"Action, Drama, Crime",it,10.688,828,7.0,5000000,3300000,0.66
130739,Movie,A Coffee in Berlin,Jan Ole Gerster,"Tom Schilling, Marc Hosemann, Friederike Kempter, Justus von Dohnányi, Katharina Schüttler",Germany,2012-11-01,2012,7.2,"Drama, Comedy",de,10.669,330,7.2,300000,2750275,9.17
77875,Movie,Playing for Keeps,Gabriele Muccino,"Gerard Butler, Jessica Biel, Uma Thurman, Catherine Zeta-Jones, Iqbal Theba",United States of America,2012-11-29,2012,5.7,"Comedy, Romance",en,10.485,682,5.7,35000000,30962335,0.88
84334,Movie,Searching for Sugar Man,Malik Bendjelloul,"Stephen Segerman, Rodriguez, Regan Rodriguez, Eva Rodriguez, Mike Theodore","Finland, South Africa, Sweden, United Kingdom, United States of America",2012-06-30,2012,7.879,"Music, Documentary",en,10.433,933,7.879,1000000,3696196,3.7
127501,Movie,Barfi!,Anurag Basu,"Ranbir Kapoor, Priyanka Chopra Jonas, Ileana D'Cruz, Saurabh Shukla, Jisshu Sengupta",India,2012-09-13,2012,7.5,"Drama, Romance, Comedy",hi,10.41,326,7.5,4437508,2804874,0.63
89584,Movie,Conquest 1453,Faruk Aksoy,"Devrim Evin, İbrahim Çelikkol, Dilek Serbest, Cengiz Coşkun, Recep Aktuğ",Turkey,2012-02-16,2012,6.057,"Adventure, Drama, Action, War",tr,10.379,185,6.057,2581561,9001826,3.49
84165,Movie,2 Days in New York,Julie Delpy,"Julie Delpy, Chris Rock, Albert Delpy, Kate Burton, Dylan Baker","Belgium, France, Germany, United States of America",2012-03-28,2012,5.6,"Comedy, Drama, Romance",en,10.264,289,5.6,8000000,1653792,0.21
59963,Movie,Dark Tide,John Stockwell,"Halle Berry, Olivier Martinez, Sizwe Msutu, Mark Elderkin, Thoko Ntshinga","South Africa, United States of America",2012-03-28,2012,4.8,"Thriller, Adventure, Drama",en,10.194,221,4.8,25000000,432274,0.02
121826,Movie,Quartet,Dustin Hoffman,"Maggie Smith, Tom Courtenay, Billy Connolly, Pauline Collins, Michael Gambon",United Kingdom,2012-12-26,2012,6.5,"Drama, Comedy, Romance",en,10.119,367,6.5,11000000,59520298,5.41
97365,Movie,Rust and Bone,Jacques Audiard,"Marion Cotillard, Matthias Schoenaerts, Armand Verdure, Céline Sallette, Corinne Masiero","Belgium, France, Italy, United Kingdom",2012-05-17,2012,7.2,"Drama, Romance",fr,10.086,1378,7.2,15400000,25762027,1.67
143010,Movie,Thuppakki,A.R. Murugadoss,"Vijay, Kajal Agarwal, Vidyut Jammwal, Sathyan Sivakumar, Jayaram",India,2012-11-13,2012,7.2,"Action, Thriller",ta,10.034,100,7.2,11000000,23000000,2.09
84175,Movie,Beasts of the Southern Wild,Benh Zeitlin,"Quvenzhané Wallis, Dwight Henry, Levy Easterly, Gina Montana, Lowell Landes","Canada, United States of America",2012-06-29,2012,6.8,"Drama, Fantasy",en,9.995,1062,6.8,1800000,21107746,11.73
148265,Movie,Eega,S. S. Rajamouli,"Sudeep, Samantha Ruth Prabhu, Nani, Adithya Menon, Thagubothu Ramesh",India,2012-07-05,2012,7.1,"Fantasy, Action",te,9.981,208,7.1,5990000,19450000,3.25
92591,Movie,Bernie,Richard Linklater,"Jack Black, Shirley MacLaine, Matthew McConaughey, Brady Coleman, Richard Robichaux",United States of America,2012-04-27,2012,6.6,"Comedy, Crime, Drama",en,9.938,938,6.6,5000000,9206470,1.84
82450,Movie,Hamilton: In the Interest of the Nation,Kathrine Windfeld,"Mikael Persbrandt, Saba Mubarak, Jason Flemyng, Pernilla August, Gustaf Hammarsten",Sweden,2012-03-02,2012,6.1,"Thriller, Action, Drama",sv,9.916,124,6.1,6629445,8249053,1.24
121835,Movie,Lore,Cate Shortland,"Saskia Rosendahl, Kai-Peter Malina, Nele Trebs, Ursina Lardi, Hans-Jochen Wagner","Australia, Germany, United Kingdom",2012-08-02,2012,6.8,"Drama, War, Thriller",de,9.877,285,6.8,4000000,970000,0.24
101267,Movie,Katy Perry: Part of Me,"Dan Cutforth, Jane Lipsitz","Katy Perry, Shannon Woodward, Rachael Markarian, Mia Moretti, Glen Ballard",United States of America,2012-06-28,2012,7.2,"Documentary, Music",en,9.761,282,7.2,12000000,32726956,2.73
77948,Movie,The Cold Light of Day,Mabrouk El Mechri,"Henry Cavill, Bruce Willis, Sigourney Weaver, Verónica Echegui, Joseph Mawle","Spain, United States of America",2012-04-04,2012,5.4,"Action, Thriller, Mystery",en,9.728,911,5.4,20000000,16863583,0.84
98548,Movie,People Like Us,Alex Kurtzman,"Chris Pine, Elizabeth Banks, Olivia Wilde, Michelle Pfeiffer, Mark Duplass",United States of America,2012-06-29,2012,6.8,Drama,en,9.697,619,6.8,16000000,12434778,0.78
81446,Movie,The Baytown Outlaws,Barry Battles,"Clayne Crawford, Travis Fimmel, Daniel Cudmore, Thomas Brodie-Sangster, Andre Braugher",United States of America,2012-08-27,2012,5.963,"Action, Comedy, Crime",en,9.666,313,5.963,4000000,37470,0.01
84341,Movie,Smashed,James Ponsoldt,"Mary Elizabeth Winstead, Aaron Paul, Octavia Spencer, Nick Offerman, Megan Mullally",United States of America,2012-01-22,2012,6.5,"Comedy, Drama, Romance",en,9.661,282,6.5,500000,377000,0.75
88036,Movie,Sparkle,Salim Akil,"Jordin Sparks, Whitney Houston, Derek Luke, Mike Epps, Carmen Ejogo",United States of America,2012-08-17,2012,6.2,"Music, Drama, Romance",en,9.647,118,6.2,14000000,24637469,1.76
94196,Movie,Zarafa,"Rémi Bezançon, Jean-Christophe Lie","Max Renaudin, Simon Abkarian, Vernon Dobtcheff, Roger Dumas, Ronit Elkabetz","Belgium, France",2012-01-25,2012,6.8,"Family, Animation",fr,9.613,111,6.8,10750000,12197574,1.13
139455,Movie,Silent Night,Steven C. Miller,"Malcolm McDowell, Jaime King, Donal Logue, Ellen Wong, Lisa Marie","Canada, United States of America",2012-11-30,2012,5.2,"Comedy, Horror, Thriller, Mystery",en,9.475,306,5.2,5000000,130781,0.03
102632,Movie,Rowdy Rathore,Prabhu Deva,"Akshay Kumar, Sonakshi Sinha, Nassar, Yashpal Sharma, Mushtaq Khan",India,2012-06-01,2012,5.9,"Action, Comedy, Crime",hi,9.469,97,5.9,6700000,31000000,4.63
116613,Movie,The Sweeney,Nick Love,"Ray Winstone, Plan B, Hayley Atwell, Damian Lewis, Alan Ford",United Kingdom,2012-09-11,2012,5.7,"Action, Crime",en,9.434,279,5.7,3730500,6294161,1.69
132316,Movie,Jab Tak Hai Jaan,Yash Chopra,"Shah Rukh Khan, Katrina Kaif, Anushka Sharma, Sarika, Andrew Bicknell",India,2012-11-13,2012,7.1,"Drama, Romance",hi,9.389,259,7.1,6087315,27942181,4.59
94904,Movie,7 Days in Havana,"Julio Medem, Gaspar Noé, Juan Carlos Tabío, Laurent Cantet, Benicio del Toro, Pablo Trapero, Elia Suleiman","Josh Hutcherson, Daniel Brühl, Emir Kusturica, Elia Suleiman, Sebastián Barriuso","Cuba, Spain, France",2012-04-05,2012,5.7,Drama,es,9.186,108,5.7,3800000,197911,0.05
85870,Movie,My Way,Florent-Emilio Siri,"Jérémie Renier, Benoît Magimel, Monica Scattini, Sabrina Seyvecou, Ana Girardot","France, Belgium",2012-03-14,2012,6.5,"Drama, Music",fr,9.1,291,6.5,27563396,29193330,1.06
119738,Movie,Thunderstruck,John Whitesell,"Kevin Durant, Taylor Gray, Jim Belushi, Brandon T. Jackson, Doc Shaw",United States of America,2012-08-24,2012,6.1,"Comedy, Family",en,9.059,236,6.1,587211,587211,1.0
135718,Movie,OMG: Oh My God!,Umesh Shukla,"Paresh Rawal, Akshay Kumar, Mithun Chakraborty, Om Puri, Mahesh Manjrekar",India,2012-09-28,2012,7.2,"Comedy, Drama, Fantasy",hi,9.028,251,7.2,2500000,19000000,7.6
84336,Movie,Shadow Dancer,James Marsh,"Andrea Riseborough, Clive Owen, Gillian Anderson, Aidan Gillen, Domhnall Gleeson","France, Ireland, United Kingdom",2012-02-12,2012,5.9,Thriller,en,9.001,257,5.9,6300000,1777709,0.28
110323,Movie,Thérèse,Claude Miller,"Audrey Tautou, Gilles Lellouche, Anaïs Demoustier, Stanley Weber, Yves Jacques",France,2012-05-27,2012,5.8,Drama,fr,8.701,106,5.8,12700000,4408087,0.35
62008,Movie,Good Deeds,Tyler Perry,"Tyler Perry, Thandiwe Newton, Gabrielle Union, Brian J. White, Phylicia Rashād",United States of America,2012-02-23,2012,6.2,"Drama, Romance",en,8.665,131,6.2,14000000,35579177,2.54
89691,Movie,ATM,David Brooks,"Alice Eve, Josh Peck, Brian Geraghty, Aaron Hughes, Will Woytowich",United States of America,2012-02-17,2012,5.0,"Horror, Thriller",en,8.582,614,5.0,3000000,921752,0.31
82679,Movie,Fun Size,Josh Schwartz,"Victoria Justice, Jane Levy, Thomas Mann, Thomas McDonell, Chelsea Handler",United States of America,2012-10-24,2012,5.6,Comedy,en,8.461,427,5.6,14000000,11417362,0.82
151743,Movie,Lost in Thailand,Xu Zheng,"Wang Baoqiang, Xu Zheng, Huang Bo, Tao Hong, Fan Bingbing","China, Thailand",2012-12-12,2012,6.407,"Comedy, Adventure, Drama",zh,8.448,118,6.407,2200000,208000000,94.55
97512,Movie,The Courier,Hany Abu-Assad,"Jeffrey Dean Morgan, Josie Ho, Miguel Ferrer, Lili Taylor, Mark Margolis",United States of America,2012-03-29,2012,5.0,"Action, Crime",en,8.273,121,5.0,15500000,58387,0.0
72334,Movie,Chimpanzee,"Alastair Fothergill, Mark Linfield",Tim Allen,France,2012-04-20,2012,7.0,Documentary,en,8.25,122,7.0,5000000,34823764,6.96
82532,Movie,"Jeff, Who Lives at Home","Mark Duplass, Jay Duplass","Jason Segel, Ed Helms, Susan Sarandon, Judy Greer, Rae Dawn Chong",United States of America,2012-03-16,2012,6.212,"Drama, Comedy",en,8.213,636,6.212,10000000,4400000,0.44
142487,Movie,The Precocious and Brief Life of Sabina Rivas,Luis Mandoki,"Greisy Mena, Joaquín Cosío, Fernando Moreno, Angelina Peláez, Tenoch Huerta Mejía",Mexico,2012-11-09,2012,7.0,Drama,es,8.121,104,7.0,4620000,2395000,0.52
63574,Movie,Joyful Noise,Todd Graff,"Queen Latifah, Dolly Parton, Keke Palmer, Jeremy Jordan, Courtney B. Vance",United States of America,2012-01-13,2012,6.5,"Comedy, Music",en,8.104,157,6.5,25000000,31158113,1.25
138222,Movie,Best Man Down,Ted Koland,"Justin Long, Jess Weixler, Addison Timlin, Tyler Labine, Shelley Long",United States of America,2012-10-20,2012,6.646,"Comedy, Drama",en,8.074,188,6.646,1500000,1938,0.0
160070,Movie,Apartment 1303 3D,Michael Taverna,"Mischa Barton, Rebecca De Mornay, Julianne Michelle, Corey Sevier, John Diehl","United States of America, Canada",2012-12-06,2012,3.6,Horror,en,8.026,294,3.6,5000000,3377891,0.68
134371,Movie,Atlas Shrugged: Part II,John Putch,"Samantha Mathis, Jason Beghe, Esai Morales, Patrick Fabian, Kim Rhodes",United States of America,2012-10-12,2012,5.2,"Drama, Science Fiction, Mystery",en,7.891,132,5.2,10000000,3336053,0.33
102001,Movie,Like Someone in Love,Abbas Kiarostami,"Rin Takanashi, Tadashi Okuno, Ryo Kase, Denden, Tomoaki Tatsumi","France, Japan",2012-09-15,2012,6.9,Drama,ja,7.845,247,6.9,4800000,562878,0.12
84305,Movie,Lay the Favorite,Stephen Frears,"Rebecca Hall, Bruce Willis, Catherine Zeta-Jones, Joshua Jackson, Laura Prepon","United Kingdom, United States of America",2012-06-22,2012,5.254,"Drama, Comedy",en,7.754,232,5.254,26350000,1576687,0.06
98339,Movie,The Samaritan,David Weaver,"Samuel L. Jackson, Luke Kirby, Ruth Negga, Tom Wilkinson, A.C. Peterson",Canada,2012-03-02,2012,5.5,Thriller,en,7.748,210,5.5,12000000,2521,0.0
78461,Movie,Beneath the Darkness,Martin Guigui,"Dennis Quaid, Tony Oller, Aimee Teegarden, Stephen Ford, Devon Werkheiser","United States of America, Germany",2012-01-06,2012,4.764,"Thriller, Horror, Drama",en,7.709,148,4.764,7300000,23998,0.0
85985,Movie,Ek Tha Tiger,Kabir Khan,"Salman Khan, Katrina Kaif, Girish Karnad, Ranvir Shorey, Gavie Chahal","India, Ireland",2012-08-15,2012,6.1,"Action, Adventure, Thriller, Romance",hi,7.394,192,6.1,9400000,62580000,6.66
96714,Movie,Diaz - Don't Clean Up This Blood,Daniele Vicari,"Claudio Santamaria, Jennifer Ulrich, Elio Germano, Davide Iacopini, Ralph Amoussou","France, Italy, Romania",2012-04-13,2012,7.2,"Drama, History",it,7.32,424,7.2,6453637,1800000,0.28
85038,Movie,Welcome to the North,Luca Miniero,"Claudio Bisio, Alessandro Siani, Angela Finocchiaro, Valentina Lodovini, Nando Paone",Italy,2012-01-18,2012,5.8,Comedy,it,7.318,1308,5.8,6000000,35000000,5.83
82618,Movie,Girl in Progress,Patricia Riggen,"Eva Mendes, Cierra Ramirez, Matthew Modine, Landon Liboiron, Patricia Arquette",United States of America,2012-05-11,2012,5.6,"Comedy, Drama",en,7.288,117,5.6,5000000,4709246,0.94
85052,Movie,Housefull 2,Sajid Khan,"Akshay Kumar, John Abraham, Ritesh Deshmukh, Asin Thottumkal, Rishi Kapoor",India,2012-04-05,2012,5.5,"Comedy, Romance",hi,7.273,113,5.5,6071922,25097277,4.13
84858,Movie,Agneepath,Karan Malhotra,"Hrithik Roshan, Sanjay Dutt, Priyanka Chopra Jonas, Rishi Kapoor, Zarina Wahab",India,2012-01-25,2012,6.363,"Action, Crime, Drama",hi,7.116,146,6.363,8700000,28000000,3.22
82825,Movie,Kahaani,Sujoy Ghosh,"Vidya Balan, Parambrata Chatterjee, Nawazuddin Siddiqui, Saswata Chatterjee, Kharaj Mukherjee",India,2012-03-08,2012,7.2,"Mystery, Thriller",hi,7.092,307,7.2,1200000,16000000,13.33
139900,Movie,The Apostle,Fernando Cortizo,"Carlos Blanco, Xosé Manuel Olveira, Paul Naschy, Jorge Sanz, Celso Bugallo",Spain,2012-10-31,2012,7.5,"Animation, Mystery, Horror",gl,7.08,54,7.5,7648160,59810,0.01
86868,Movie,Would I Lie to You? 3,Thomas Gilou,"Richard Anconina, José Garcia, Bruno Solo, Vincent Elbaz, Amira Casar",France,2012-01-31,2012,5.481,Comedy,fr,6.967,335,5.481,25496629,40924982,1.61
93855,Movie,A Flat for Three,Carlo Verdone,"Carlo Verdone, Pierfrancesco Favino, Marco Giallini, Micaela Ramazzotti, Maria Luisa De Crescenzo",Italy,2012-03-02,2012,5.987,"Comedy, Drama",it,6.923,199,5.987,10495000,9303603,0.89
246871,Movie,The Mountain,Alper Çağlar,"Çağlar Ertuğrul, Ufuk Bayraktar, Fırat Doğruloğlu, Mesut Akusta, Cengiz Coşkun",Turkey,2012-11-16,2012,6.9,"War, Action, Thriller",tr,6.629,101,6.9,95000,1671445,17.59
147868,Movie,The Worst Christmas of My Life,Alessandro Genovesi,"Fabio De Luigi, Cristiana Capotondi, Antonio Catania, Anna Bonaiuto, Dino Abbrescia",Italy,2012-12-22,2012,5.891,Comedy,it,6.57,523,5.891,6843500,10703234,1.56
129850,Movie,The Bullet Vanishes,Lo Chi-Leung,"Sean Lau Ching-Wan, Nicholas Tse Ting-Fung, Yang Mi, Wu Gang, Jing Boran","China, Hong Kong",2012-08-14,2012,6.3,"Action, Mystery",zh,6.561,73,6.3,12000000,1528580,0.13
118051,Movie,Cocktail,Homi Adajania,"Saif Ali Khan, Deepika Padukone, Diana Penty, Randeep Hooda, Boman Irani",India,2012-07-13,2012,6.1,"Romance, Drama, Comedy",hi,6.457,118,6.1,5100000,18000000,3.53
93676,Movie,Someday This Pain Will Be Useful to You,Roberto Faenza,"Toby Regbo, Marcia Gay Harden, Peter Gallagher, Lucy Liu, Stephen Lang","Italy, United States of America",2012-02-24,2012,5.6,"Drama, Comedy",en,6.065,119,5.6,8000000,532777,0.07
126400,Movie,Gangs of Wasseypur - Part 2,Anurag Kashyap,"Nawazuddin Siddiqui, Huma Qureshi, Richa Chadha, Rajkummar Rao, Tigmanshu Dhulia",India,2012-08-08,2012,7.8,"Crime, Thriller, Action",hi,5.878,92,7.8,1670000,4900000,2.93
116231,Movie,Another Woman's Life,Sylvie Testud,"Juliette Binoche, Mathieu Kassovitz, Aure Atika, Danièle Lebrun, François Berléand",France,2012-02-14,2012,6.2,"Comedy, Drama, Romance",fr,5.779,85,6.2,6500000,3216359,0.49
167449,Movie,The Guillotines,Andrew Lau Wai-Keung,"Huang Xiaoming, Ethan Juan, Shawn Yue Man-Lok, Chris Lee Yuchun, Jing Boran","China, Hong Kong, Taiwan",2012-12-20,2012,5.5,"Action, History, Adventure, Drama",zh,5.653,46,5.5,15000000,5290,0.0
121286,Movie,Buona giornata,Carlo Vanzina,"Diego Abatantuono, Lino Banfi, Vincenzo Salemme, Christian De Sica, Maurizio Mattioli",Italy,2012-03-30,2012,4.915,Comedy,it,5.539,153,4.915,3500000,2900000,0.83
114574,Movie,Bikini Spring Break,Jared Cohn,"Rachel Alig, Robert Carradine, Samantha Stewart, Erica Duke, Virginia Petrucci",United States of America,2012-06-26,2012,3.681,Comedy,en,5.496,47,3.681,500000,500000,1.0
106135,Movie,Crooked Arrows,Steve Rash,"Brandon Routh, Gil Birmingham, Chelsea Ricketts, Crystal Allen, Tom Kemp",United States of America,2012-05-18,2012,6.2,Drama,en,5.414,42,6.2,13000000,1832541,0.14
128270,Movie,Not Fade Away,David Chase,"John Magaro, James Gandolfini, Bella Heathcote, Jack Huston, Will Brill",United States of America,2012-12-21,2012,5.4,Drama,en,5.38,70,5.4,20000000,610792,0.03
102784,Movie,Two Rabbits,Afonso Poyart,"Fernando Alves Pinto, Alessandra Negrini, Caco Ciocler, Marat Descartes, Neco Vila Lobos",Brazil,2012-01-20,2012,6.9,"Action, Crime, Drama",pt,5.322,138,6.9,2000000,1620436,0.81
117629,Movie,Yossi,Eytan Fox,"Ohad Knoller, Oz Zehavi, Lior Ashkenazi, Orly Zilberschatz, Ola Schur Selektar",Israel,2012-05-16,2012,6.9,"Drama, Romance",he,5.29,57,6.9,500000,116207,0.23
137366,Movie,Led Zeppelin: Celebration Day,Dick Carruthers,"Jimmy Page, Robert Plant, John Paul Jones, Jason Bonham",United Kingdom,2012-10-17,2012,8.1,Music,en,5.273,50,8.1,1000000,10000000,10.0
112936,Movie,Bol Bachchan,Rohit Shetty,"Abhishek Bachchan, Ajay Devgn, Asin Thottumkal, Prachi Desai, Archana Puran Singh",India,2012-07-06,2012,5.6,"Comedy, Action",hi,5.261,66,5.6,6300000,21000000,3.33
161545,Movie,Everything Everything Nothing Nothing,Giulio Manfredonia,"Antonio Albanese, Fabrizio Bentivoglio, Lunetta Savino, Nicola Rignanese, Lorenza Indovina",Italy,2012-11-30,2012,5.2,Comedy,it,5.167,266,5.2,5579750,8927600,1.6
124093,Movie,Jism 2,Pooja Bhatt,"Sunny Leone, Randeep Hooda, Arunoday Singh, Arif Zakaria, Sumit Nijhawan",India,2012-08-03,2012,4.3,Thriller,hi,5.06,25,4.3,2006871,7040609,3.51
183026,Movie,Rigodon,Erik Matti,"Yam Concepcion, John James Uy, Max Eigenmann, Mailes Kanapi, Carlo Cruz",Philippines,2012-11-21,2012,6.0,"Thriller, Drama, Mystery",tl,4.951,15,6.0,22361,31307,1.4
132759,Movie,Soulless,Roman Prygunov,"Danila Kozlovsky, Artyom Mikhalkov, Mikhail Efremov, Artur Smolyaninov, Mariya Andreeva",Russia,2012-10-04,2012,5.8,"Comedy, Drama",ru,4.951,85,5.8,2800000,13218980,4.72
130264,Movie,The Horde,Andrei Proshkin,"Maksim Sukhanov, Andrei Panin, Vitaliy Khaev, Aleksandr Yatsenko, Petr Yandane",Russia,2012-01-13,2012,6.0,"History, Drama",ru,4.859,29,6.0,12000000,2943372,0.25
138843,Movie,The Conjuring,James Wan,"Patrick Wilson, Vera Farmiga, Lili Taylor, Ron Livingston, Mackenzie Foy",United States of America,2013-07-18,2013,7.5,"Horror, Thriller",en,150.977,11710,7.5,13000000,320415166,24.65
106646,Movie,The Wolf of Wall Street,Martin Scorsese,"Leonardo DiCaprio, Jonah Hill, Margot Robbie, Matthew McConaughey, Kyle Chandler",United States of America,2013-12-25,2013,8.031,"Crime, Drama, Comedy",en,119.574,24358,8.031,100000000,392000000,3.92
109445,Movie,Frozen,"Chris Buck, Jennifer Lee","Kristen Bell, Idina Menzel, Jonathan Groff, Josh Gad, Livvy Stubenrauch",United States of America,2013-11-20,2013,7.2,"Animation, Family, Adventure, Fantasy",en,109.748,16723,7.2,150000000,1274219009,8.49
146233,Movie,Prisoners,Denis Villeneuve,"Hugh Jackman, Jake Gyllenhaal, Viola Davis, Maria Bello, Terrence Howard",United States of America,2013-09-19,2013,8.1,"Drama, Thriller, Crime",en,108.647,12003,8.1,46000000,122126687,2.65
109418,Movie,Grown Ups 2,Dennis Dugan,"Adam Sandler, Kevin James, Chris Rock, David Spade, Salma Hayek Pinault",United States of America,2013-07-11,2013,6.138,Comedy,en,95.2,4384,6.138,80000000,247022278,3.09
72190,Movie,World War Z,Marc Forster,"Brad Pitt, Mireille Enos, Daniella Kertesz, James Badge Dale, Ludi Boeken","United Kingdom, United States of America",2013-06-19,2013,6.8,"Action, Horror, Science Fiction, Thriller",en,94.738,15569,6.8,200000000,531865000,2.66
110415,Movie,Snowpiercer,Bong Joon Ho,"Chris Evans, Song Kang-ho, Ed Harris, John Hurt, Tilda Swinton",South Korea,2013-08-01,2013,6.903,"Action, Science Fiction, Drama",ko,93.829,9669,6.903,39200000,86758912,2.21
68726,Movie,Pacific Rim,Guillermo del Toro,"Charlie Hunnam, Rinko Kikuchi, Idris Elba, Max Martini, Clifton Collins Jr.",United States of America,2013-07-11,2013,6.908,"Action, Science Fiction, Adventure",en,82.243,12583,6.908,180000000,411000000,2.28
57158,Movie,The Hobbit: The Desolation of Smaug,Peter Jackson,"Ian McKellen, Martin Freeman, Richard Armitage, Benedict Cumberbatch, Orlando Bloom","New Zealand, United States of America",2013-12-11,2013,7.571,"Fantasy, Adventure, Action",en,73.464,13340,7.571,250000000,958400000,3.83
93456,Movie,Despicable Me 2,"Chris Renaud, Pierre Coffin","Steve Carell, Kristen Wiig, Benjamin Bratt, Miranda Cosgrove, Russell Brand",United States of America,2013-06-26,2013,6.9,"Animation, Comedy, Family",en,68.104,11385,6.9,76000000,970766005,12.77
101299,Movie,The Hunger Games: Catching Fire,Francis Lawrence,"Jennifer Lawrence, Josh Hutcherson, Liam Hemsworth, Woody Harrelson, Elizabeth Banks",United States of America,2013-11-15,2013,7.426,"Adventure, Action, Science Fiction",en,63.789,17509,7.426,130000000,865011746,6.65
68721,Movie,Iron Man 3,Shane Black,"Robert Downey Jr., Gwyneth Paltrow, Don Cheadle, Guy Pearce, Rebecca Hall",United States of America,2013-04-18,2013,6.9,"Action, Adventure, Science Fiction",en,62.635,22379,6.9,200000000,1215577205,6.08
76338,Movie,Thor: The Dark World,Alan Taylor,"Chris Hemsworth, Natalie Portman, Tom Hiddleston, Christopher Eccleston, Anthony Hopkins",United States of America,2013-10-30,2013,6.5,"Action, Adventure, Fantasy",en,60.25,17451,6.5,170000000,644783140,3.79
62211,Movie,Monsters University,Dan Scanlon,"Billy Crystal, John Goodman, Steve Buscemi, Helen Mirren, Peter Sohn",United States of America,2013-06-19,2013,7.039,"Animation, Family",en,59.542,10725,7.039,200000000,743600000,3.72
49519,Movie,The Croods,"Kirk DeMicco, Chris Sanders","Nicolas Cage, Emma Stone, Ryan Reynolds, Catherine Keener, Cloris Leachman",United States of America,2013-03-15,2013,6.9,"Animation, Adventure, Family, Fantasy, Comedy, Action",en,58.571,7130,6.9,135000000,587204668,4.35
204082,Movie,Homefront,Gary Fleder,"Jason Statham, James Franco, Izabela Vidovic, Winona Ryder, Rachelle Lefevre",United States of America,2013-11-12,2013,6.9,"Action, Thriller",en,55.08,3541,6.9,22000000,51695362,2.35
109439,Movie,The Hangover Part III,Todd Phillips,"Bradley Cooper, Ed Helms, Zach Galifianakis, Justin Bartha, Ken Jeong",United States of America,2013-05-23,2013,6.211,Comedy,en,54.495,8743,6.211,103000000,362000072,3.51
49521,Movie,Man of Steel,Zack Snyder,"Henry Cavill, Amy Adams, Russell Crowe, Michael Shannon, Kevin Costner","United Kingdom, United States of America",2013-06-12,2013,6.6,"Action, Adventure, Science Fiction",en,54.278,15277,6.6,225000000,668045518,2.97
122906,Movie,About Time,Richard Curtis,"Domhnall Gleeson, Rachel McAdams, Bill Nighy, Tom Hollander, Margot Robbie","United Kingdom, United States of America",2013-09-04,2013,7.9,"Drama, Romance, Fantasy",en,53.664,8628,7.9,12000000,87100449,7.26
152601,Movie,Her,Spike Jonze,"Joaquin Phoenix, Scarlett Johansson, Lynn Adrianna, Lisa Renee Pitts, Gabe Gomez",United States of America,2013-12-18,2013,7.851,"Romance, Science Fiction, Drama",en,53.436,14418,7.851,23000000,47351251,2.06
72559,Movie,G.I. Joe: Retaliation,Jon M. Chu,"Dwayne Johnson, Bruce Willis, Jonathan Pryce, Adrianne Palicki, Ray Park","Canada, United States of America",2013-03-27,2013,5.63,"Action, Science Fiction, Adventure",en,51.631,5514,5.63,130000000,371900000,2.86
116745,Movie,The Secret Life of Walter Mitty,Ben Stiller,"Ben Stiller, Kristen Wiig, Sean Penn, Shirley MacLaine, Adam Scott","United Kingdom, United States of America",2013-12-18,2013,7.2,"Adventure, Comedy, Drama, Fantasy",en,51.074,7698,7.2,90000000,188133322,2.09
158015,Movie,The Purge,James DeMonaco,"Ethan Hawke, Lena Headey, Max Burkholder, Adelaide Kane, Edwin Hodge","France, United States of America",2013-05-31,2013,6.252,"Science Fiction, Horror, Thriller",en,50.215,8448,6.252,3000000,91266581,30.42
249397,Movie,Nymphomaniac: Vol. II,Lars von Trier,"Charlotte Gainsbourg, Stellan Skarsgård, Stacy Martin, Shia LaBeouf, Willem Dafoe","Germany, Belgium, Denmark, France",2013-12-25,2013,6.7,"Drama, Mystery",en,49.996,2941,6.7,2350000,4934725,2.1
117263,Movie,Olympus Has Fallen,Antoine Fuqua,"Gerard Butler, Aaron Eckhart, Finley Jacobsen, Dylan McDermott, Rick Yune",United States of America,2013-03-20,2013,6.404,"Action, Thriller",en,48.481,6655,6.404,70000000,170270201,2.43
184314,Movie,Young & Beautiful,François Ozon,"Marine Vacth, Géraldine Pailhas, Charlotte Rampling, Frédéric Pierrot, Nathalie Richard",France,2013-08-21,2013,6.481,Drama,fr,46.485,1234,6.481,4645437,9757417,2.1
4258,Movie,Scary Movie 5,Malcolm D. Lee,"Ashley Tisdale, Simon Rex, Charlie Sheen, Gracie Whitton, Ava Kolker",United States of America,2013-04-11,2013,4.8,Comedy,en,45.98,2824,4.8,20000000,78378744,3.92
60304,Movie,Hansel & Gretel: Witch Hunters,Tommy Wirkola,"Jeremy Renner, Gemma Arterton, Famke Janssen, Pihla Viitala, Derek Mears","United States of America, Germany",2013-01-17,2013,6.1,"Fantasy, Horror, Action",en,45.092,6783,6.1,50000000,226349749,4.53
107846,Movie,Escape Plan,Mikael Håfström,"Sylvester Stallone, Arnold Schwarzenegger, Jim Caviezel, 50 Cent, Sam Neill","United Kingdom, United States of America",2013-10-09,2013,6.7,"Action, Thriller",en,44.553,5214,6.7,50000000,137328301,2.75
109428,Movie,Evil Dead,Fede Álvarez,"Jane Levy, Shiloh Fernandez, Lou Taylor Pucci, Jessica Lucas, Elizabeth Blackmore",United States of America,2013-04-05,2013,6.6,Horror,en,43.954,4675,6.6,17000000,99010045,5.82
193756,Movie,Lone Survivor,Peter Berg,"Mark Wahlberg, Taylor Kitsch, Emile Hirsch, Ben Foster, Eric Bana",United States of America,2013-12-24,2013,7.441,"War, Action, Drama",en,43.935,4391,7.441,40000000,149295601,3.73
139038,Movie,A Haunted House,Michael Tiddes,"Marlon Wayans, Essence Atkins, Nick Swardson, Cedric the Entertainer, David Koechner",United States of America,2013-01-11,2013,5.9,"Comedy, Horror",en,43.814,1919,5.9,2500000,60141683,24.06
138832,Movie,We're the Millers,Rawson Marshall Thurber,"Jennifer Aniston, Jason Sudeikis, Emma Roberts, Will Poulter, Ed Helms","United Kingdom, United States of America",2013-08-07,2013,6.8,"Comedy, Crime",en,42.912,8953,6.8,37000000,270000000,7.3
76617,Movie,Texas Chainsaw 3D,John Luessenhop,"Alexandra Daddario, Dan Yeager, Trey Songz, Tania Raymonde, Paul Rae",United States of America,2013-01-03,2013,5.472,"Horror, Thriller",en,42.801,1696,5.472,20000000,47300000,2.37
220289,Movie,Coherence,James Ward Byrkit,"Emily Baldoni, Maury Sterling, Nicholas Brendon, Lorene Scafaria, Elizabeth Gracen","United Kingdom, United States of America",2013-09-19,2013,7.2,"Thriller, Science Fiction",en,42.658,2983,7.2,50000,139745,2.79
134374,Movie,Pain & Gain,Michael Bay,"Mark Wahlberg, Dwayne Johnson, Anthony Mackie, Tony Shalhoub, Ed Harris",United States of America,2013-04-18,2013,6.274,"Action, Crime, Comedy, Drama, Mystery",en,42.484,4517,6.274,25000000,87305549,3.49
117251,Movie,White House Down,Roland Emmerich,"Channing Tatum, Jamie Foxx, Joey King, Maggie Gyllenhaal, Richard Jenkins",United States of America,2013-06-27,2013,6.468,"Action, Drama, Thriller",en,41.354,4791,6.468,150000000,205366737,1.37
109451,Movie,Cloudy with a Chance of Meatballs 2,"Cody Cameron, Kris Pearn","Bill Hader, Anna Faris, James Caan, Will Forte, Andy Samberg",United States of America,2013-09-26,2013,6.43,"Animation, Family, Comedy",en,40.915,3232,6.43,78000000,248384621,3.18
123553,Movie,The Mortal Instruments: City of Bones,Harald Zwart,"Lily Collins, Jamie Campbell Bower, Robert Sheehan, Kevin Zegers, Jemima West","Canada, Germany, United Kingdom, United States of America",2013-08-21,2013,6.441,"Fantasy, Action, Mystery",en,37.745,4473,6.441,60000000,95396573,1.59
75612,Movie,Oblivion,Joseph Kosinski,"Tom Cruise, Morgan Freeman, Olga Kurylenko, Andrea Riseborough, Nikolaj Coster-Waldau",United States of America,2013-04-10,2013,6.651,"Action, Science Fiction, Adventure, Mystery",en,37.719,10802,6.651,120000000,286168572,2.38
54138,Movie,Star Trek Into Darkness,J.J. Abrams,"Chris Pine, Zachary Quinto, Zoe Saldaña, Benedict Cumberbatch, Karl Urban",United States of America,2013-05-05,2013,7.3,"Action, Adventure, Science Fiction",en,37.03,9168,7.3,190000000,467381584,2.46
109414,Movie,This Is the End,"Evan Goldberg, Seth Rogen","James Franco, Jonah Hill, Seth Rogen, Jay Baruchel, Danny McBride",United States of America,2013-06-12,2013,6.2,"Action, Comedy",en,36.901,6431,6.2,32000000,126041322,3.94
64682,Movie,The Great Gatsby,Baz Luhrmann,"Leonardo DiCaprio, Tobey Maguire, Carey Mulligan, Joel Edgerton, Elizabeth Debicki","United States of America, Australia",2013-05-09,2013,7.4,"Drama, Romance",en,36.573,12342,7.4,105000000,351040419,3.34
81005,Movie,Jack the Giant Slayer,Bryan Singer,"Nicholas Hoult, Eleanor Tomlinson, Ewan McGregor, Stanley Tucci, Ian McShane","United States of America, United Kingdom",2013-02-27,2013,5.846,"Fantasy, Action, Adventure, Drama",en,36.424,4937,5.846,195000000,197700000,1.01
75656,Movie,Now You See Me,Louis Leterrier,"Mark Ruffalo, Jesse Eisenberg, Woody Harrelson, Isla Fisher, Dave Franco","United States of America, France",2013-05-29,2013,7.3,"Thriller, Crime",en,36.245,15652,7.3,75000000,351723989,4.69
72710,Movie,The Host,Andrew Niccol,"Saoirse Ronan, Diane Kruger, Max Irons, Jake Abel, William Hurt","Switzerland, United States of America",2013-03-22,2013,6.3,"Action, Adventure, Science Fiction",en,36.152,3925,6.3,44000000,63300000,1.44
192558,Movie,Aashiqui 2,Mohit Suri,"Aditya Roy Kapur, Shraddha Kapoor, Shaad Randhawa, Mahesh Thakur, Salil Acharya",India,2013-04-26,2013,6.7,"Drama, Romance",hi,35.993,159,6.7,1300000,16000000,12.31
167032,Movie,Curse of Chucky,Don Mancini,"Fiona Dourif, Brad Dourif, Danielle Bisutti, Summer H. Howell, Brennan Elliott",United States of America,2013-10-08,2013,5.9,"Horror, Thriller",en,35.396,1580,5.9,5000000,3876587,0.78
149870,Movie,The Wind Rises,Hayao Miyazaki,"Hideaki Anno, Hidetoshi Nishijima, Miori Takimoto, Masahiko Nishimura, Stephen Alpert",Japan,2013-07-20,2013,7.8,"Drama, Animation, Romance, War, History",ja,34.971,3067,7.8,30000000,117932401,3.93
68728,Movie,Oz the Great and Powerful,Sam Raimi,"James Franco, Mila Kunis, Rachel Weisz, Michelle Williams, Zach Braff",United States of America,2013-03-07,2013,5.924,"Fantasy, Adventure, Family",en,34.853,6546,5.924,200000000,491868548,2.46
171424,Movie,The Green Inferno,Eli Roth,"Lorenza Izzo, Ariel Levy, Sky Ferreira, Ramón Llao, Daryl Sabara","Canada, Chile, United States of America",2013-09-08,2013,5.7,"Adventure, Horror",en,34.497,1454,5.7,5000000,12666449,2.53
132232,Movie,Mama,Andy Muschietti,"Jessica Chastain, Nikolaj Coster-Waldau, Megan Charpentier, Isabelle Nélisse, Daniel Kash","Canada, Spain",2013-01-17,2013,6.3,Horror,en,34.348,4172,6.3,15000000,146428180,9.76
136795,Movie,The Heat,Paul Feig,"Sandra Bullock, Melissa McCarthy, Demián Bichir, Marlon Wayans, Michael Rapaport","United Kingdom, United States of America",2013-06-27,2013,6.6,"Action, Comedy, Crime",en,34.175,3958,6.6,43000000,158674180,3.69
76203,Movie,12 Years a Slave,Steve McQueen,"Chiwetel Ejiofor, Michael Fassbender, Lupita Nyong'o, Benedict Cumberbatch, Paul Dano","United States of America, United Kingdom",2013-10-18,2013,7.936,"Drama, History",en,34.073,11363,7.936,20000000,187000000,9.35
136418,Movie,Hummingbird,Steven Knight,"Jason Statham, Agata Buzek, Vicky McClure, Benedict Wong, Ger Ryan","United States of America, United Kingdom",2013-05-07,2013,6.2,"Action, Thriller",en,33.468,1724,6.2,20000000,8352885,0.42
116711,Movie,Epic,Chris Wedge,"Colin Farrell, Amanda Seyfried, Christoph Waltz, Josh Hutcherson, Jason Sudeikis",United States of America,2013-05-15,2013,6.5,"Animation, Adventure, Family, Fantasy",en,33.275,2774,6.5,100000000,268426634,2.68
133805,Movie,Carrie,Kimberly Peirce,"Chloë Grace Moretz, Julianne Moore, Gabriella Wilde, Ansel Elgort, Alex Russell","United States of America, Canada",2013-10-16,2013,6.0,"Drama, Horror",en,33.159,4489,6.0,30000000,84790678,2.83
109424,Movie,Captain Phillips,Paul Greengrass,"Tom Hanks, Barkhad Abdi, Barkhad Abdirahman, Faysal  Ahmed, Mahat M. Ali",United States of America,2013-10-10,2013,7.542,"Action, Drama, Thriller",en,32.416,7011,7.542,55000000,218791811,3.98
152584,Movie,Blue Is the Warmest Color,Abdellatif Kechiche,"Léa Seydoux, Adèle Exarchopoulos, Salim Kéchiouche, Aurélien Recoing, Catherine Salée","Belgium, France, Spain",2013-10-09,2013,7.1,"Romance, Drama",fr,32.043,4634,7.1,4300000,19465835,4.53
91586,Movie,Insidious: Chapter 2,James Wan,"Patrick Wilson, Rose Byrne, Lin Shaye, Ty Simpkins, Barbara Hershey",United States of America,2013-09-12,2013,6.668,"Horror, Thriller",en,32.015,4271,6.668,5000000,161921515,32.38
47964,Movie,A Good Day to Die Hard,John Moore,"Bruce Willis, Jai Courtney, Sebastian Koch, Yuliya Snigir, Sergey Kolesnikov",United States of America,2013-02-06,2013,5.328,"Action, Thriller",en,31.777,6440,5.328,92000000,304654182,3.31
87818,Movie,Movie 43,"Steven Brill, Elizabeth Banks, Steve Carr, James Duffy, Griffin Dunne, Peter Farrelly, Patrik Forsberg, James Gunn, Brett Ratner, Will Graham, Jonathan van Tulleken, Rusty Cundieff, Bob Odenkirk","Hugh Jackman, Kate Winslet, Liev Schreiber, Naomi Watts, Anna Faris",United States of America,2013-01-24,2013,4.606,Comedy,en,31.745,2347,4.606,6000000,32443111,5.41
49047,Movie,Gravity,Alfonso Cuarón,"Sandra Bullock, George Clooney, Ed Harris, Orto Ignatiussen, Phaldut Sharma","United Kingdom, United States of America",2013-10-03,2013,7.164,"Science Fiction, Thriller, Drama",en,31.73,15464,7.164,105000000,723192705,6.89
136400,Movie,2 Guns,Baltasar Kormákur,"Denzel Washington, Mark Wahlberg, Paula Patton, Edward James Olmos, Bill Paxton",United States of America,2013-08-02,2013,6.539,"Action, Comedy, Crime",en,31.399,4186,6.539,61000000,131940411,2.16
87421,Movie,Riddick,David Twohy,"Vin Diesel, Matt Nable, Katee Sackhoff, Jordi Mollà, Dave Bautista","Canada, United States of America",2013-09-02,2013,6.3,"Science Fiction, Action, Thriller",en,31.325,4106,6.3,38000000,98337295,2.59
68724,Movie,Elysium,Neill Blomkamp,"Matt Damon, Jodie Foster, Sharlto Copley, Diego Luna, Wagner Moura",United States of America,2013-08-07,2013,6.5,"Science Fiction, Action, Drama, Thriller",en,31.074,8953,6.5,115000000,286140700,2.49
119283,Movie,Parker,Taylor Hackford,"Jason Statham, Jennifer Lopez, Michael Chiklis, Wendell Pierce, Clifton Collins Jr.",United States of America,2013-01-23,2013,6.1,"Action, Crime",en,31.053,3067,6.1,35000000,46216641,1.32
153158,Movie,Underdogs,Juan José Campanella,"David Masajnik, Juan José Campanella, Diego Ramos, Pablo Rago, Gabriel Almirón","Argentina, Spain",2013-07-18,2013,6.9,"Animation, Adventure, Romance",es,30.817,497,6.9,21000000,32768940,1.56
146216,Movie,RED 2,Dean Parisot,"Bruce Willis, John Malkovich, Mary-Louise Parker, Anthony Hopkins, Helen Mirren",United States of America,2013-07-18,2013,6.524,"Action, Comedy, Crime, Thriller",en,30.58,4062,6.524,84000000,148075565,1.76
149871,Movie,The Tale of The Princess Kaguya,Isao Takahata,"Aki Asakura, Takeo Chii, Nobuko Miyamoto, Kengo Kora, Atsuko Takahata",Japan,2013-11-23,2013,8.1,"Animation, Drama, Fantasy",ja,30.06,1805,8.1,49300000,24366656,0.49
152532,Movie,Dallas Buyers Club,Jean-Marc Vallée,"Matthew McConaughey, Jennifer Garner, Jared Leto, Denis O'Hare, Steve Zahn",United States of America,2013-11-01,2013,7.924,"Drama, History",en,30.013,8547,7.924,5000000,55736588,11.15
151960,Movie,Planes,Klay Hall,"Dane Cook, Carlos Alazraqui, Val Kilmer, Julia Louis-Dreyfus, Brad Garrett",United States of America,2013-08-09,2013,5.896,"Animation, Family, Adventure, Comedy",en,29.662,1707,5.896,50000000,219788712,4.4
77950,Movie,Turbo,David Soren,"Ryan Reynolds, Paul Giamatti, Michael Peña, Samuel L. Jackson, Luis Guzmán",United States of America,2013-07-11,2013,6.2,"Animation, Family",en,29.631,3396,6.2,135000000,282570682,2.09
158011,Movie,The Call,Brad Anderson,"Halle Berry, Abigail Breslin, Morris Chestnut, Michael Eklund, David Otunga",United States of America,2013-03-14,2013,6.8,"Crime, Thriller",en,28.243,2887,6.8,13000000,68572378,5.27
77931,Movie,The Smurfs 2,Raja Gosnell,"Hank Azaria, Neil Patrick Harris, Jayma Mays, Brendan Gleeson, Katy Perry","United States of America, Canada, France",2013-07-30,2013,5.7,"Fantasy, Family, Comedy, Animation",en,28.105,2219,5.7,105000000,347434178,3.31
157547,Movie,Oculus,Mike Flanagan,"Karen Gillan, Brenton Thwaites, Katee Sackhoff, Rory Cochrane, Annalise Basso",United States of America,2013-09-08,2013,6.5,Horror,en,27.946,2966,6.5,5000000,44459951,8.89
49524,Movie,R.I.P.D.,Robert Schwentke,"Jeff Bridges, Ryan Reynolds, Kevin Bacon, Mary-Louise Parker, Stephanie Szostak",United States of America,2013-07-18,2013,5.8,"Fantasy, Action, Comedy",en,27.448,4036,5.8,130000000,61600000,0.47
168672,Movie,American Hustle,David O. Russell,"Christian Bale, Bradley Cooper, Amy Adams, Jeremy Renner, Jennifer Lawrence",United States of America,2013-12-03,2013,6.852,"Drama, Crime",en,27.393,7324,6.852,40000000,251171807,6.28
179826,Movie,Odd Thomas,Stephen Sommers,"Anton Yelchin, Addison Timlin, Willem Dafoe, Gugu Mbatha-Raw, Nico Tortorella",United States of America,2013-01-29,2013,6.9,"Mystery, Thriller",en,27.208,1351,6.9,27000000,1149267,0.04
96721,Movie,Rush,Ron Howard,"Chris Hemsworth, Daniel Brühl, Olivia Wilde, Alexandra Maria Lara, Pierfrancesco Favino","United Kingdom, United States of America",2013-09-02,2013,7.7,"Drama, Action",en,27.202,7217,7.7,38000000,90200000,2.37
77951,Movie,Walking with Dinosaurs,"Neil Nightingale, Barry Cook","Justin Long, John Leguizamo, Tiya Sircar, Skyler Stone, Clay Savage","Australia, India, United Kingdom, United States of America",2013-12-18,2013,6.152,"Animation, Family, Adventure",en,26.395,479,6.152,80000000,126500000,1.58
80274,Movie,Ender's Game,Gavin Hood,"Asa Butterfield, Hailee Steinfeld, Harrison Ford, Viola Davis, Ben Kingsley",United States of America,2013-10-24,2013,6.6,"Science Fiction, Action, Adventure",en,25.419,5875,6.6,110000000,125537191,1.14
82700,Movie,After Earth,M. Night Shyamalan,"Jaden Smith, Will Smith, Sophie Okonedo, Zoë Kravitz, Glenn Morshower",United States of America,2013-05-30,2013,5.2,"Science Fiction, Action, Adventure",en,25.39,6578,5.2,130000000,243843127,1.88
109491,Movie,Beautiful Creatures,Richard LaGravenese,"Alden Ehrenreich, Alice Englert, Jeremy Irons, Viola Davis, Emmy Rossum",United States of America,2013-02-13,2013,6.033,"Fantasy, Drama, Romance",en,25.341,2847,6.033,60000000,60052138,1.0
59859,Movie,Kick-Ass 2,Jeff Wadlow,"Aaron Taylor-Johnson, Chloë Grace Moretz, Christopher Mintz-Plasse, Lyndsy Fonseca, Jim Carrey","Japan, United Kingdom",2013-07-17,2013,6.401,"Action, Adventure, Crime",en,25.27,6225,6.401,28000000,60795985,2.17
82654,Movie,Warm Bodies,Jonathan Levine,"Nicholas Hoult, Teresa Palmer, Lio Tipton, John Malkovich, Dave Franco",United States of America,2013-01-31,2013,6.464,"Horror, Comedy, Romance",en,25.125,6109,6.464,35000000,117000000,3.34
111190,Movie,Adore,Anne Fontaine,"Naomi Watts, Robin Wright, Xavier Samuel, James Frecheville, Ben Mendelsohn","Australia, France",2013-04-03,2013,6.1,Drama,en,24.943,977,6.1,16000000,1600000,0.1
64686,Movie,47 Ronin,Carl Rinsch,"Keanu Reeves, Hiroyuki Sanada, Ko Shibasaki, Tadanobu Asano, Min Tanaka","Japan, United States of America, United Kingdom",2013-12-06,2013,6.188,"Drama, Action, Fantasy",en,24.202,3865,6.188,175000000,151783839,0.87
109443,Movie,Anchorman 2: The Legend Continues,Adam McKay,"Will Ferrell, Steve Carell, Paul Rudd, David Koechner, Christina Applegate",United States of America,2013-12-18,2013,6.1,Comedy,en,23.671,2613,6.1,50000000,173700000,3.47
87516,Movie,Oldboy,Spike Lee,"Josh Brolin, Elizabeth Olsen, Sharlto Copley, Samuel L. Jackson, Michael Imperioli",United States of America,2013-11-14,2013,5.9,"Drama, Thriller, Mystery, Action",en,23.472,1982,5.9,30000000,5200000,0.17
130150,Movie,Labor Day,Jason Reitman,"Kate Winslet, Josh Brolin, Gattlin Griffith, Tobey Maguire, Tom Lipinski",United States of America,2013-12-27,2013,7.0,"Drama, Romance, Thriller",en,22.616,1187,7.0,18000000,20275812,1.13
102362,Movie,Dead Man Down,Niels Arden Oplev,"Colin Farrell, Noomi Rapace, Terrence Howard, Dominic Cooper, Isabelle Huppert",United States of America,2013-03-08,2013,6.2,"Thriller, Action, Crime, Drama",en,22.526,1461,6.2,30000000,19600000,0.65
109091,Movie,The Counselor,Ridley Scott,"Michael Fassbender, Penélope Cruz, Cameron Diaz, Javier Bardem, Brad Pitt",United States of America,2013-10-25,2013,5.3,"Thriller, Crime, Drama",en,22.311,1869,5.3,25000000,71009334,2.84
109410,Movie,42,Brian Helgeland,"Chadwick Boseman, Harrison Ford, Nicole Beharie, Christopher Meloni, Ryan Merriman",United States of America,2013-04-12,2013,7.2,Drama,en,22.289,1820,7.2,40000000,95020213,2.38
109421,Movie,Side Effects,Steven Soderbergh,"Rooney Mara, Jude Law, Catherine Zeta-Jones, Channing Tatum, Vinessa Shaw",United States of America,2013-02-07,2013,6.603,"Thriller, Crime, Drama",en,22.207,3110,6.603,30000000,63414135,2.11
112205,Movie,The Family,Luc Besson,"Robert De Niro, Michelle Pfeiffer, Tommy Lee Jones, Dianna Agron, John D'Leo","France, United States of America",2013-09-13,2013,6.4,"Crime, Comedy, Action",en,22.0,2938,6.4,30000000,36894225,1.23
83899,Movie,You're Next,Adam Wingard,"Sharni Vinson, Nicholas Tucci, Wendy Glenn, AJ Bowen, Joe Swanberg","United Kingdom, United States of America",2013-08-22,2013,6.6,"Horror, Thriller, Mystery",en,21.83,2494,6.6,1000000,14347000,14.35
57201,Movie,The Lone Ranger,Gore Verbinski,"Johnny Depp, Armie Hammer, Tom Wilkinson, William Fichtner, Helena Bonham Carter",United States of America,2013-07-03,2013,6.1,"Action, Adventure, Western",en,21.712,5868,6.1,215000000,260500000,1.21
134411,Movie,Snitch,Ric Roman Waugh,"Dwayne Johnson, Barry Pepper, Susan Sarandon, Benjamin Bratt, Michael Kenneth Williams","United Arab Emirates, United States of America",2013-02-21,2013,6.1,"Thriller, Drama, Action",en,21.552,2359,6.1,35000000,42930462,1.23
157386,Movie,The Spectacular Now,James Ponsoldt,"Miles Teller, Shailene Woodley, Masam Holden, Kaitlyn Dever, Brie Larson",United States of America,2013-08-02,2013,6.7,"Comedy, Drama, Romance",en,21.049,2876,6.7,2500000,6854611,2.74
175574,Movie,Free Birds,Jimmy Hayward,"Owen Wilson, Woody Harrelson, Amy Poehler, George Takei, Colm Meaney",United States of America,2013-10-30,2013,5.876,"Animation, Comedy, Family",en,21.012,793,5.876,55000000,110000000,2.0
157841,Movie,The Young and Prodigious T.S. Spivet,Jean-Pierre Jeunet,"Kyle Catlett, Helena Bonham Carter, Judy Davis, Callum Keith Rennie, Niamh Wilson","Canada, France",2013-10-16,2013,6.841,"Adventure, Drama, Family",en,20.989,808,6.841,33000000,9494789,0.29
145135,Movie,Dark Skies,Scott Stewart,"Keri Russell, Josh Hamilton, Dakota Goyo, J.K. Simmons, Trevor St. John",United States of America,2013-02-21,2013,6.3,"Science Fiction, Thriller, Horror",en,20.395,1789,6.3,3500000,25174316,7.19
192577,Movie,Space Pirate Captain Harlock,Shinji Aramaki,"Shun Oguri, Haruma Miura, Yu Aoi, Arata Furuta, Ayano Fukuda",Japan,2013-09-07,2013,6.6,"Animation, Science Fiction",ja,20.188,1036,6.6,30000000,18010317,0.6
86825,Movie,Stoker,Park Chan-wook,"Mia Wasikowska, Nicole Kidman, Matthew Goode, Dermot Mulroney, Jacki Weaver",United States of America,2013-02-28,2013,6.6,"Drama, Horror, Thriller",en,19.864,2251,6.6,12000000,12077441,1.01
203833,Movie,The Book Thief,Brian Percival,"Geoffrey Rush, Sophie Nélisse, Emily Watson, Nico Liersch, Ben Schnetzer","Germany, United States of America",2013-11-08,2013,7.5,Drama,en,19.842,4351,7.5,19000000,76586316,4.03
103731,Movie,Mud,Jeff Nichols,"Matthew McConaughey, Reese Witherspoon, Tye Sheridan, Jacob Lofland, Sam Shepard",United States of America,2013-04-26,2013,7.055,Drama,en,19.815,2833,7.055,10000000,32613173,3.26
152742,Movie,The Best Offer,Giuseppe Tornatore,"Geoffrey Rush, Jim Sturgess, Sylvia Hoeks, Donald Sutherland, Maximilian Dirr",Italy,2013-01-01,2013,7.8,"Drama, Romance, Crime",it,19.77,2864,7.8,13500000,19255873,1.43
132344,Movie,Before Midnight,Richard Linklater,"Ethan Hawke, Julie Delpy, Seamus Davey-Fitzpatrick, Jennifer Prior, Charlotte Prior","Greece, United States of America",2013-04-05,2013,7.508,"Romance, Drama",en,19.618,2441,7.508,3000000,11176469,3.73
112949,Movie,Safe Haven,Lasse Hallström,"Julianne Hough, Josh Duhamel, Cobie Smulders, David Lyons, Mimi Kirkland",United States of America,2013-02-07,2013,7.3,"Romance, Thriller",en,19.591,2327,7.3,28000000,97600000,3.49
44865,Movie,The Grandmaster,Wong Kar-wai,"Tony Leung, Zhang Ziyi, Chang Chen, Zhao Benshan, Xiao Shenyang","Hong Kong, France, United States of America, Netherlands",2013-01-10,2013,6.6,"Action, Drama, History",zh,19.475,882,6.6,38600000,64076736,1.66
180147,Movie,We Are the Nobles,Gary Alazraki,"Gonzalo Vega, Luis Gerardo Méndez, Karla Souza, Juan Pablo Gil, Ianis Guerrero",Mexico,2013-03-28,2013,7.884,Comedy,es,19.156,503,7.884,2000000,26433651,13.22
102780,Movie,Byzantium,Neil Jordan,"Gemma Arterton, Saoirse Ronan, Sam Riley, Jonny Lee Miller, Caleb Landry Jones","Ireland, United Kingdom, United States of America",2013-04-11,2013,6.3,"Drama, Fantasy, Thriller",en,19.02,871,6.3,10000000,89237,0.01
97367,Movie,The Place Beyond the Pines,Derek Cianfrance,"Ryan Gosling, Eva Mendes, Bradley Cooper, Rose Byrne, Ray Liotta",United States of America,2013-03-20,2013,6.971,"Drama, Crime",en,19.006,4865,6.971,15000000,47135966,3.14
124459,Movie,The Incredible Burt Wonderstone,Don Scardino,"Steve Carell, Steve Buscemi, Olivia Wilde, Jim Carrey, James Gandolfini",United States of America,2013-03-14,2013,5.7,Comedy,en,18.936,1434,5.7,30000000,27437881,0.91
179144,Movie,The Great Beauty,Paolo Sorrentino,"Toni Servillo, Carlo Verdone, Sabrina Ferilli, Carlo Buccirosso, Iaia Forte","France, Italy",2013-05-21,2013,7.5,Drama,it,18.899,3128,7.5,9200000,24930592,2.71
152599,Movie,The Immigrant,James Gray,"Marion Cotillard, Joaquin Phoenix, Jeremy Renner, Dagmara Dominczyk, Yelena Solovey","France, United States of America",2013-11-27,2013,6.3,"Drama, Romance",en,18.896,825,6.3,16000000,5867686,0.37
122081,Movie,Spring Breakers,Harmony Korine,"Ashley Benson, Vanessa Hudgens, James Franco, Rachel Korine, Selena Gomez","France, United States of America, Mexico",2013-03-06,2013,5.2,"Drama, Crime",en,18.854,3851,5.2,5000000,31700000,6.34
107985,Movie,The World's End,Edgar Wright,"Simon Pegg, Nick Frost, Paddy Considine, Eddie Marsan, Martin Freeman","United Kingdom, United States of America",2013-07-18,2013,6.8,"Comedy, Action, Science Fiction",en,18.752,5466,6.8,20000000,46100000,2.31
44977,Movie,Dhoom 3,Vijay Krishna Acharya,"Aamir Khan, Abhishek Bachchan, Katrina Kaif, Uday Chopra, Jackie Shroff",India,2013-12-19,2013,6.1,"Action, Crime",hi,18.693,285,6.1,19500000,91000000,4.67
76285,Movie,Percy Jackson: Sea of Monsters,Thor Freudenthal,"Logan Lerman, Brandon T. Jackson, Alexandra Daddario, Douglas Smith, Leven Rambin",United States of America,2013-08-07,2013,6.027,"Adventure, Family, Fantasy",en,18.676,5166,6.027,90000000,199850315,2.22
190847,Movie,The Last Days on Mars,Ruairi Robinson,"Liev Schreiber, Elias Koteas, Romola Garai, Olivia Williams, Johnny Harris","Belgium, Ireland, United Kingdom, United States of America",2013-08-11,2013,5.5,"Science Fiction, Thriller, Horror",en,18.535,824,5.5,10600000,24084,0.0
211954,Movie,Instructions Not Included,Eugenio Derbez,"Eugenio Derbez, Loreto Peralta, Jessica Lindsey, Daniel Raymont, Hugo Stiglitz","United States of America, Mexico",2013-07-20,2013,7.7,"Comedy, Drama",es,18.317,891,7.7,5500000,99067206,18.01
164457,Movie,Out of the Furnace,Scott Cooper,"Christian Bale, Zoe Saldaña, Woody Harrelson, Sam Shepard, Willem Dafoe",United States of America,2013-11-09,2013,6.565,"Thriller, Drama, Crime",en,18.194,1977,6.565,22000000,15400000,0.7
140823,Movie,Saving Mr. Banks,John Lee Hancock,"Emma Thompson, Tom Hanks, Colin Farrell, Paul Giamatti, Ruth Wilson","Australia, United Kingdom, United States of America",2013-11-29,2013,7.347,"Comedy, Drama, History",en,18.164,3320,7.347,35000000,112544580,3.22
109431,Movie,Identity Thief,Seth Gordon,"Jason Bateman, Melissa McCarthy, Jon Favreau, Amanda Peet, T.I.",United States of America,2013-02-07,2013,5.853,"Comedy, Crime",en,18.121,3341,5.853,35000000,173965010,4.97
106747,Movie,Machete Kills,Robert Rodriguez,"Danny Trejo, Mel Gibson, Demián Bichir, Amber Heard, Michelle Rodriguez",United States of America,2013-09-12,2013,5.6,"Action, Crime, Thriller",en,18.033,1911,5.6,12000000,15000000,1.25
172391,Movie,Khumba,Anthony Silverston,"Jake T. Austin, Liam Neeson, Steve Buscemi, AnnaSophia Robb, Laurence Fishburne",South Africa,2013-07-18,2013,6.0,"Animation, Adventure, Family",en,17.801,258,6.0,20000000,27200000,1.36
199534,Movie,Wolf Creek 2,Greg McLean,"John Jarratt, Ryan Corr, Ben Gerrard, Shane Connor, Shannon Ashlyn",Australia,2013-08-30,2013,6.4,"Horror, Thriller",en,17.627,651,6.4,8000000,9630444,1.2
169881,Movie,The Physician,Philipp Stölzl,"Tom Payne, Ben Kingsley, Stellan Skarsgård, Olivier Martinez, Emma Rigby",Germany,2013-12-25,2013,7.3,"Adventure, Drama, History",en,17.471,1081,7.3,36000000,57300000,1.59
202575,Movie,The House of Magic,"Ben Stassen, Jérémie Degruson","Brianne Siddall, Shanelle Gray, Robin Atkin Downes, Doug Stone, Grant George","Belgium, France, United Kingdom",2013-12-24,2013,6.321,"Family, Fantasy, Animation, Adventure",en,17.344,350,6.321,34000000,64197205,1.89
152603,Movie,Only Lovers Left Alive,Jim Jarmusch,"Tilda Swinton, Tom Hiddleston, Anton Yelchin, Mia Wasikowska, Jeffrey Wright","United Kingdom, Germany, France, Greece",2013-12-12,2013,7.2,"Drama, Romance",en,17.265,2229,7.2,7000000,7600000,1.09
146203,Movie,The Last Exorcism Part II,Ed Gass-Donnelly,"Ashley Bell, Julia Garner, Andrew Sensenig, Spencer Treat Clark, Judd Lormand",United States of America,2013-02-28,2013,4.6,"Horror, Thriller",en,17.217,542,4.6,5000000,15200000,3.04
77805,Movie,Lovelace,"Rob Epstein, Jeffrey Friedman","Amanda Seyfried, Sharon Stone, Robert Patrick, Peter Sarsgaard, Hank Azaria",United States of America,2013-08-08,2013,6.0,Drama,en,17.113,701,6.0,10000000,1585582,0.16
186992,Movie,Stranger by the Lake,Alain Guiraudie,"Pierre Deladonchamps, Christophe Paou, Patrick d'Assumçao, Jérôme Chappatte, Mathieu Vervisch",France,2013-06-12,2013,6.292,"Drama, Thriller",fr,17.112,432,6.292,1400000,1200000,0.86
140870,Movie,Minuscule: Valley of the Lost Ants,"Hélène Giraud, Thomas Szabo","John DeCantis, Suzy Wilson","Belgium, France",2013-11-17,2013,7.0,"Animation, Adventure, Family",fr,17.016,452,7.0,19700000,30000000,1.52
82682,Movie,Gangster Squad,Ruben Fleischer,"Josh Brolin, Ryan Gosling, Sean Penn, Nick Nolte, Emma Stone",United States of America,2013-01-09,2013,6.367,"Crime, Drama, Action, Thriller",en,16.944,4060,6.367,60000000,105200000,1.75
137093,Movie,Last Vegas,Jon Turteltaub,"Robert De Niro, Morgan Freeman, Michael Douglas, Kevin Kline, Mary Steenburgen",United States of America,2013-10-31,2013,6.405,Comedy,en,16.882,2134,6.405,28000000,134400000,4.8
152747,Movie,All Is Lost,J.C. Chandor,Robert Redford,"Canada, Mexico, United States of America",2013-08-23,2013,6.639,"Action, Adventure, Drama",en,16.849,1620,6.639,9000000,6108720,0.68
152737,Movie,August: Osage County,John Wells,"Julia Roberts, Meryl Streep, Julianne Nicholson, Juliette Lewis, Ewan McGregor",United States of America,2013-12-26,2013,6.9,"Comedy, Drama",en,16.812,1497,6.9,25000000,74188937,2.97
157370,Movie,Kill Your Darlings,John Krokidas,"Daniel Radcliffe, Dane DeHaan, Michael C. Hall, Jack Huston, Ben Foster",United States of America,2013-10-16,2013,7.1,"Drama, Romance, Thriller",en,16.692,1357,7.1,5600000,1600000,0.29
115348,Movie,Paranoia,Robert Luketic,"Liam Hemsworth, Harrison Ford, Gary Oldman, Amber Heard, Josh Holloway","India, United States of America",2013-08-14,2013,5.7,"Drama, Thriller",en,16.68,852,5.7,35000000,17056265,0.49
123109,Movie,No One Lives,Ryûhei Kitamura,"Luke Evans, Adelaide Clemens, Laura Ramsey, Lee Tergesen, Derek Magyar",United States of America,2013-03-09,2013,6.0,"Horror, Thriller",en,16.54,621,6.0,2900000,74918,0.03
107811,Movie,21 & Over,"Jon Lucas, Scott Moore","Skylar Astin, Justin Chon, Miles Teller, Sarah Wright, Jonathan Keltz",United States of America,2013-03-01,2013,5.8,Comedy,en,16.539,1532,5.8,13000000,48065672,3.7
169209,Movie,Empire State,Dito Montiel,"Liam Hemsworth, Dwayne Johnson, Emma Roberts, Nikki Reed, Michael Angarano","United Kingdom, United States of America",2013-09-03,2013,5.4,"Action, Drama",en,16.433,691,5.4,11000000,3639345,0.33
209189,Movie,Life of Crime,Daniel Schechter,"Jennifer Aniston, John Hawkes, Yasiin Bey, Isla Fisher, Will Forte",United States of America,2013-09-14,2013,5.7,"Comedy, Crime",en,16.335,391,5.7,12000000,265452,0.02
140818,Movie,Ragnarok,Mikkel Brænne Sandemose,"Pål Sverre Hagen, Nicolai Cleve Broch, Sofia Helin, Bjørn Sundquist, Maria Annette Tanderød Berglyd",Norway,2013-10-04,2013,5.7,"Action, Adventure",no,16.028,216,5.7,6500000,3721345,0.57
145247,Movie,The 100 Year-Old Man Who Climbed Out the Window and Disappeared,Felix Herngren,"Robert Gustafsson, Iwar Wiklander, David Wiberg, Mia Skäringer, Jens Hultén",Sweden,2013-12-25,2013,6.8,"Adventure, Comedy, Drama",sv,16.006,937,6.8,9250000,51167572,5.53
129139,Movie,The To Do List,Maggie Carey,"Aubrey Plaza, Johnny Simmons, Bill Hader, Alia Shawkat, Sarah Steele",United States of America,2013-07-24,2013,5.781,"Comedy, Romance",en,15.932,1020,5.781,1500000,3566225,2.38
146381,Movie,Justin and the Knights of Valour,Manuel Sicilia,"Saoirse Ronan, Freddie Highmore, Antonio Banderas, Mark Strong, Julie Walters","Spain, United Kingdom",2013-08-09,2013,5.93,"Animation, Adventure",en,15.692,314,5.93,22000000,19799759,0.9
146304,Movie,The Best Man Holiday,Malcolm D. Lee,"Terrence Howard, Harold Perrineau, Morris Chestnut, Sanaa Lathan, Taye Diggs",United States of America,2013-11-15,2013,6.6,Comedy,en,15.641,265,6.6,17000000,71625195,4.21
196024,Movie,The Keeper of Lost Causes,Mikkel Nørgaard,"Nikolaj Lie Kaas, Fares Fares, Sonja Richter, Mikkel Boe Følsgaard, Søren Pilmark","Denmark, Germany, Norway, Sweden",2013-10-03,2013,7.1,"Thriller, Mystery, Crime",da,15.588,752,7.1,5650000,13700000,2.42
158884,Movie,A Teacher,Hannah Fidell,"Lindsay Burdge, Will Brittain, Jennifer Prediger, Jonny Mars, Julie Dell Phillips",United States of America,2013-09-06,2013,4.6,Drama,en,15.461,91,4.6,100000,8348,0.08
164331,Movie,Spiders,Tibor Takács,"Sydney Sweeney, Christa Campbell, Pete Lee-Wilson, Patrick Muldoon, Shelly Varod",United States of America,2013-02-08,2013,4.4,"Science Fiction, Thriller",en,15.457,170,4.4,7000000,257019,0.04
199373,Movie,The Frozen Ground,Scott Walker,"Nicolas Cage, Vanessa Hudgens, John Cusack, Radha Mitchell, Jodi Lyn O'Keefe","Germany, United Kingdom, United States of America",2013-07-11,2013,6.3,"Thriller, Crime",en,15.408,1479,6.3,27220000,5496951,0.2
160588,Movie,Blue Jasmine,Woody Allen,"Cate Blanchett, Sally Hawkins, Alec Baldwin, Peter Sarsgaard, Bobby Cannavale",United States of America,2013-08-01,2013,6.988,Drama,en,15.254,3461,6.988,18000000,99200000,5.51
208134,Movie,Jackass Presents: Bad Grandpa,Jeff Tremaine,"Johnny Knoxville, Jackson Nicoll, Georgina Cates, Catherine Keener, Spike Jonze",United States of America,2013-10-22,2013,6.114,Comedy,en,15.218,1570,6.114,15000000,151831537,10.12
187022,Movie,A Touch of Sin,Jia Zhang-ke,"Jiang Wu, Wang Baoqiang, Zhao Tao, Li Meng, Zhang Jiayi","China, France, Japan",2013-10-04,2013,7.2,"Drama, Crime, Action",zh,15.211,338,7.2,4000000,154120,0.04
129670,Movie,Nebraska,Alexander Payne,"Bruce Dern, Will Forte, June Squibb, Bob Odenkirk, Stacy Keach",United States of America,2013-09-21,2013,7.442,"Drama, Adventure",en,15.195,1779,7.442,12000000,27700000,2.31
219572,Movie,Police Story: Lockdown,Ding Sheng,"Jackie Chan, Liu Ye, Jing Tian, Yu Rongguang, Yin Tao","China, Hong Kong",2013-12-24,2013,6.2,"Action, Crime, Drama",zh,15.129,377,6.2,35000000,94249025,2.69
104755,Movie,The Lords of Salem,Rob Zombie,"Sheri Moon Zombie, Bruce Davison, Jeff Daniel Phillips, Judy Geeson, Meg Foster","Canada, United States of America",2013-04-18,2013,5.5,"Horror, Thriller",en,15.087,860,5.5,1500000,1165882,0.78
150202,Movie,The Haunting in Connecticut 2: Ghosts of Georgia,Tom Elkins,"Chad Michael Murray, Katee Sackhoff, Abigail Spencer, Cicely Tyson, Emily Alyn Lind",United States of America,2013-02-01,2013,5.8,"Horror, Drama, Thriller",en,15.071,520,5.8,8000000,5127434,0.64
156700,Movie,The Kings of Summer,Jordan Vogt-Roberts,"Nick Robinson, Gabriel Basso, Moisés Arias, Nick Offerman, Erin Moriarty",United States of America,2013-01-19,2013,7.002,"Comedy, Drama",en,15.027,1136,7.002,1500000,1400000,0.93
164558,Movie,One Direction: This Is Us,Morgan Spurlock,"Harry Styles, Zayn Malik, Liam Payne, Niall Horan, Louis Tomlinson","United Kingdom, United States of America",2013-08-28,2013,8.3,"Documentary, Music",en,14.995,1045,8.3,10000000,68500000,6.85
86829,Movie,Inside Llewyn Davis,"Joel Coen, Ethan Coen","Oscar Isaac, Carey Mulligan, Justin Timberlake, Ethan Phillips, Robin Bartlett","France, United Kingdom",2013-10-18,2013,7.194,"Drama, Music",en,14.835,2712,7.194,11000000,32935319,2.99
212716,Movie,What If,Michael Dowse,"Daniel Radcliffe, Zoe Kazan, Megan Park, Adam Driver, Mackenzie Davis","Canada, Ireland, United States of America",2013-09-07,2013,6.737,"Drama, Comedy, Romance",en,14.782,1974,6.737,11000000,8500000,0.77
76544,Movie,Man of Tai Chi,Keanu Reeves,"Tiger Chen Hu, Keanu Reeves, Karen Mok Man-Wai, Yu Hai, Ye Qing","China, Hong Kong, United States of America",2013-07-04,2013,6.1,"Action, Drama",en,14.746,927,6.1,25000000,2054941,0.08
227707,Movie,The Adventurer: The Curse of the Midas Box,Jonathan Newman,"Aneurin Barnard, Michael Sheen, Lena Headey, Sam Neill, Ioan Gruffudd","Belgium, United Kingdom, Spain",2013-12-05,2013,5.634,"Fantasy, Adventure, Family",en,14.705,228,5.634,25000000,6399,0.0
227700,Movie,Anna,Jorge Dorado,"Mark Strong, Taissa Farmiga, Brian Cox, Saskia Reeves, Richard Dillane","Canada, France, Spain, United Kingdom, United States of America",2013-10-13,2013,6.5,"Thriller, Drama",en,14.671,658,6.5,4357373,1200000,0.28
147773,Movie,The Way Way Back,"Jim Rash, Nat Faxon","Liam James, Steve Carell, Toni Collette, AnnaSophia Robb, Sam Rockwell",United States of America,2013-06-06,2013,7.1,"Comedy, Drama",en,14.555,1809,7.1,4600000,23198652,5.04
109729,Movie,The Canyons,Paul Schrader,"Lindsay Lohan, James Deen, Nolan Gerard Funk, Amanda Brooks, Tenille Houston",United States of America,2013-08-02,2013,4.417,"Thriller, Drama",en,14.537,258,4.417,250000,270185,1.08
119675,Movie,Behind the Candelabra,Steven Soderbergh,"Michael Douglas, Matt Damon, Dan Aykroyd, Scott Bakula, Rob Lowe",United States of America,2013-05-26,2013,6.625,"Drama, Romance",en,14.518,787,6.625,23000000,15600000,0.68
146239,Movie,Delivery Man,Ken Scott,"Vince Vaughn, Cobie Smulders, Chris Pratt, Britt Robertson, Jack Reynor","United States of America, India",2013-10-10,2013,6.2,Comedy,en,14.505,1488,6.2,26000000,51164106,1.97
87567,Movie,The Big Wedding,Justin Zackham,"Robert De Niro, Diane Keaton, Ben Barnes, Amanda Seyfried, Susan Sarandon",United States of America,2013-04-25,2013,5.859,Comedy,en,14.479,1168,5.859,35000000,21800000,0.62
146238,Movie,Runner Runner,Brad Furman,"Justin Timberlake, Ben Affleck, Gemma Arterton, Anthony Mackie, Michael Esper",United States of America,2013-09-24,2013,5.6,"Crime, Thriller, Drama",en,14.223,1241,5.6,30000000,62600000,2.09
132363,Movie,The Butler,Lee Daniels,"Forest Whitaker, Oprah Winfrey, David Oyelowo, John Cusack, Jane Fonda",United States of America,2013-08-16,2013,7.33,Drama,en,13.928,2884,7.33,25000000,177313795,7.09
98357,Movie,Broken City,Allen Hughes,"Mark Wahlberg, Russell Crowe, Catherine Zeta-Jones, Jeffrey Wright, Barry Pepper",United States of America,2013-01-18,2013,5.9,"Thriller, Crime, Drama",en,13.834,1476,5.9,56000000,34737199,0.62
127560,Movie,The Railway Man,Jonathan Teplitzky,"Colin Firth, Nicole Kidman, Stellan Skarsgård, Jeremy Irvine, Hiroyuki Sanada","Australia, France, Switzerland, Thailand, United Kingdom",2013-12-02,2013,6.9,"Drama, History",en,13.833,739,6.9,18000000,24174885,1.34
162903,Movie,The Fifth Estate,Bill Condon,"Benedict Cumberbatch, Daniel Brühl, Anthony Mackie, David Thewlis, Alicia Vikander","India, United States of America",2013-10-11,2013,6.0,"Drama, Thriller",en,13.695,1011,6.0,28000000,8555008,0.31
121677,Movie,The Reluctant Fundamentalist,Mira Nair,"Riz Ahmed, Kate Hudson, Liev Schreiber, Kiefer Sutherland, Om Puri","Qatar, United States of America, India",2013-04-24,2013,6.591,Thriller,en,13.597,215,6.591,15000000,2200000,0.15
96936,Movie,The Bling Ring,Sofia Coppola,"Katie Chang, Emma Watson, Taissa Farmiga, Claire Julien, Israel Broussard",United States of America,2013-06-12,2013,5.423,"Drama, Crime",en,13.595,3032,5.423,15000000,19145732,1.28
204668,Movie,Belle and Sebastian,Nicolas Vanier,"Félix Bossuet, Tchéky Karyo, Dimitri Storoge, Mehdi El Glaoui, Andreas Pietschmann",France,2013-12-18,2013,6.925,Adventure,fr,13.537,656,6.925,11300000,35825575,3.17
205601,Movie,Belle,Amma Asante,"Gugu Mbatha-Raw, Tom Wilkinson, Sam Reid, Emily Watson, Sarah Gadon",United Kingdom,2013-05-01,2013,7.138,Drama,en,13.518,683,7.138,10900000,16500000,1.51
127517,Movie,Disconnect,Henry Alex Rubin,"Jason Bateman, Hope Davis, Frank Grillo, Paula Patton, Max Thieriot",United States of America,2013-04-12,2013,7.0,"Drama, Thriller",en,13.346,1126,7.0,10000000,3428048,0.34
244610,Movie,The Den,Zachary Donohue,"Melanie Papalia, Matt Riedy, David Schlachtenhaufen, Adam Shapiro, Matt Lasky",United States of America,2013-12-12,2013,6.0,"Horror, Thriller, Mystery",en,13.326,340,6.0,500000,410129,0.82
109099,Movie,Passion,Brian De Palma,"Rachel McAdams, Noomi Rapace, Karoline Herfurth, Paul Anderson, Dominic Raacke","France, Germany",2013-02-13,2013,5.3,"Thriller, Drama, Crime, Mystery",en,13.277,417,5.3,20000000,713616,0.04
174675,Movie,The Machine,Caradog W. James,"Caity Lotz, Toby Stephens, Denis Lawson, Sam Hazeldine, Pooneh Hajimohammadi",United Kingdom,2013-04-25,2013,5.919,"Science Fiction, Thriller",en,13.264,807,5.919,1500000,314131,0.21
205220,Movie,Philomena,Stephen Frears,"Judi Dench, Steve Coogan, Sophie Kennedy Clark, Mare Winningham, Barbara Jefford","France, United Kingdom",2013-11-01,2013,7.4,Drama,en,13.252,1616,7.4,12000000,100100000,8.34
157834,Movie,The Zero Theorem,Terry Gilliam,"Christoph Waltz, David Thewlis, Mélanie Thierry, Lucas Hedges, Matt Damon","France, Luxembourg, Romania, United Kingdom, United States of America",2013-09-20,2013,6.105,"Drama, Fantasy, Science Fiction",en,13.144,1221,6.105,8500000,770706,0.09
185008,Movie,Yeh Jawaani Hai Deewani,Ayan Mukerji,"Ranbir Kapoor, Deepika Padukone, Aditya Roy Kapur, Kalki Koechlin, Kunaal Roy Kapur",India,2013-05-31,2013,7.2,"Romance, Comedy",hi,13.022,266,7.2,7700000,46000000,5.97
157354,Movie,Fruitvale Station,Ryan Coogler,"Michael B. Jordan, Melonie Diaz, Octavia Spencer, Kevin Durand, Chad Michael Murray",United States of America,2013-07-26,2013,7.365,Drama,en,12.975,1304,7.365,900000,17600000,19.56
211067,Movie,The Sacrament,Ti West,"Joe Swanberg, AJ Bowen, Kentucker Audley, Gene Jones, Amy Seimetz",United States of America,2013-09-02,2013,5.962,"Horror, Thriller",en,12.917,451,5.962,4000000,9221,0.0
253279,Movie,The Trials of Cate McCall,Karen Moncrieff,"Kate Beckinsale, Nick Nolte, James Cromwell, Anna Schafer, Mark Pellegrino",United States of America,2013-11-28,2013,6.3,Drama,en,12.85,298,6.3,7000000,249601,0.04
144340,Movie,Admission,Paul Weitz,"Tina Fey, Ann Harada, Ben Levin, Dan Levy, Maggie Keenan-Bolger",United States of America,2013-03-21,2013,5.6,"Comedy, Drama, Romance",en,12.693,616,5.6,13000000,18637201,1.43
190955,Movie,Blood Ties,Guillaume Canet,"Clive Owen, Billy Crudup, Marion Cotillard, Mila Kunis, Zoe Saldaña","France, United States of America",2013-08-22,2013,6.107,"Thriller, Crime, Drama",en,12.469,474,6.107,25500000,2415472,0.09
192136,Movie,Mandela: Long Walk to Freedom,Justin Chadwick,"Idris Elba, Naomie Harris, Tony Kgoroge, Riaad Moosa, Fana Mokoena","France, South Africa, United Kingdom, United States of America",2013-11-28,2013,6.9,"Drama, History",en,12.395,533,6.9,35000000,27300000,0.78
77987,Movie,Only God Forgives,Nicolas Winding Refn,"Ryan Gosling, Kristin Scott Thomas, Vithaya Pansringarm, Rhatha Phongam, Gordon Brown","Denmark, France, Sweden, United States of America",2013-05-30,2013,5.8,"Drama, Thriller, Crime",en,12.392,2444,5.8,4800000,10300000,2.15
192134,Movie,Dom Hemingway,Richard Shepard,"Jude Law, Demián Bichir, Richard E. Grant, Matthew C. Martino, Emilia Clarke",United Kingdom,2013-11-14,2013,5.845,"Comedy, Crime, Drama",en,12.39,510,5.845,7000000,1300000,0.19
64807,Movie,Grudge Match,Peter Segal,"Robert De Niro, Sylvester Stallone, Alan Arkin, Jon Bernthal, Kevin Hart",United States of America,2013-12-25,2013,6.1,Comedy,en,12.37,1294,6.1,40000000,44907260,1.12
109417,Movie,Battle of the Year,Benson Lee,"Josh Holloway, Josh Peck, Chris Brown, Laz Alonso, Caity Lotz",United States of America,2013-09-21,2013,6.8,"Music, Drama",en,12.321,340,6.8,20000000,16549477,0.83
158426,Movie,Collision,David Marconi,"Roschdy Zem, Jaimie Alexander, Frank Grillo, Marie-Josée Croze, Moussa Maaskri",France,2013-01-30,2013,5.8,"Action, Thriller, Romance",en,12.271,96,5.8,7700000,467282,0.06
152259,Movie,Phantom,Todd Robinson,"Ed Harris, David Duchovny, Lance Henriksen, William Fichtner, Johnathon Schaech",United States of America,2013-01-03,2013,5.9,Thriller,en,11.999,323,5.9,10000000,1197759,0.12
160704,Movie,The Berlin File,Ryoo Seung-wan,"Ha Jung-woo, Han Suk-kyu, Ryoo Seung-bum, Jun Ji-hyun, Lee Kyung-young",South Korea,2013-01-30,2013,6.7,"Action, Thriller, Crime",ko,11.922,205,6.7,9000000,48965210,5.44
97006,Movie,Temptation: Confessions of a Marriage Counselor,Tyler Perry,"Jurnee Smollett, Lance Gross, Robbie Jones, Brandy Norwood, Kim Kardashian",United States of America,2013-03-29,2013,6.6,Drama,en,11.813,175,6.6,37000000,53143144,1.44
157360,Movie,In a World...,Lake Bell,"Lake Bell, Fred Melamed, Michaela Watkins, Ken Marino, Demetri Martin","United Kingdom, United States of America",2013-08-09,2013,6.338,Comedy,en,11.789,519,6.338,1000000,2963902,2.96
204435,Movie,Krrish 3,Rakesh Roshan,"Hrithik Roshan, Priyanka Chopra Jonas, Vivek Oberoi, Kangana Ranaut, Arif Zakaria",India,2013-11-01,2013,5.6,"Action, Science Fiction",hi,11.772,179,5.6,20000000,84000000,4.2
115782,Movie,Jobs,Joshua Michael Stern,"Ashton Kutcher, Josh Gad, Lukas Haas, Victor Rasuk, Eddie Hassell","Switzerland, United States of America",2013-08-15,2013,6.1,"Drama, History",en,11.768,2462,6.1,12000000,42100000,3.51
146227,Movie,Getaway,Courtney Solomon,"Ethan Hawke, Selena Gomez, Jon Voight, Rebecca Budig, Paul Freeman","Bulgaria, United States of America",2013-08-29,2013,5.1,"Action, Crime",en,11.751,634,5.1,18000000,10501938,0.58
201749,Movie,Mr. Morgan's Last Love,Sandra Nettelbeck,"Michael Caine, Clémence Poésy, Gillian Anderson, Justin Kirk, Jane Alexander","Belgium, Germany, United States of America, France",2013-08-22,2013,6.66,"Drama, Comedy",en,11.708,294,6.66,8200000,2967122,0.36
152748,Movie,Ain't Them Bodies Saints,David Lowery,"Rooney Mara, Casey Affleck, Ben Foster, Keith Carradine, Kennadie Smith",United States of America,2013-07-03,2013,6.1,"Crime, Drama, Romance, Western",en,11.636,433,6.1,4000000,1031243,0.26
205022,Movie,Chennai Express,Rohit Shetty,"Shah Rukh Khan, Deepika Padukone, Nikitin Dheer, Manorama, Sathyaraj",India,2013-08-08,2013,6.5,"Romance, Comedy, Action",hi,11.543,335,6.5,18000000,62000000,3.44
191714,Movie,The Lunchbox,Ritesh Batra,"Irrfan Khan, Nimrat Kaur, Nawazuddin Siddiqui, Lillete Dubey, Nasirr Khan","France, Germany, India, United States of America",2013-09-20,2013,7.3,"Drama, Romance",hi,11.522,718,7.3,3400000,17240000,5.07
150117,Movie,I Give It a Year,Dan Mazer,"Rose Byrne, Rafe Spall, Simon Baker, Anna Faris, Stephen Merchant","France, United Kingdom, United States of America",2013-02-08,2013,5.5,"Comedy, Romance",en,11.4,759,5.5,13000000,29200000,2.25
85889,Movie,Filth,Jon S. Baird,"James McAvoy, Jamie Bell, Eddie Marsan, Imogen Poots, Brian McCardie","Belgium, Germany, Sweden, United Kingdom, United States of America",2013-09-23,2013,6.865,"Crime, Drama, Comedy",en,11.332,1737,6.865,5000000,9114264,1.82
244049,Movie,Drishyam,Jeethu Joseph,"Mohanlal, Meena, Asha Sarath, Kalabhavan Shajon, Ansiba Hassan",India,2013-12-19,2013,7.61,"Thriller, Crime, Drama, Family",ml,11.195,200,7.61,750000,12000000,16.0
199420,Movie,Pawn Shop Chronicles,Wayne Kramer,"Paul Walker, Elijah Wood, Norman Reedus, Brendan Fraser, Vincent D'Onofrio",United States of America,2013-07-12,2013,5.7,"Action, Comedy",en,10.997,233,5.7,5000000,1080000,0.22
144789,Movie,I'm So Excited!,Pedro Almodóvar,"Antonio Banderas, Penélope Cruz, Coté Soler, Antonio de la Torre, Hugo Silva",Spain,2013-03-08,2013,5.7,Comedy,es,10.951,680,5.7,5000000,11724119,2.34
68727,Movie,Trance,Danny Boyle,"James McAvoy, Vincent Cassel, Rosario Dawson, Danny Sapani, Matt Cross","France, United Kingdom, United States of America",2013-03-27,2013,6.619,"Thriller, Crime, Drama, Mystery",en,10.901,2195,6.619,20000000,24300000,1.22
169813,Movie,Short Term 12,Destin Daniel Cretton,"Brie Larson, John Gallagher Jr., Kaitlyn Dever, Rami Malek, LaKeith Stanfield",United States of America,2013-08-23,2013,7.8,Drama,en,10.79,1311,7.8,1000000,1645164,1.65
175528,Movie,Baggage Claim,David E. Talbert,"Paula Patton, Derek Luke, Jill Scott, Adam Brody, Jenifer Lewis",United States of America,2013-09-27,2013,5.328,"Romance, Comedy",en,10.755,201,5.328,8500000,22456509,2.64
186161,Movie,The Gilded Cage,Ruben Alves,"Rita Blanco, Joaquim de Almeida, Roland Giraud, Chantal Lauby, Barbara Cabrita",France,2013-04-19,2013,6.719,Comedy,fr,10.741,336,6.719,7000000,11311521,1.62
127373,Movie,What Maisie Knew,"Scott McGehee, David Siegel","Julianne Moore, Steve Coogan, Alexander Skarsgård, Joanna Vanderham, Onata Aprile",United States of America,2013-05-02,2013,7.1,Drama,en,10.658,417,7.1,6000000,2711379,0.45
258216,Movie,Nymphomaniac: Vol. I,Lars von Trier,"Charlotte Gainsbourg, Stellan Skarsgård, Stacy Martin, Shia LaBeouf, Christian Slater","Germany, Belgium, Denmark, France",2013-12-25,2013,6.9,Drama,en,10.598,3413,6.9,2350000,13545832,5.76
209403,Movie,Bad Words,Jason Bateman,"Jason Bateman, Kathryn Hahn, Rohan Chand, Philip Baker Hall, Allison Janney",United States of America,2013-09-06,2013,6.385,Comedy,en,10.283,825,6.385,9500000,7800000,0.82
118289,Movie,Diana,Oliver Hirschbiegel,"Naomi Watts, Naveen Andrews, Charles Edwards, Douglas Hodge, Cas Anvar","Belgium, France, Sweden, United Kingdom",2013-09-19,2013,5.6,"Drama, Romance",en,10.256,486,5.6,15000000,21766271,1.45
111479,Movie,CBGB,Randall Miller,"Alan Rickman, Rupert Grint, Malin Åkerman, Johnny Galecki, Stana Katic",United States of America,2013-10-11,2013,6.403,"Drama, Music",en,10.223,176,6.403,5000000,40400,0.01
93828,Movie,Welcome to the Punch,Eran Creevy,"James McAvoy, Mark Strong, David Morrissey, Peter Mullan, Daniel Mays","Canada, India, United Kingdom, United States of America",2013-03-15,2013,5.9,"Action, Adventure, Crime",en,10.117,657,5.9,8500000,3900000,0.46
177699,Movie,Alan Partridge: Alpha Papa,Declan Lowney,"Steve Coogan, Colm Meaney, Felicity Montagu, Simon Greenall, Anna Maxwell Martin","France, United Kingdom",2013-07-24,2013,6.6,Comedy,en,10.078,456,6.6,4000000,9800000,2.45
174733,Movie,Metro,Anton Megerdichev,"Sergey Puskepalis, Anatoliy Belyy, Svetlana Khodchenkova, Katerina Shpitsa, Stanislav Duzhnikov",Russia,2013-02-21,2013,6.7,"Action, Thriller",ru,10.05,347,6.7,13000000,4463059,0.34
145197,Movie,Upstream Color,Shane Carruth,"Amy Seimetz, Shane Carruth, Andrew Sensenig, Thiago Martins, Carolyn King",United States of America,2013-04-05,2013,6.4,"Drama, Science Fiction",en,9.82,726,6.4,100000,444098,4.44
207686,Movie,The House at the End of Time,Alejandro Hidalgo,"Ruddy Rodriguez, Gonzalo Cubero, Guillermo García, Adriana Calzadilla, Rosmel Bustamante",Venezuela,2013-06-21,2013,6.8,"Horror, Drama, Fantasy",es,9.761,311,6.8,300000,4588899,15.3
206324,Movie,Bhaag Milkha Bhaag,Rakeysh Omprakash Mehra,"Farhan Akhtar, Sonam Kapoor Ahuja, Divya Dutta, Pavan Malhotra, Rebecca Breeds",India,2013-07-12,2013,7.4,"History, Drama",hi,9.753,251,7.4,4600000,25000000,5.43
193613,Movie,Metallica: Through the Never,Nimród Antal,"Dane DeHaan, James Hetfield, Lars Ulrich, Kirk Hammett, Robert Trujillo",United States of America,2013-09-25,2013,6.822,Music,en,9.703,287,6.822,18000000,7972967,0.44
156711,Movie,Austenland,Jerusha Hess,"Keri Russell, JJ Feild, Bret McKenzie, Jennifer Coolidge, James Callis","United Kingdom, United States of America",2013-08-15,2013,6.387,"Comedy, Romance",en,9.675,462,6.387,4900000,2159041,0.44
100542,Movie,Vikingdom,Yusry Abdul Halim,"Dominic Purcell, Natassia Malthe, Craig Fairbrass, Conan Stevens, Jesse Moss",Malaysia,2013-09-11,2013,4.1,Adventure,en,9.569,78,4.1,15600000,747872,0.05
149087,Movie,Turning Tide,Christophe Offenstein,"François Cluzet, Samy Seghir, Virginie Efira, Guillaume Canet, Karine Vanasse","Belgium, France, Spain",2013-11-06,2013,6.2,"Adventure, Drama",fr,9.531,224,6.2,1700000,7029858,4.14
244088,Movie,Human Capital,Paolo Virzì,"Valeria Bruni Tedeschi, Fabrizio Bentivoglio, Valeria Golino, Fabrizio Gifuni, Luigi Lo Cascio",Italy,2013-12-03,2013,7.472,Drama,it,9.528,906,7.472,6000000,5809330,0.97
117319,Movie,Vishwaroopam,Kamal Haasan,"Kamal Haasan, Rahul Bose, Andrea Jeremiah, Pooja Kumar, Shekhar Kapur",India,2013-01-25,2013,6.3,"Action, Thriller",ta,9.513,94,6.3,17000000,51000000,3.0
242575,Movie,"Good Day, Ramon",Jorge Ramírez Suárez,"Kristyan Ferrer, Ingeborg Schöner, Adriana Barraza, Arcelia Ramírez, Rüdiger Evers","Mexico, Germany",2013-10-21,2013,7.882,Drama,en,9.45,144,7.882,4000000,5104868,1.28
209274,Movie,Ida,Paweł Pawlikowski,"Agata Kulesza, Agata Trzebuchowska, Dawid Ogrodnik, Jerzy Trela, Adam Szyszkowski","Denmark, Poland",2013-10-25,2013,7.233,Drama,pl,9.386,983,7.233,2159280,15298355,7.08
214086,Movie,The Face of Love,Arie Posin,"Annette Bening, Ed Harris, Robin Williams, Jess Weixler, Amy Brenneman",United States of America,2013-10-25,2013,6.1,"Drama, Romance",en,9.369,137,6.1,4000000,350006,0.09
157820,Movie,Mood Indigo,Michel Gondry,"Romain Duris, Audrey Tautou, Gad Elmaleh, Omar Sy, Aïssa Maïga","Belgium, France, United Kingdom",2013-01-10,2013,6.143,"Drama, Fantasy",fr,9.259,614,6.143,16040770,10435322,0.65
165904,Movie,Special 26,Neeraj Pandey,"Akshay Kumar, Anupam Kher, Manoj Bajpayee, Jimmy Shergill, Divya Dutta",India,2013-02-07,2013,7.3,"Crime, Drama, Thriller",hi,9.206,203,7.3,7100000,18000000,2.54
152780,Movie,The Past,Asghar Farhadi,"Bérénice Bejo, Ali Mosaffa, Tahar Rahim, Pauline Burlet, Elyes Aguis","Belgium, France, Italy",2013-05-17,2013,7.2,"Drama, Mystery",fr,8.94,561,7.2,11000000,10631747,0.97
87499,Movie,The East,Zal Batmanglij,"Brit Marling, Alexander Skarsgård, Elliot Page, Toby Kebbell, Shiloh Fernandez",United States of America,2013-05-31,2013,6.6,"Drama, Thriller",en,8.827,782,6.6,6500000,2401510,0.37
209262,Movie,Parkland,Peter Landesman,"Zac Efron, Marcia Gay Harden, Paul Giamatti, Billy Bob Thornton, Jacki Weaver","United Kingdom, United States of America",2013-10-02,2013,6.2,"History, Drama",en,8.807,365,6.2,10000000,1412181,0.14
232175,Movie,Gimme Shelter,Ron Krauss,"Vanessa Hudgens, Rosario Dawson, Brendan Fraser, Stephanie Szostak, James Earl Jones",United States of America,2013-10-17,2013,6.6,Drama,en,8.727,241,6.6,7500000,1359910,0.18
184219,Movie,Pee Mak,Banjong Pisanthanakun,"Mario Maurer, Davika Hoorne, Nattapong Chatpong, Pongsatorn Jongwilas, Attharut Kongrasri",Thailand,2013-03-28,2013,7.221,"Comedy, Romance, Horror",th,8.61,122,7.221,1800000,33000000,18.33
188761,Movie,The German Doctor,Lucía Puenzo,"Àlex Brendemühl, Natalia Oreiro, Diego Peretti, Elena Roger, Florencia Bado","Argentina, France, Norway, Spain",2013-05-19,2013,6.5,"Drama, Thriller, History",es,8.485,150,6.5,2000000,3635718,1.82
75761,Movie,John Dies at the End,Don Coscarelli,"Chase Williamson, Rob Mayes, Doug Jones, Paul Giamatti, Daniel Roebuck","United States of America, Malaysia",2013-01-25,2013,6.311,"Horror, Comedy",en,8.484,664,6.311,1000000,142000,0.14
159014,Movie,20 Feet from Stardom,Morgan Neville,"Darlene Love, Lisa Fischer, Merry Clayton, Judith Hill, Claudia Lennear",United States of America,2013-06-14,2013,7.2,"Documentary, Music",en,8.354,238,7.2,1000000,5892466,5.89
215776,Movie,Madras Cafe,Shoojit Sircar,"John Abraham, Nargis Fakhri, Raashii Khanna, Siddhartha Basu, Prakash Belawadi",India,2013-08-23,2013,6.5,"Thriller, Drama, Action",hi,8.239,120,6.5,5400000,6500000,1.2
203217,Movie,My Mom Is a Character,André Pellenz,"Paulo Gustavo, Mariana Xavier, Rodrigo Pandolfo, Herson Capri, Alexandra Richter",Brazil,2013-06-21,2013,7.7,Comedy,pt,8.215,653,7.7,2000000,20552094,10.28
231176,Movie,Sun in Buckets,Gennaro Nunziante,"Checco Zalone, Miriam Dalmazio, Marco Paolini, Robert Dancs, Aurore Erguy",Italy,2013-10-31,2013,6.8,Comedy,it,8.196,1676,6.8,8000000,51936318,6.49
214209,Movie,Hide and Seek,Huh Jung,"Son Hyun-joo, Moon Jeong-hee, Jeon Mi-seon, Kim Won-hae, Jeong Joon-won",South Korea,2013-08-14,2013,6.5,"Thriller, Mystery",ko,8.101,98,6.5,1900000,35461505,18.66
160768,Movie,Jimmy P.,Arnaud Desplechin,"Benicio del Toro, Mathieu Amalric, Gina McKee, Larry Pine, Joseph Cross","France, United States of America",2013-09-11,2013,6.106,Drama,en,8.101,118,6.106,10000000,30283,0.0
179111,Movie,A Field in England,Ben Wheatley,"Reece Shearsmith, Michael Smiley, Richard Glover, Peter Ferdinando, Ryan Pope",United Kingdom,2013-07-05,2013,6.227,"Horror, Thriller, Fantasy",en,8.049,264,6.227,300000,600000,2.0
82992,Movie,Fast & Furious 6,Justin Lin,"Vin Diesel, Paul Walker, Dwayne Johnson, Jordana Brewster, Michelle Rodriguez",United States of America,2013-05-21,2013,6.818,"Action, Thriller, Crime",en,7.785,10674,6.818,160000000,788700000,4.93
175555,Movie,A Madea Christmas,Tyler Perry,"Tyler Perry, Anna Maria Horsford, Tika Sumpter, Eric Lively, Kathy Najimy",United States of America,2013-12-13,2013,6.4,"Comedy, Drama",en,7.527,142,6.4,25000000,53396635,2.14
209355,Movie,The French Minister,Bertrand Tavernier,"Thierry Lhermitte, Raphaël Personnaz, Niels Arestrup, Bruno Raffaelli, Julie Gayet",France,2013-11-06,2013,6.046,Comedy,fr,7.12,294,6.046,5112027,5586646,1.09
209901,Movie,Nothing Left to Fear,Anthony Leonardi III,"Clancy Brown, James Tupper, Anne Heche, Ethan Peck, Jennifer Stone",United States of America,2013-09-26,2013,5.1,Horror,en,7.088,164,5.1,3000000,1675381,0.56
238811,Movie,No Man's Land,Ning Hao,"Xu Zheng, Duobujie, Huang Bo, Yu Nan, Wang Shuangbao","China, Hong Kong",2013-12-03,2013,6.9,"Crime, Drama, Thriller, Western",zh,7.045,85,6.9,2320000,41807000,18.02
153795,Movie,Straight A's,James Cox,"Ryan Phillippe, Anna Paquin, Luke Wilson, Riley Thomas Stewart, Ursula Parker",United States of America,2013-01-16,2013,5.2,"Comedy, Drama",en,7.043,131,5.2,2000000,61669,0.03
254672,Movie,The Wrath of Vajra,Law Wing-Cheong,"Xing Yu, Zhang Yamei, Steve Yoo, Poppin Hyun-Joon, Jiang Baocheng","China, Hong Kong",2013-09-24,2013,5.588,"Fantasy, Action, Horror",cn,6.971,51,5.588,13898500,1872903,0.13
191121,Movie,Raanjhanaa,Aanand L. Rai,"Dhanush, Sonam Kapoor Ahuja, Abhay Deol, Swara Bhasker, Mohammed Zeeshan Ayyub",India,2013-06-21,2013,6.6,"Drama, Romance",hi,6.923,146,6.6,6400000,1171761,0.18
176124,Movie,Home Run,David Boyd,"Scott Elrod, Dorian Brown Pham, Charles Henry Wyson, James Devoti, Nicole Leigh",United States of America,2013-04-19,2013,6.2,Drama,en,6.861,60,6.2,1200000,2861020,2.38
188183,Movie,Finding Mr. Right,Xiaolu Xue,"Tang Wei, Wu Xiubo, Hai Qing, Mai Hongmei, Elaine Jin Yan-Ling",China,2013-03-21,2013,6.4,"Comedy, Romance",zh,6.672,107,6.4,4881000,81350000,16.67
229296,Movie,Justin Bieber's Believe,Jon M. Chu,"Justin Bieber, Ryan Good, Usher, Pattie Mallette, Jeremy Bieber",United States of America,2013-12-19,2013,7.1,"Documentary, Music",en,6.625,197,7.1,5000000,10980157,2.2
305387,Movie,The Magic Snowflake,Luc Vinciguerra,"Nathan Simony, Benoît Allemane, Évelyne Grandjean, Alexis Tomassian, Jean-Claude Donda","Belgium, France",2013-11-20,2013,6.4,"Family, Animation",fr,6.558,39,6.4,10000000,78,0.0
228676,Movie,Mischief Night,Richard Schenkman,"Noell Coet, Ian Bamberg, Adam C. Edwards, Stephanie Erb, Daniel Hugh Kelly",United States of America,2013-10-30,2013,5.0,"Horror, Drama, Thriller",en,6.55,96,5.0,108000,57000,0.53
190754,Movie,On the Job,Erik Matti,"Joel Torre, Piolo Pascual, Gerald Anderson, Angel Aquino, Joey Marquez",Philippines,2013-08-28,2013,6.6,"Action, Crime, Thriller",tl,6.547,82,6.6,1052753,466088,0.44
197936,Movie,Bright Days Ahead,Marion Vernoux,"Fanny Ardant, Laurent Lafitte, Patrick Chesnais, Jean-François Stévenin, Fanny Cottençon",France,2013-06-19,2013,5.9,"Drama, Romance",fr,6.432,63,5.9,3300000,4949039,1.5
191726,Movie,Ugly,Anurag Kashyap,"Ronit Roy, Rahul Bhat, Vineet Kumar Singh, Tejaswini Kolhapure, Girish Kulkarni",India,2013-05-17,2013,6.9,"Thriller, Drama, Mystery, Crime",hi,6.386,119,6.9,700000,2200000,3.14
128206,Movie,Shahid,Hansal Mehta,"Rajkummar Rao, Kay Kay Menon, Tigmanshu Dhulia, Mohammed Zeeshan Ayyub, Vipin Sharma",India,2013-10-18,2013,7.2,"Drama, Crime",hi,6.309,68,7.2,970000,6100000,6.29
76170,Movie,The Wolverine,James Mangold,"Hugh Jackman, Hiroyuki Sanada, Tao Okamoto, Rila Fukushima, Famke Janssen",United States of America,2013-07-21,2013,6.419,"Action, Science Fiction, Adventure",en,6.222,9714,6.419,120000000,415440673,3.46
165463,Movie,The Priest's Children,Vinko Brešan,"Krešimir Mikić, Nikša Butijer, Marija Škaričić, Dražen Kuhn, Jadranka Đokić","Croatia, Montenegro, Serbia",2013-01-03,2013,6.3,"Comedy, Drama",hr,6.188,62,6.3,1750000,1417453,0.81
191562,Movie,Go Goa Gone,"Krishna D.K., Raj Nidimoru","Kunal Khemu, Anand Tiwari, Vir Das, Saif Ali Khan, Puja Gupta",India,2013-05-10,2013,5.8,"Comedy, Horror",hi,6.161,105,5.8,2700000,5400000,2.0
167221,Movie,Long Live Freedom,Roberto Andò,"Toni Servillo, Valerio Mastandrea, Valeria Bruni Tedeschi, Michela Cescon, Anna Bonaiuto",Italy,2013-02-13,2013,6.798,"Comedy, Drama",it,6.15,198,6.798,5000000,48125,0.01
133441,Movie,The Summit,Nick Ryan,"Christine Barnes, Christo Mitzkov, Hoselito Bite, Marco Confortola, Cecilie Skog",Ireland,2013-10-04,2013,6.8,"Adventure, Documentary",en,6.055,97,6.8,1000000,243550,0.24
174645,Movie,Java Heat,Conor Allyn,"Kellan Lutz, Mickey Rourke, Ario Bayu, Tio Pakusadewo, Atiqah Hasiholan",United States of America,2013-03-06,2013,5.329,"Action, Crime, Drama, Thriller",en,5.964,82,5.329,15000000,1061,0.0
212769,Movie,Make Your Move,Duane Adler,"Derek Hough, Kwon BoA, Will Yun Lee, Wesley Jonathan, Izabella Miko","South Korea, United States of America",2013-08-07,2013,5.8,Music,en,5.963,81,5.8,15000000,1583687,0.11
193418,Movie,Regret!,Dave Schram,"Robin Boissevain, Stefan Collier, Dorus Witte, Charlotte Bakker, Nils Verkooijen",Netherlands,2013-06-18,2013,7.344,Drama,nl,5.865,110,7.344,1200000,3995340,3.33
185738,Movie,Stockholm,Rodrigo Sorogoyen,"Javier Pereira, Aura Garrido, Jesús Caba, Susana Abaitua, Miriam Marco",Spain,2013-04-25,2013,6.3,"Drama, Romance",es,5.647,104,6.3,60000,50000,0.83
161321,Movie,The Power of Few,Leone Marucci,"Christopher Walken, Louise Linton, Christian Slater, Nicky Whelan, Anthony Anderson",United States of America,2013-02-15,2013,5.297,"Crime, Drama",en,5.62,74,5.297,4000000,45659,0.01
72359,Movie,Peeples,Tina Gordon,"Craig Robinson, Kerry Washington, David Alan Grier, S. Epatha Merkerson, Tyler James Williams",United States of America,2013-05-09,2013,5.5,Comedy,en,5.413,72,5.5,15000000,9300000,0.62
180314,Movie,Salinger,Shane Salerno,"Michael Mcdermott, A. E. Hotchner, Jean Miller, Gore Vidal, Tom Wolfe",United States of America,2013-09-06,2013,6.3,Documentary,en,5.29,64,6.3,2000000,650675,0.33
157336,Movie,Interstellar,Christopher Nolan,"Matthew McConaughey, Anne Hathaway, Michael Caine, Jessica Chastain, Casey Affleck","United Kingdom, United States of America",2014-11-05,2014,8.5,"Adventure, Drama, Science Fiction",en,288.193,36625,8.5,165000000,746606706,4.52
198663,Movie,The Maze Runner,Wes Ball,"Dylan O'Brien, Kaya Scodelario, Aml Ameen, Thomas Brodie-Sangster, Ki Hong Lee","United States of America, United Kingdom",2014-09-10,2014,7.188,"Action, Mystery, Science Fiction, Thriller",en,173.015,17200,7.188,34000000,348319861,10.24
122917,Movie,The Hobbit: The Battle of the Five Armies,Peter Jackson,"Ian McKellen, Martin Freeman, Richard Armitage, Orlando Bloom, Evangeline Lilly","New Zealand, United States of America",2014-12-10,2014,7.325,"Action, Adventure, Fantasy",en,139.146,14462,7.325,250000000,956019788,3.82
156022,Movie,The Equalizer,Antoine Fuqua,"Denzel Washington, Marton Csokas, Chloë Grace Moretz, David Harbour, Haley Bennett",United States of America,2014-09-24,2014,7.28,"Thriller, Action, Crime",en,132.143,9212,7.28,55000000,192330738,3.5
177572,Movie,Big Hero 6,"Chris Williams, Don Hall","Scott Adsit, Ryan Potter, Daniel Henney, T.J. Miller, Jamie Chung",United States of America,2014-10-24,2014,7.7,"Adventure, Family, Animation, Action, Comedy",en,131.013,15778,7.7,165000000,657870525,3.99
228150,Movie,Fury,David Ayer,"Brad Pitt, Shia LaBeouf, Logan Lerman, Michael Peña, Jon Bernthal",United States of America,2014-10-15,2014,7.5,"War, Drama, Action",en,123.301,12116,7.5,68000000,211817906,3.11
131631,Movie,The Hunger Games: Mockingjay - Part 1,Francis Lawrence,"Jennifer Lawrence, Josh Hutcherson, Liam Hemsworth, Woody Harrelson, Elizabeth Banks",United States of America,2014-11-19,2014,6.813,"Science Fiction, Adventure, Thriller",en,99.082,15955,6.813,125000000,755356711,6.04
244786,Movie,Whiplash,Damien Chazelle,"Miles Teller, J.K. Simmons, Paul Reiser, Melissa Benoist, Austin Stowell",United States of America,2014-10-10,2014,8.4,"Drama, Music",en,97.314,15418,8.4,3300000,50307484,15.24
100402,Movie,Captain America: The Winter Soldier,"Joe Russo, Anthony Russo","Chris Evans, Samuel L. Jackson, Scarlett Johansson, Robert Redford, Sebastian Stan",United States of America,2014-03-20,2014,7.7,"Action, Adventure, Science Fiction",en,96.415,18956,7.7,170000000,714766572,4.2
210577,Movie,Gone Girl,David Fincher,"Ben Affleck, Rosamund Pike, Neil Patrick Harris, Tyler Perry, Carrie Coon",United States of America,2014-10-01,2014,7.89,"Mystery, Thriller, Drama",en,96.166,18848,7.89,61000000,370890259,6.08
184345,Movie,A Haunted House 2,Michael Tiddes,"Marlon Wayans, Jaime Pressly, Essence Atkins, Gabriel Iglesias, Missi Pyle",United States of America,2014-04-17,2014,6.2,"Comedy, Horror",en,89.187,1474,6.2,4000000,25343661,6.34
137113,Movie,Edge of Tomorrow,Doug Liman,"Tom Cruise, Emily Blunt, Bill Paxton, Brendan Gleeson, Noah Taylor",United States of America,2014-05-27,2014,7.627,"Action, Science Fiction",en,87.262,14040,7.627,178000000,370541256,2.08
102382,Movie,The Amazing Spider-Man 2,Marc Webb,"Andrew Garfield, Emma Stone, Jamie Foxx, Dane DeHaan, Colm Feore",United States of America,2014-04-16,2014,6.5,"Action, Adventure, Science Fiction",en,85.092,13403,6.5,200000000,708962323,3.54
91314,Movie,Transformers: Age of Extinction,Michael Bay,"Mark Wahlberg, Peter Cullen, Stanley Tucci, Kelsey Grammer, Nicola Peltz Beckham",United States of America,2014-06-25,2014,5.9,"Science Fiction, Action, Adventure",en,83.906,8252,5.9,210000000,1104054072,5.26
116149,Movie,Paddington,Paul King,"Ben Whishaw, Hugh Bonneville, Sally Hawkins, Madeleine Harris, Samuel Joslin","France, United Kingdom, United States of America",2014-11-24,2014,7.1,"Comedy, Adventure, Family",en,82.641,3819,7.1,55000000,326105453,5.93
98566,Movie,Teenage Mutant Ninja Turtles,Jonathan Liebesman,"Pete Ploszek, Alan Ritchson, Jeremy Howard, Noel Fisher, Megan Fox",United States of America,2014-08-07,2014,5.9,"Science Fiction, Action, Adventure, Comedy",en,81.689,6834,5.9,125000000,485004754,3.88
82702,Movie,How to Train Your Dragon 2,Dean DeBlois,"Jay Baruchel, Cate Blanchett, Gerard Butler, Craig Ferguson, America Ferrera",United States of America,2014-06-05,2014,7.7,"Fantasy, Action, Adventure, Animation, Comedy, Family",en,81.37,9725,7.7,145000000,621537519,4.29
260346,Movie,Taken 3,Olivier Megaton,"Liam Neeson, Forest Whitaker, Maggie Grace, Dougray Scott, Famke Janssen","France, United States of America, Spain",2014-12-16,2014,6.3,"Thriller, Action",en,79.527,5819,6.3,48000000,325800000,6.79
270946,Movie,Penguins of Madagascar,"Simon J. Smith, Eric Darnell","Tom McGrath, Chris Miller, Christopher Knights, Conrad Vernon, John Malkovich",United States of America,2014-11-22,2014,6.5,"Family, Animation, Adventure, Comedy",en,76.832,4219,6.5,132000000,373515621,2.83
157350,Movie,Divergent,Neil Burger,"Shailene Woodley, Theo James, Zoë Kravitz, Miles Teller, Jai Courtney",United States of America,2014-03-14,2014,6.914,"Action, Adventure, Science Fiction",en,76.232,12898,6.914,85000000,288885818,3.4
102651,Movie,Maleficent,Robert Stromberg,"Angelina Jolie, Elle Fanning, Imelda Staunton, Sharlto Copley, Lesley Manville",United States of America,2014-05-28,2014,7.1,"Fantasy, Adventure, Action, Family, Romance",en,75.067,13203,7.1,180000000,758539785,4.21
205596,Movie,The Imitation Game,Morten Tyldum,"Benedict Cumberbatch, Keira Knightley, Matthew Goode, Rory Kinnear, Allen Leech",United States of America,2014-11-14,2014,7.996,"History, Drama, Thriller, War",en,72.88,17188,7.996,14000000,233555708,16.68
240832,Movie,Lucy,Luc Besson,"Scarlett Johansson, Morgan Freeman, Choi Min-sik, Amr Waked, Julian Rhind-Tutt",France,2014-07-25,2014,6.457,"Action, Science Fiction",en,72.149,16180,6.457,40000000,458863600,11.47
190859,Movie,American Sniper,Clint Eastwood,"Bradley Cooper, Sienna Miller, Kyle Gallner, Cole Konis, Ben Reed",United States of America,2014-12-25,2014,7.423,"War, Action",en,69.376,12968,7.423,58800000,542300000,9.22
127585,Movie,X-Men: Days of Future Past,Bryan Singer,"Hugh Jackman, James McAvoy, Michael Fassbender, Patrick Stewart, Ian McKellen",United States of America,2014-05-15,2014,7.529,"Action, Adventure, Science Fiction",en,69.189,15454,7.529,250000000,747862775,2.99
119450,Movie,Dawn of the Planet of the Apes,Matt Reeves,"Andy Serkis, Jason Clarke, Toby Kebbell, Gary Oldman, Keri Russell","United Kingdom, United States of America",2014-07-08,2014,7.33,"Science Fiction, Action, Drama, Thriller",en,68.36,11565,7.33,170000000,710644566,4.18
245891,Movie,John Wick,Chad Stahelski,"Keanu Reeves, Michael Nyqvist, Alfie Allen, Willem Dafoe, Dean Winters",United States of America,2014-10-22,2014,7.442,"Action, Thriller",en,65.962,19494,7.442,20000000,88761661,4.44
317442,Movie,The Last: Naruto the Movie,Tsuneo Kobayashi,"Junko Takeuchi, Nana Mizuki, Jun Fukuyama, Chie Nakamura, Showtaro Morikubo",Japan,2014-12-06,2014,7.4,"Action, Romance, Animation",ja,65.615,2297,7.4,750000,19840000,26.45
242224,Movie,The Babadook,Jennifer Kent,"Essie Davis, Noah Wiseman, Hayley McElhinney, Daniel Henshall, Barbara West","Australia, Canada",2014-05-22,2014,6.5,"Drama, Horror",en,64.284,6045,6.5,2000000,10300000,5.15
228326,Movie,The Book of Life,Jorge R. Gutierrez,"Diego Luna, Channing Tatum, Zoe Saldaña, Christina Applegate, Eugenio Derbez",United States of America,2014-10-01,2014,7.5,"Animation, Adventure, Comedy, Family, Fantasy",en,63.39,2736,7.5,50000000,97437106,1.95
250546,Movie,Annabelle,John R. Leonetti,"Annabelle Wallis, Ward Horton, Tony Amendola, Alfre Woodard, Eric Ladin",United States of America,2014-10-02,2014,5.8,Horror,en,62.15,6166,5.8,6500000,257589952,39.63
232672,Movie,Blended,Frank Coraci,"Adam Sandler, Drew Barrymore, Kevin Nealon, Terry Crews, Wendi McLendon-Covey",United States of America,2014-05-21,2014,6.9,"Comedy, Romance",en,61.42,3573,6.9,40000000,128000000,3.2
147441,Movie,Exodus: Gods and Kings,Ridley Scott,"Christian Bale, Joel Edgerton, Ben Kingsley, John Turturro, Aaron Paul","Spain, United States of America",2014-12-03,2014,5.9,"Adventure, Drama, Action",en,58.732,4581,5.9,140000000,268031828,1.91
124905,Movie,Godzilla,Gareth Edwards,"Aaron Taylor-Johnson, Elizabeth Olsen, Juliette Binoche, Bryan Cranston, Ken Watanabe",United States of America,2014-05-14,2014,6.342,"Action, Drama, Science Fiction",en,58.344,9223,6.342,160000000,524978362,3.28
242582,Movie,Nightcrawler,Dan Gilroy,"Jake Gyllenhaal, Riz Ahmed, Rene Russo, Bill Paxton, Kevin Rahm",United States of America,2014-10-23,2014,7.7,"Crime, Drama, Thriller",en,58.258,10922,7.7,8500000,50300000,5.92
120467,Movie,The Grand Budapest Hotel,Wes Anderson,"Ralph Fiennes, F. Murray Abraham, Mathieu Amalric, Adrien Brody, Willem Dafoe","Germany, United States of America",2014-02-26,2014,8.042,"Comedy, Drama",en,57.345,14993,8.042,30000000,174600318,5.82
184315,Movie,Hercules,Brett Ratner,"Dwayne Johnson, Ian McShane, John Hurt, Rufus Sewell, Aksel Hennie",United States of America,2014-07-23,2014,5.8,"Action, Adventure",en,53.608,4114,5.8,100000000,244819862,2.45
138103,Movie,The Expendables 3,Patrick Hughes,"Sylvester Stallone, Jason Statham, Harrison Ford, Arnold Schwarzenegger, Mel Gibson","Bulgaria, France, United States of America",2014-08-07,2014,6.21,"Action, Adventure, Thriller",en,53.221,5035,6.21,95000000,214657577,2.26
222935,Movie,The Fault in Our Stars,Josh Boone,"Shailene Woodley, Ansel Elgort, Nat Wolff, Laura Dern, Sam Trammell",United States of America,2014-05-16,2014,7.598,"Romance, Drama",en,51.521,11220,7.598,14000000,307166834,21.94
181533,Movie,Night at the Museum: Secret of the Tomb,Shawn Levy,"Ben Stiller, Robin Williams, Owen Wilson, Steve Coogan, Ricky Gervais","United Kingdom, United States of America",2014-12-17,2014,6.217,"Adventure, Comedy, Fantasy, Family",en,51.334,5924,6.217,127000000,363204635,2.86
206487,Movie,Predestination,"Peter Spierig, Michael Spierig","Ethan Hawke, Sarah Snook, Noah Taylor, Christopher Kirby, Madeleine West",Australia,2014-08-28,2014,7.4,"Science Fiction, Thriller",en,51.141,6536,7.4,5500000,4942449,0.9
187017,Movie,22 Jump Street,"Phil Lord, Christopher Miller","Jonah Hill, Channing Tatum, Peter Stormare, Wyatt Russell, Amber Stevens West",United States of America,2014-06-05,2014,6.8,"Crime, Comedy, Action",en,50.973,8012,6.8,50000000,331333876,6.63
194662,Movie,Birdman or (The Unexpected Virtue of Ignorance),Alejandro González Iñárritu,"Michael Keaton, Emma Stone, Zach Galifianakis, Edward Norton, Andrea Riseborough",United States of America,2014-10-17,2014,7.5,"Drama, Comedy",en,49.86,12913,7.5,18000000,103215094,5.73
118340,Movie,Guardians of the Galaxy,James Gunn,"Chris Pratt, Zoe Saldaña, Dave Bautista, Vin Diesel, Bradley Cooper",United States of America,2014-07-30,2014,7.9,"Action, Science Fiction, Adventure",en,49.395,28308,7.9,170000000,772776600,4.55
53182,Movie,300: Rise of an Empire,Noam Murro,"Sullivan Stapleton, Eva Green, Lena Headey, Callan Mulvey, David Wenham","Bulgaria, United States of America",2014-03-05,2014,6.113,"Action, Drama, War",en,48.762,6576,6.113,110000000,337580051,3.07
137106,Movie,The Lego Movie,"Phil Lord, Christopher Miller","Chris Pratt, Elizabeth Banks, Will Ferrell, Morgan Freeman, Will Arnett","Australia, Denmark, United States of America",2014-02-06,2014,7.4,"Animation, Family, Adventure, Comedy, Fantasy",en,48.254,7939,7.4,60000000,470759687,7.85
238636,Movie,The Purge: Anarchy,James DeMonaco,"Frank Grillo, Carmen Ejogo, Zach Gilford, Michael Kenneth Williams, Kiele Sanchez","France, United States of America",2014-07-17,2014,6.634,"Horror, Thriller",en,46.91,6448,6.634,9000000,111928365,12.44
189,Movie,Sin City: A Dame to Kill For,"Frank Miller, Robert Rodriguez","Jessica Alba, Bruce Willis, Mickey Rourke, Josh Brolin, Joseph Gordon-Levitt",United States of America,2014-08-20,2014,6.39,"Crime, Action, Thriller",en,46.711,3882,6.39,65000000,39407616,0.61
228967,Movie,The Interview,"Seth Rogen, Evan Goldberg","James Franco, Seth Rogen, Lizzy Caplan, Randall Park, Diana Bang",United States of America,2014-12-25,2014,6.185,"Action, Comedy",en,46.466,5846,6.185,44000000,12342632,0.28
172385,Movie,Rio 2,Carlos Saldanha,"Jesse Eisenberg, Anne Hathaway, will.i.am, Jamie Foxx, Leslie Mann",United States of America,2014-03-19,2014,6.5,"Animation, Adventure, Comedy, Family",en,44.694,3525,6.5,103000000,498781117,4.84
136797,Movie,Need for Speed,Scott Waugh,"Aaron Paul, Dominic Cooper, Imogen Poots, Kid Cudi, Rami Malek","India, United States of America",2014-03-12,2014,6.418,"Action, Crime, Drama, Thriller",en,44.267,4399,6.418,66000000,203277636,3.08
193893,Movie,Let's Be Cops,Luke Greenfield,"Jake Johnson, Damon Wayans Jr., Rob Riggle, Nina Dobrev, James D'Arcy",United States of America,2014-08-13,2014,6.463,Comedy,en,43.368,2799,6.463,17000000,136600000,8.04
256274,Movie,"As Above, So Below",John Erick Dowdle,"Perdita Weeks, Ben Feldman, Edwin Hodge, François Civil, Marion Lambert",United States of America,2014-08-14,2014,6.712,"Horror, Thriller",en,42.426,3529,6.712,5000000,41900000,8.38
196867,Movie,Annie,Will Gluck,"Quvenzhané Wallis, Jamie Foxx, Rose Byrne, Cameron Diaz, Bobby Cannavale",United States of America,2014-12-18,2014,6.2,"Comedy, Drama, Family",en,42.13,1284,6.2,65000000,136853506,2.11
225886,Movie,Sex Tape,Jake Kasdan,"Cameron Diaz, Jason Segel, Rob Corddry, Ellie Kemper, Rob Lowe",United States of America,2014-07-17,2014,5.4,Comedy,en,41.006,4067,5.4,40000000,126069509,3.15
265712,Movie,Stand by Me Doraemon,"Takashi Yamazaki, Ryuichi Yagi","Wasabi Mizuta, Megumi Oohara, Yumi Kakazu, Subaru Kimura, Tomokazu Seki",Japan,2014-08-08,2014,7.3,"Animation, Family, Science Fiction, Fantasy, Adventure",ja,39.789,533,7.3,35000000,83100000,2.37
218043,Movie,Left Behind,Vic Armstrong,"Nicolas Cage, Chad Michael Murray, Lea Thompson, Nicky Whelan, Martin Klebba","Canada, United States of America",2014-10-03,2014,4.3,"Thriller, Action, Science Fiction",en,38.964,1313,4.3,16000000,19682924,1.23
180299,Movie,The Raid 2,Gareth Evans,"Iko Uwais, Arifin Putra, Tio Pakusadewo, Oka Antara, Alex Abbad","Indonesia, United States of America",2014-03-27,2014,7.602,"Action, Crime, Thriller",id,38.507,2377,7.602,4500000,6566916,1.46
100042,Movie,Dumb and Dumber To,"Peter Farrelly, Bobby Farrelly","Jim Carrey, Jeff Daniels, Laurie Holden, Rachel Melvin, Kathleen Turner",United States of America,2014-11-12,2014,5.6,Comedy,en,37.86,3206,5.6,40000000,169837010,4.25
188161,Movie,A Million Ways to Die in the West,Seth MacFarlane,"Seth MacFarlane, Charlize Theron, Amanda Seyfried, Liam Neeson, Giovanni Ribisi",United States of America,2014-05-22,2014,6.047,"Comedy, Western",en,37.602,4128,6.047,40000000,86400000,2.16
97370,Movie,Under the Skin,Jonathan Glazer,"Scarlett Johansson, Jeremy McWilliams, Lynsey Taylor Mackay, Dougie McConnell, Kevin McAlinden","United Kingdom, United States of America",2014-03-14,2014,6.1,"Thriller, Science Fiction, Drama",en,37.279,3486,6.1,13300000,5735963,0.43
197796,Movie,Beauty and the Beast,Christophe Gans,"Léa Seydoux, Vincent Cassel, André Dussollier, Eduardo Noriega, Myriam Charleins","France, Germany",2014-02-12,2014,6.178,"Fantasy, Romance",fr,36.36,2052,6.178,33000000,47430624,1.44
137094,Movie,Jack Ryan: Shadow Recruit,Kenneth Branagh,"Chris Pine, Keira Knightley, Kevin Costner, Kenneth Branagh, Lenn Kudrjawizki","Russia, United States of America",2014-01-15,2014,6.111,"Action, Drama, Thriller",en,36.107,2873,6.111,60000000,135500000,2.26
205587,Movie,The Judge,David Dobkin,"Robert Downey Jr., Robert Duvall, Vera Farmiga, Vincent D'Onofrio, Jeremy Strong",United States of America,2014-10-08,2014,7.3,Drama,en,35.633,4127,7.3,40000000,84419388,2.11
254904,Movie,The November Man,Roger Donaldson,"Pierce Brosnan, Luke Bracey, Olga Kurylenko, Bill Smitrovich, Amila Terzimehić","United Kingdom, United States of America",2014-08-27,2014,6.106,"Crime, Action, Thriller",en,33.688,1491,6.106,15000000,32600000,2.17
227159,Movie,Horrible Bosses 2,Sean Anders,"Jason Bateman, Jason Sudeikis, Charlie Day, Jennifer Aniston, Kevin Spacey",United States of America,2014-11-12,2014,6.181,Comedy,en,33.679,4161,6.181,42000000,107645357,2.56
242512,Movie,Ouija,Stiles White,"Olivia Cooke, Ana Coto, Matthew Settle, Shelley Hennig, Daren Kagasoff","Japan, United States of America",2014-10-24,2014,5.1,Horror,en,33.45,2665,5.1,5000000,103600000,20.72
86834,Movie,Noah,Darren Aronofsky,"Russell Crowe, Jennifer Connelly, Ray Winstone, Anthony Hopkins, Emma Watson",United States of America,2014-03-07,2014,5.7,"Drama, Adventure",en,33.337,6257,5.7,125000000,362600000,2.9
68737,Movie,Seventh Son,Sergei Bodrov,"Jeff Bridges, Julianne Moore, Ben Barnes, Alicia Vikander, John DeSantis","China, Canada, United States of America, United Kingdom",2014-12-12,2014,5.5,"Adventure, Fantasy",en,32.998,2510,5.5,95000000,114178613,1.2
154400,Movie,The Drop,Michaël R. Roskam,"Tom Hardy, Noomi Rapace, James Gandolfini, Matthias Schoenaerts, John Ortiz","United States of America, United Kingdom",2014-09-12,2014,6.787,"Drama, Crime",en,32.705,2207,6.787,12600000,19054534,1.51
266856,Movie,The Theory of Everything,James Marsh,"Eddie Redmayne, Felicity Jones, Charlie Cox, Emily Watson, Simon McBurney","United Kingdom, United States of America",2014-11-26,2014,7.846,"Drama, Romance",en,32.004,10612,7.846,15000000,123726688,8.25
72784,Movie,The Loft,Erik Van Looy,"Karl Urban, James Marsden, Wentworth Miller, Eric Stonestreet, Matthias Schoenaerts","United States of America, Belgium",2014-10-14,2014,6.4,Thriller,en,31.953,1462,6.4,14000000,10100000,0.72
82703,Movie,Mr. Peabody & Sherman,Rob Minkoff,"Ty Burrell, Max Charles, Ariel Winter, Allison Janney, Stephen Colbert",United States of America,2014-02-07,2014,6.71,"Animation, Adventure, Family",en,31.328,2388,6.71,145000000,272912430,1.88
169917,Movie,A Walk Among the Tombstones,Scott Frank,"Liam Neeson, Dan Stevens, David Harbour, Boyd Holbrook, Ólafur Darri Ólafsson",United States of America,2014-09-18,2014,6.327,"Crime, Drama, Mystery, Thriller",en,31.324,2824,6.327,28000000,58834384,2.1
185341,Movie,[REC]⁴ Apocalypse,Jaume Balagueró,"Manuela Velasco, Paco Manzanedo, Héctor Colomé, Ismael Fritschi, Críspulo Cabezas",Spain,2014-10-31,2014,5.6,"Thriller, Horror",es,29.817,1168,5.6,3000000,4915757,1.64
241848,Movie,The Guest,Adam Wingard,"Dan Stevens, Maika Monroe, Brendan Meyer, Sheila Kelley, Leland Orser",United States of America,2014-09-05,2014,6.6,"Mystery, Thriller, Action",en,29.435,1975,6.6,5000000,2700051,0.54
236751,Movie,Heaven Is for Real,Randall Wallace,"Greg Kinnear, Kelly Reilly, Connor Corum, Thomas Haden Church, Jacob Vargas","Canada, United States of America",2014-04-16,2014,6.7,Drama,en,29.263,808,6.7,12000000,101300000,8.44
243683,Movie,Step Up All In,Trish Sie,"Briana Evigan, Ryan Guzman, Chaton Anderson, Stephen 'tWitch' Boss, Misha Gabriel",United States of America,2014-07-16,2014,6.8,"Romance, Drama, Music",en,29.046,1938,6.8,45000000,86165646,1.91
289720,Movie,Outcast,Nick Powell,"Nicolas Cage, Hayden Christensen, Liu Yifei, Andy On Chi-Kit, Anoja Dias Bolt","Canada, China, France, United States of America",2014-09-26,2014,5.105,"Action, Adventure",en,28.584,472,5.105,25000000,5148503,0.21
170687,Movie,The Boxtrolls,"Graham Annable, Anthony Stacchi","Ben Kingsley, Isaac Hempstead Wright, Elle Fanning, Dee Bradley Baker, Toni Collette",United States of America,2014-09-10,2014,6.7,"Animation, Comedy, Family, Fantasy",en,28.126,1695,6.7,60000000,108255770,1.8
227306,Movie,Unbroken,Angelina Jolie,"Jack O'Connell, Alex Russell, Domhnall Gleeson, Garrett Hedlund, MIYAVI",United States of America,2014-12-25,2014,7.4,"Drama, War",en,27.813,4149,7.4,65000000,163400000,2.51
97020,Movie,RoboCop,José Padilha,"Joel Kinnaman, Gary Oldman, Michael Keaton, Abbie Cornish, Jackie Earle Haley",United States of America,2014-01-30,2014,5.874,"Science Fiction, Action, Crime",en,27.143,5532,5.874,120000000,242688965,2.02
193610,Movie,The Other Woman,Nick Cassavetes,"Cameron Diaz, Leslie Mann, Kate Upton, Nikolaj Coster-Waldau, Don Johnson",United States of America,2014-04-16,2014,6.4,"Comedy, Romance",en,27.135,3570,6.4,40000000,196800000,4.92
157353,Movie,Transcendence,Wally Pfister,"Johnny Depp, Rebecca Hall, Paul Bettany, Cillian Murphy, Kate Mara","China, United Kingdom, United States of America",2014-04-16,2014,6.041,"Thriller, Science Fiction, Drama, Mystery",en,27.001,5429,6.041,100000000,103039258,1.03
227156,Movie,The Giver,Phillip Noyce,"Jeff Bridges, Meryl Streep, Brenton Thwaites, Alexander Skarsgård, Katie Holmes",United States of America,2014-08-13,2014,6.554,"Drama, Science Fiction",en,26.947,4433,6.554,25000000,66980456,2.68
287590,Movie,Saint Seiya: Legend of Sanctuary,Keiichi Sato,"Kaito Ishikawa, Ayaka Sasaki, Kenji Akabane, Kensho Ono, Nobuhiko Okamoto",Japan,2014-06-21,2014,6.6,"Action, Animation, Fantasy",ja,26.509,693,6.6,8000000,17150803,2.14
195589,Movie,Neighbors,Nicholas Stoller,"Seth Rogen, Zac Efron, Rose Byrne, Dave Franco, Christopher Mintz-Plasse",United States of America,2014-05-08,2014,6.186,Comedy,en,26.338,6961,6.186,18000000,270665134,15.04
171274,Movie,Inherent Vice,Paul Thomas Anderson,"Joaquin Phoenix, Josh Brolin, Owen Wilson, Katherine Waterston, Reese Witherspoon",United States of America,2014-12-12,2014,6.6,"Drama, Mystery, Comedy",en,26.282,2503,6.6,20000000,14710975,0.74
225574,Movie,Non-Stop,Jaume Collet-Serra,"Liam Neeson, Julianne Moore, Scoot McNairy, Michelle Dockery, Nate Parker","France, United Kingdom, United States of America",2014-02-26,2014,6.809,"Action, Thriller, Mystery",en,25.908,5401,6.809,50000000,222809600,4.46
212778,Movie,Chef,Jon Favreau,"Jon Favreau, John Leguizamo, Bobby Cannavale, Emjay Anthony, Scarlett Johansson",United States of America,2014-05-08,2014,7.117,Comedy,en,25.857,3333,7.117,11000000,45967935,4.18
239571,Movie,The Best of Me,Michael Hoffman,"Michelle Monaghan, James Marsden, Luke Bracey, Liana Liberato, Gerald McRaney",United States of America,2014-10-15,2014,7.5,"Drama, Romance",en,25.803,2598,7.5,26000000,35926213,1.38
76649,Movie,Pompeii,Paul W. S. Anderson,"Kit Harington, Emily Browning, Adewale Akinnuoye-Agbaje, Kiefer Sutherland, Carrie-Anne Moss","Canada, Germany, United Kingdom, United States of America",2014-02-18,2014,5.54,"Action, Adventure, History, Romance, Drama",en,25.499,3249,5.54,100000000,117831631,1.18
218836,Movie,Planes: Fire & Rescue,Bobs Gannaway,"Ed Harris, Dane Cook, Julie Bowen, Curtis Armstrong, John Michael Higgins",United States of America,2014-07-17,2014,6.2,"Animation, Comedy, Adventure, Family",en,25.251,858,6.2,50000000,151165787,3.02
204922,Movie,Before I Go to Sleep,Rowan Joffe,"Nicole Kidman, Colin Firth, Mark Strong, Ben Crompton, Anne-Marie Duff","France, Sweden, United Kingdom, United States of America",2014-09-03,2014,6.5,"Thriller, Mystery",en,25.123,2008,6.5,22000000,17669776,0.8
49017,Movie,Dracula Untold,Gary Shore,"Luke Evans, Sarah Gadon, Dominic Cooper, Art Parkinson, Charles Dance",United States of America,2014-10-01,2014,6.4,"Horror, Action, Fantasy",en,24.466,6142,6.4,70000000,217124280,3.1
184346,Movie,Deliver Us from Evil,Scott Derrickson,"Eric Bana, Olivia Munn, Edgar Ramírez, Joel McHale, Sean Harris",United States of America,2014-07-01,2014,6.2,"Thriller, Crime, Horror",en,24.454,2072,6.2,30000000,87937815,2.93
246403,Movie,Tusk,Kevin Smith,"Justin Long, Michael Parks, Genesis Rodriguez, Haley Joel Osment, Ralph Garman","Canada, United States of America",2014-09-19,2014,5.505,"Comedy, Horror",en,24.422,1434,5.505,3000000,1882074,0.63
227348,Movie,Paranormal Activity: The Marked Ones,Christopher Landon,"Andrew Jacobs, Jorge Diaz, Gabrielle Walsh, Renee Victor, Carlos Pratts",United States of America,2014-01-01,2014,5.4,"Horror, Thriller",en,24.293,1442,5.4,5000000,90894962,18.18
235260,Movie,Son of God,Christopher Spencer,"Roma Downey, Diogo Morgado, Louise Delamere, Darwin Shaw, Amber Rose Revah",United States of America,2014-02-28,2014,6.8,Drama,en,23.993,308,6.8,22000000,67800064,3.08
241239,Movie,A Most Violent Year,J.C. Chandor,"Oscar Isaac, Jessica Chastain, David Oyelowo, Alessandro Nivola, Elyes Gabel","United Arab Emirates, United States of America",2014-12-31,2014,6.61,"Crime, Drama, Thriller",en,23.707,1427,6.61,20000000,12007070,0.6
119892,Movie,The Monkey King,Soi Cheang,"Donnie Yen Chi-Tan, Aaron Kwok Fu-Shing, Joe Chen, Chow Yun-Fat, Peter Ho","China, Hong Kong",2014-01-09,2014,5.5,"Action, Adventure, Family, Fantasy",zh,23.698,213,5.5,82000000,182206924,2.22
262543,Movie,Automata,Gabe Ibáñez,"Antonio Banderas, Melanie Griffith, Birgitte Hjort Sørensen, Dylan McDermott, Robert Forster","Bulgaria, Spain",2014-10-09,2014,5.8,"Thriller, Science Fiction",en,23.39,1662,5.8,7000000,6237990,0.89
136835,Movie,No Good Deed,Sam Miller,"Idris Elba, Taraji P. Henson, Leslie Bibb, Kate del Castillo, Henry Simmons",United States of America,2014-09-10,2014,5.9,"Crime, Thriller",en,23.306,633,5.9,13200000,53830415,4.08
249164,Movie,If I Stay,R. J. Cutler,"Chloë Grace Moretz, Jamie Blackley, Liana Liberato, Mireille Enos, Joshua Leonard",United States of America,2014-08-21,2014,7.37,Drama,en,23.162,4203,7.37,11000000,78300000,7.12
241254,Movie,The Prince,Brian A. Miller,"Bruce Willis, Jason Patric, John Cusack, Jessica Lowndes, Gia Mantegna","South Korea, United States of America",2014-08-22,2014,4.9,"Thriller, Action",en,23.123,489,4.9,18000000,1289595,0.07
226857,Movie,Endless Love,Shana Feste,"Alex Pettyfer, Gabriella Wilde, Bruce Greenwood, Rhys Wakefield, Joely Richardson",United States of America,2014-02-12,2014,6.9,"Drama, Romance",en,23.048,1697,6.9,20000000,34100000,1.7
192102,Movie,3 Days to Kill,McG,"Kevin Costner, Amber Heard, Hailee Steinfeld, Connie Nielsen, Tómas Lemarquis","France, United States of America",2014-02-14,2014,6.091,"Action, Drama, Thriller",en,22.788,2177,6.091,28000000,53260230,1.9
255343,Movie,Escobar: Paradise Lost,Andrea Di Stefano,"Benicio del Toro, Josh Hutcherson, Brady Corbet, Claudia Traisac, Carlos Bardem","Belgium, France, Spain",2014-10-11,2014,6.274,"Thriller, Romance",en,22.785,771,6.274,17000000,3758328,0.22
224141,Movie,Into the Woods,Rob Marshall,"Anna Kendrick, Meryl Streep, James Corden, Emily Blunt, Daniel Huttlestone",United States of America,2014-12-24,2014,5.8,"Fantasy, Comedy",en,22.649,4256,5.8,50000000,212902372,4.26
168530,Movie,Ride Along,Tim Story,"Ice Cube, Kevin Hart, John Leguizamo, Bruce McGill, Tika Sumpter",United States of America,2014-01-07,2014,6.3,"Action, Comedy",en,22.497,2271,6.3,25000000,153997819,6.16
155084,Movie,13 Sins,Daniel Stamm,"Mark Webber, Devon Graye, Tom Bower, Ron Perlman, Rutina Wesley",United States of America,2014-04-11,2014,6.3,"Horror, Thriller",en,21.946,1111,6.3,5000000,13809,0.0
216282,Movie,Into the Storm,Steven Quale,"Richard Armitage, Sarah Wayne Callies, Matt Walsh, Max Deacon, Alycia Debnam-Carey",United States of America,2014-08-06,2014,6.053,"Action, Thriller",en,21.845,2048,6.053,50000000,160600000,3.21
239678,Movie,This Is Where I Leave You,Shawn Levy,"Jason Bateman, Tina Fey, Jane Fonda, Adam Driver, Rose Byrne",United States of America,2014-09-10,2014,6.6,"Drama, Comedy",en,21.626,1351,6.6,19800000,41300000,2.09
249660,Movie,God's Not Dead,Harold Cronk,"Kevin Sorbo, Shane Harper, David A.R. White, Dean Cain, Cassidy Gifford",United States of America,2014-03-21,2014,6.007,Drama,en,21.607,906,6.007,17000000,29789000,1.75
239563,Movie,St. Vincent,Theodore Melfi,"Bill Murray, Melissa McCarthy, Jaeden Martell, Naomi Watts, Chris O'Dowd",United States of America,2014-10-09,2014,7.1,Comedy,en,21.489,1915,7.1,13000000,54837234,4.22
284293,Movie,Still Alice,"Richard Glatzer, Wash Westmoreland","Julianne Moore, Kate Bosworth, Shane McRae, Hunter Parrish, Alec Baldwin","France, United Kingdom, United States of America",2014-12-05,2014,7.485,Drama,en,21.371,3100,7.485,5000000,44779195,8.96
265195,Movie,Wild Tales,Damián Szifron,"Ricardo Darín, Leonardo Sbaraglia, Érica Rivas, Oscar Martínez, Rita Cortese","Argentina, Spain",2014-08-21,2014,7.9,"Drama, Thriller, Comedy",es,21.135,3432,7.9,4000000,31478893,7.87
242095,Movie,The Signal,William Eubank,"Brenton Thwaites, Olivia Cooke, Beau Knapp, Laurence Fishburne, Robert Longstreet",United States of America,2014-03-15,2014,6.013,"Thriller, Science Fiction",en,21.108,1691,6.013,4000000,2665322,0.67
188166,Movie,Blue Ruin,Jeremy Saulnier,"Macon Blair, Devin Ratray, Amy Hargreaves, Kevin Kolack, Eve Plumb",United States of America,2014-04-25,2014,6.797,"Crime, Thriller",en,20.54,1466,6.797,420000,993313,2.37
254473,Movie,Brick Mansions,Camille Delamarre,"Paul Walker, David Belle, RZA, Robert Maillet, Carlo Rota","Canada, France, United States of America",2014-04-22,2014,5.9,"Action, Crime, Drama",en,20.285,1522,5.9,28000000,71416730,2.55
282631,Movie,The Admiral: Roaring Currents,Kim Han-min,"Choi Min-sik, Ryu Seung-ryong, Cho Jin-woong, Jin Goo, Lee Jung-hyun",South Korea,2014-07-30,2014,6.966,"War, Action, Drama, History",ko,20.261,293,6.966,9500000,138342258,14.56
85350,Movie,Boyhood,Richard Linklater,"Ellar Coltrane, Patricia Arquette, Ethan Hawke, Lorelei Linklater, Libby Villari",United States of America,2014-06-05,2014,7.5,Drama,en,20.252,5206,7.5,4000000,48137666,12.03
273895,Movie,Selma,Ava DuVernay,"David Oyelowo, Carmen Ejogo, Tom Wilkinson, Giovanni Ribisi, Tim Roth","France, United Kingdom, United States of America",2014-12-25,2014,7.394,"History, Drama",en,20.045,2206,7.394,20000000,66787908,3.34
246741,Movie,What We Do in the Shadows,"Taika Waititi, Jemaine Clement","Jemaine Clement, Taika Waititi, Jonny Brugh, Cori Gonzalez-Macuer, Stu Rutherford","New Zealand, United States of America",2014-06-19,2014,7.6,"Comedy, Horror",en,19.825,3603,7.6,1600000,6300000,3.94
198277,Movie,Begin Again,John Carney,"Mark Ruffalo, Keira Knightley, Adam Levine, Hailee Steinfeld, Catherine Keener",United States of America,2014-07-03,2014,7.2,"Comedy, Music, Romance, Drama",en,19.688,3798,7.2,8000000,63500000,7.94
192145,Movie,Third Person,Paul Haggis,"Liam Neeson, Mila Kunis, Adrien Brody, James Franco, Olivia Wilde","Belgium, Germany, United Kingdom, United States of America",2014-06-20,2014,5.9,"Drama, Romance",en,19.668,604,5.9,28000000,1749201,0.06
228194,Movie,The Hundred-Foot Journey,Lasse Hallström,"Helen Mirren, Manish Dayal, Om Puri, Charlotte Le Bon, Rohan Chand","India, United States of America, United Arab Emirates",2014-08-06,2014,7.3,"Drama, Comedy",en,19.578,1443,7.3,22000000,89500000,4.07
244506,Movie,Camp X-Ray,Peter Sattler,"Kristen Stewart, Payman Maadi, Lane Garrison, J. J. Soria, John Carroll Lynch",United States of America,2014-10-17,2014,6.73,Drama,en,19.478,1028,6.73,1000000,59744,0.06
152760,Movie,The Monuments Men,George Clooney,"George Clooney, Matt Damon, Bill Murray, John Goodman, Cate Blanchett","Germany, United States of America",2014-01-24,2014,6.1,"War, Drama, History, Action",en,19.301,3623,6.1,70000000,154984035,2.21
188207,Movie,The Legend of Hercules,Renny Harlin,"Kellan Lutz, Liam McIntyre, Gaia Weiss, Scott Adkins, Roxanne McKee","Bulgaria, United States of America",2014-01-10,2014,4.8,"Action, Adventure",en,19.3,1331,4.8,70000000,61279452,0.88
144336,Movie,Sabotage,David Ayer,"Arnold Schwarzenegger, Sam Worthington, Olivia Williams, Mireille Enos, Joe Manganiello",United States of America,2014-03-28,2014,5.6,"Action, Drama, Thriller, Crime",en,19.198,1427,5.6,35000000,22126842,0.63
100241,Movie,"I, Frankenstein",Stuart Beattie,"Aaron Eckhart, Yvonne Strahovski, Bill Nighy, Jai Courtney, Miranda Otto","Australia, United States of America",2014-01-22,2014,5.356,"Horror, Thriller",en,19.083,1940,5.356,65000000,76801179,1.18
218778,Movie,"Alexander and the Terrible, Horrible, No Good, Very Bad Day",Miguel Arteta,"Steve Carell, Jennifer Garner, Ed Oxenbould, Dylan Minnette, Kerris Dorsey",United States of America,2014-10-08,2014,6.191,"Family, Comedy",en,19.064,1341,6.191,28000000,100654149,3.59
262391,Movie,Serial (Bad) Weddings,Philippe de Chauveron,"Christian Clavier, Chantal Lauby, Ary Abittan, Medi Sadoun, Frédéric Chau",France,2014-04-16,2014,6.7,Comedy,fr,18.917,3413,6.7,13000000,176404493,13.57
284536,Movie,The Gambler,Rupert Wyatt,"Mark Wahlberg, John Goodman, Brie Larson, Michael Kenneth Williams, George Kennedy",United States of America,2014-12-25,2014,6.0,"Thriller, Crime, Drama",en,18.725,1430,6.0,25000000,39171130,1.57
270938,Movie,Falcon Rising,Ernie Barbarash,"Michael Jai White, Neal McDonough, Lateef Crowder, Laila Ali, Hazuki Kato",United States of America,2014-09-05,2014,6.3,"Adventure, Action",en,18.716,347,6.3,4500000,11774,0.0
252171,Movie,A Girl Walks Home Alone at Night,Ana Lily Amirpour,"Sheila Vand, Arash Marandi, Marshall Manesh, Mozhan Navabi, Dominic Rains",United States of America,2014-11-21,2014,6.8,"Horror, Romance",en,18.51,874,6.8,1000000,395000,0.4
222899,Movie,About Last Night,Steve Pink,"Kevin Hart, Michael Ealy, Regina Hall, Joy Bryant, Christopher McDonald",United States of America,2014-02-14,2014,6.0,"Comedy, Romance",en,18.488,506,6.0,12500000,49002684,3.92
227783,Movie,The Nut Job,Peter Lepeniotis,"Will Arnett, Brendan Fraser, Liam Neeson, Katherine Heigl, Stephen Lang","Canada, South Korea, United States of America",2014-01-17,2014,5.792,"Animation, Comedy, Family, Adventure",en,18.434,972,5.792,42000000,122500000,2.92
280690,Movie,Kick,Sajid Nadiadwala,"Salman Khan, Jacqueline Fernandez, Randeep Hooda, Nawazuddin Siddiqui, Mithun Chakraborty",India,2014-07-25,2014,5.7,"Action, Romance, Comedy, Crime",hi,18.234,154,5.7,22000000,55000000,2.5
297222,Movie,PK,Rajkumar Hirani,"Aamir Khan, Anushka Sharma, Saurabh Shukla, Boman Irani, Sushant Singh Rajput",India,2014-12-18,2014,7.7,"Comedy, Drama, Science Fiction",hi,17.746,1016,7.7,13000000,118920000,9.15
303542,Movie,The Invisible Boy,Gabriele Salvatores,"Ludovico Girardello, Valeria Golino, Fabrizio Bentivoglio, Noa Zatta, Christo Jivkov","France, Italy",2014-12-18,2014,6.3,"Comedy, Adventure, Science Fiction, Fantasy",it,17.686,945,6.3,8000000,5216102,0.65
303903,Movie,Pokémon the Movie: Diancie and the Cocoon of Destruction,Kunihiko Yuyama,"Rica Matsumoto, Ikue Otani, Mayuki Makiguchi, Yuki Kaji, Mariya Ise",Japan,2014-07-19,2014,6.6,"Animation, Family, Adventure, Action, Comedy, Drama",ja,17.465,182,6.6,24720400,28595105,1.16
242042,Movie,Barefoot,Andrew Fleming,"Evan Rachel Wood, Scott Speedman, J.K. Simmons, Treat Williams, Kate Burton",United States of America,2014-02-02,2014,6.6,"Comedy, Drama, Romance",en,17.462,628,6.6,6000000,15071,0.0
250538,Movie,The Good Lie,Philippe Falardeau,"Reese Witherspoon, Corey Stoll, Thad Luckinbill, Sarah Baker, Maria Howell","India, Kenya, United States of America",2014-09-10,2014,7.3,Drama,en,17.394,493,7.3,20000000,3396345,0.17
246080,Movie,Black Sea,Kevin Macdonald,"Jude Law, Karl Davies, Jodie Whittaker, Daniel Ryan, Scoot McNairy","United Kingdom, United States of America, Russia",2014-12-05,2014,6.258,"Adventure, Drama, Thriller",en,17.206,1109,6.258,8000000,4070789,0.51
242310,Movie,Rage,Paco Cabezas,"Nicolas Cage, Aubrey Shea, Rachel Nichols, Peter Stormare, Danny Glover","France, United States of America",2014-05-09,2014,5.3,"Action, Crime, Thriller",en,17.162,753,5.3,15000000,2424381,0.16
228970,Movie,Wild,Jean-Marc Vallée,"Reese Witherspoon, Laura Dern, Keene McRae, Gaby Hoffmann, Michiel Huisman",United States of America,2014-12-05,2014,7.0,Drama,en,17.101,2506,7.0,15000000,52501541,3.5
217993,Movie,Justice League: War,Jay Oliva,"Michelle Monaghan, Alan Tudyk, Sean Astin, Shemar Moore, Christopher Gorham",United States of America,2014-01-21,2014,7.406,"Animation, Action",en,17.094,1083,7.406,3500000,5155325,1.47
170522,Movie,Asterix: The Mansions of the Gods,"Alexandre Astier, Louis Clichy","Roger Carel, Alexandre Astier, Lionnel Astier, Serge Papagalli, François Morel","Belgium, France",2014-11-26,2014,6.8,"Animation, Comedy, Adventure, Family",fr,17.016,1377,6.8,30000000,51379470,1.71
157849,Movie,A Most Wanted Man,Anton Corbijn,"Philip Seymour Hoffman, Willem Dafoe, Robin Wright, Rachel McAdams, Grigoriy Dobrygin","Belgium, Germany, United Kingdom, United States of America",2014-07-25,2014,6.475,Thriller,en,16.857,1375,6.475,15000000,31554855,2.1
285213,Movie,The Pirates,Lee Suk-hoon,"Son Ye-jin, Kim Nam-gil, Oh Dal-su, Park Cheol-min, Yoo Hai-jin",South Korea,2014-08-06,2014,7.0,"Action, Adventure, Comedy, Fantasy",ko,16.801,221,7.0,13000000,64400000,4.95
284276,Movie,Cake,Daniel Barnz,"Jennifer Aniston, Adriana Barraza, Anna Kendrick, Sam Worthington, Mamie Gummer",United States of America,2014-09-07,2014,6.3,Drama,en,16.644,899,6.3,7000000,2360281,0.34
288158,Movie,The Woman in Black 2: Angel of Death,Tom Harper,"Phoebe Fox, Helen McCrory, Jeremy Irvine, Oaklee Pendergast, Ned Dennehy","Canada, United Kingdom, United States of America",2014-12-30,2014,5.254,"Thriller, Horror, Drama",en,16.192,1020,5.254,15000000,48854305,3.26
252178,Movie,'71,Yann Demange,"Jack O'Connell, Sean Harris, Paul Anderson, Sam Reid, Sam Hazeldine",United Kingdom,2014-10-10,2014,6.803,"Thriller, Action, Drama, War",en,15.869,1135,6.803,11000000,3200000,0.29
184098,Movie,Think Like a Man Too,Tim Story,"Adam Brody, Michael Ealy, Jerry Ferrara, Meagan Good, Regina Hall",United States of America,2014-06-20,2014,6.4,"Comedy, Romance",en,15.738,557,6.4,24000000,70181428,2.92
265177,Movie,Mommy,Xavier Dolan,"Anne Dorval, Suzanne Clément, Antoine Olivier Pilon, Patrick Huard, Alexandre Goyette",Canada,2014-09-19,2014,8.2,Drama,fr,15.709,2736,8.2,4900000,3494070,0.71
137321,Movie,Winter's Tale,Akiva Goldsman,"Colin Farrell, Jessica Brown Findlay, Russell Crowe, William Hurt, Jennifer Connelly",United States of America,2014-02-13,2014,6.3,"Drama, Fantasy, Mystery, Romance",en,15.616,1343,6.3,60000000,30800231,0.51
164251,Movie,Serena,Susanne Bier,"Jennifer Lawrence, Bradley Cooper, Rhys Ifans, Toby Jones, Blake Ritson",United States of America,2014-10-12,2014,5.599,Drama,en,15.598,1027,5.599,30000000,5092129,0.17
157845,Movie,The Rover,David Michôd,"Guy Pearce, Robert Pattinson, Scoot McNairy, David Field, Susan Prior",Australia,2014-06-04,2014,6.3,"Crime, Drama",en,15.553,950,6.3,12250000,2510007,0.2
277685,Movie,Unfriended,Levan Gabriadze,"Shelley Hennig, Heather Sossaman, Renee Olstead, Matthew Bohrer, Moses Storm",United States of America,2014-10-22,2014,5.5,"Horror, Mystery, Thriller",en,15.527,3356,5.5,1000000,62900000,62.9
280795,Movie,Haider,Vishal Bhardwaj,"Shahid Kapoor, Tabu, Kay Kay Menon, Shraddha Kapoor, Narendra Jha",India,2014-10-02,2014,7.213,"Crime, Drama",hi,15.374,228,7.213,7000000,11500000,1.64
157847,Movie,Joe,David Gordon Green,"Nicolas Cage, Tye Sheridan, Ronnie Gene Blevins, Sue Rock, Heather Kafka",United States of America,2014-04-11,2014,6.5,Drama,en,15.214,945,6.5,4000000,2431443,0.61
266285,Movie,The Salvation,Kristian Levring,"Mads Mikkelsen, Eva Green, Jeffrey Dean Morgan, Mikael Persbrandt, Éric Cantona","Belgium, Brazil, Denmark, Norway, South Africa, Sweden, United Kingdom",2014-05-22,2014,6.486,"Drama, Western",da,15.204,869,6.486,10500000,1363964,0.13
203739,Movie,Vampire Academy,Mark Waters,"Zoey Deutch, Lucy Fry, Danila Kozlovsky, Gabriel Byrne, Dominic Sherwood",United States of America,2014-02-07,2014,6.3,"Comedy, Action, Fantasy",en,15.048,1754,6.3,30000000,15391979,0.51
244267,Movie,I Origins,Mike Cahill,"Michael Pitt, Brit Marling, Astrid Bergès-Frisbey, Steven Yeun, Archie Panjabi",United States of America,2014-07-18,2014,7.581,"Science Fiction, Drama",en,15.042,3246,7.581,1000000,481234,0.48
226486,Movie,Tammy,Ben Falcone,"Melissa McCarthy, Susan Sarandon, Kathy Bates, Mark Duplass, Gary Cole",United States of America,2014-07-02,2014,5.3,Comedy,en,14.844,1221,5.3,20000000,100500000,5.03
290864,Movie,Kung Fu Jungle,Teddy Chan Tak-Sum,"Donnie Yen Chi-Tan, Charlie Yeung Choi-Nei, Wang Baoqiang, Michelle Bai, Deep Ng Ho-Hong","China, Hong Kong",2014-10-31,2014,6.8,"Action, Thriller, Crime, Adventure",zh,14.787,461,6.8,25000000,129115,0.01
264656,Movie,The Homesman,Tommy Lee Jones,"Hilary Swank, Tommy Lee Jones, Grace Gummer, Miranda Otto, Sonja Richter","United States of America, France",2014-05-18,2014,6.5,"Western, Drama",en,14.708,797,6.5,16000000,3442853,0.22
239562,Movie,The Single Moms Club,Tyler Perry,"Nia Long, Amy Smart, Wendi McLendon-Covey, Cocoa Brown, Zulay Henao",United States of America,2014-03-14,2014,6.0,"Drama, Comedy",en,14.622,166,6.0,8000000,16365451,2.05
151368,Movie,Open Windows,Nacho Vigalondo,"Elijah Wood, Sasha Grey, Neil Maskell, Iván González, Jaime Olías","France, United States of America, Spain",2014-07-04,2014,5.1,"Thriller, Action, Crime",en,14.616,443,5.1,4000000,100000,0.02
177494,Movie,Veronica Mars,Rob Thomas,"Kristen Bell, Jason Dohring, Enrico Colantoni, Christopher Lowell, Percy Daggs III",United States of America,2014-03-13,2014,6.623,"Crime, Drama, Comedy",en,14.607,1077,6.623,6000000,3500000,0.58
87492,Movie,Foxcatcher,Bennett Miller,"Steve Carell, Channing Tatum, Mark Ruffalo, Sienna Miller, Vanessa Redgrave",United States of America,2014-11-14,2014,6.653,"Drama, Thriller",en,14.539,2320,6.653,24000000,12096300,0.5
286554,Movie,Two Night Stand,Max Nichols,"Lio Tipton, Miles Teller, Jessica Szohr, Kid Cudi, Berto Colon",United States of America,2014-09-26,2014,6.4,"Romance, Comedy",en,14.491,1848,6.4,1645000,868081,0.53
221902,Movie,"Two Days, One Night","Jean-Pierre Dardenne, Luc Dardenne","Marion Cotillard, Fabrizio Rongione, Catherine Salée, Pili Groyne, Baptiste Sornin","Belgium, France, Italy",2014-05-21,2014,6.9,Drama,fr,14.465,943,6.9,7000000,9016922,1.29
282813,Movie,The Pyramid,Grégory Levasseur,"Ashley Grace, Denis O'Hare, James Buckley, Amir K, Christa Nicola",United States of America,2014-12-04,2014,5.306,Horror,en,14.432,1068,5.306,6500000,16861137,2.59
268690,Movie,The Legend of the Guanajuato Mummies,Alberto Rodríguez,"Benny Emmanuel, Mayté Cordero, Eduardo España, Rafael Inclán, Andrés Couturier",Mexico,2014-10-30,2014,7.993,"Animation, Horror, Adventure, Comedy, Family",es,14.34,145,7.993,1300000,6300000,4.85
239566,Movie,Get on Up,Tate Taylor,"Chadwick Boseman, Nelsan Ellis, Dan Aykroyd, Viola Davis, Lennie James",United States of America,2014-08-01,2014,6.763,"Drama, Music, History",en,14.26,527,6.763,30000000,33448971,1.11
304410,Movie,The Bélier Family,Eric Lartigau,"Louane Emera, Karin Viard, François Damiens, Eric Elmosnino, Roxane Duran",France,2014-12-17,2014,6.933,"Comedy, Music, Drama",fr,14.212,2374,6.933,11000000,72775689,6.62
204436,Movie,Jack and the Cuckoo-Clock Heart,"Mathias Malzieu, Stéphane Berla","Mathias Malzieu, Olivia Ruiz, Grand Corps Malade, Jean Rochefort, Emily Loizeau","Belgium, France",2014-02-05,2014,7.2,"Animation, Romance, Adventure, Drama, Fantasy",fr,14.118,717,7.2,33746302,3484370,0.1
187596,Movie,Walk of Shame,Steven Brill,"Elizabeth Banks, James Marsden, Gillian Jacobs, Sarah Wright, Ethan Suplee",United States of America,2014-05-02,2014,5.968,Comedy,en,14.014,1436,5.968,6000000,8100000,1.35
244772,Movie,The Skeleton Twins,Craig Johnson,"Bill Hader, Kristen Wiig, Luke Wilson, Ty Burrell, Boyd Holbrook",United States of America,2014-06-05,2014,6.6,Drama,en,13.987,640,6.6,1000000,5300000,5.3
236737,Movie,Spanish Affair,Emilio Martínez Lázaro,"Clara Lago, Dani Rovira, Karra Elejalde, Carmen Machi, Alberto López",Spain,2014-03-14,2014,6.6,"Comedy, Romance, Family",es,13.845,637,6.6,3000000,78768613,26.26
87093,Movie,Big Eyes,Tim Burton,"Amy Adams, Christoph Waltz, Danny Huston, Jon Polito, Krysten Ritter",United States of America,2014-12-24,2014,6.982,Drama,en,13.783,3491,6.982,10000000,28900000,2.89
232679,Movie,When the Game Stands Tall,Thomas Carter,"Jim Caviezel, Michael Chiklis, Laura Dern, Clancy Brown, Ser'Darius Blain",United States of America,2014-08-22,2014,6.666,Drama,en,13.78,356,6.666,15000000,30127963,2.01
244539,Movie,Infinitely Polar Bear,Maya Forbes,"Mark Ruffalo, Zoe Saldaña, Imogene Wolodarsky, Ashley Aufderheide, Wallace Wolodarsky",United States of America,2014-01-18,2014,6.6,"Drama, Comedy",en,13.756,372,6.6,6700000,1430655,0.21
245916,Movie,Kill the Messenger,Michael Cuesta,"Jeremy Renner, Mary Elizabeth Winstead, Michael Sheen, Ray Liotta, Robert Patrick",United States of America,2014-10-09,2014,6.612,"Crime, Drama, Mystery, Thriller, History",en,13.676,851,6.612,5000000,5200000,1.04
171372,Movie,Frank,Lenny Abrahamson,"Domhnall Gleeson, Maggie Gyllenhaal, Scoot McNairy, Michael Fassbender, François Civil","Ireland, United Kingdom",2014-05-09,2014,6.9,"Comedy, Drama, Mystery",en,13.596,1622,6.9,1000000,1897363,1.9
254201,Movie,The Absent One,Mikkel Nørgaard,"Nikolaj Lie Kaas, Fares Fares, Pilou Asbæk, David Dencik, Danica Ćurčić","Denmark, Germany, Norway, Sweden",2014-10-02,2014,7.0,Thriller,da,13.436,633,7.0,5800000,11500000,1.98
236735,Movie,Marshland,Alberto Rodríguez,"Raúl Arévalo, Javier Gutiérrez, Antonio de la Torre, Nerea Barros, Salva Reina",Spain,2014-09-25,2014,7.041,"Crime, Mystery, Thriller",es,13.423,966,7.041,4000000,5169755,1.29
145220,Movie,Muppets Most Wanted,James Bobin,"Ricky Gervais, Ty Burrell, Tina Fey, Steve Whitmire, Eric Jacobson","United Kingdom, United States of America",2014-03-20,2014,6.3,"Comedy, Adventure, Crime, Family",en,13.366,837,6.3,50000000,80400000,1.61
157851,Movie,Maps to the Stars,David Cronenberg,"Julianne Moore, Mia Wasikowska, John Cusack, Evan Bird, Robert Pattinson","Canada, United States of America, France, Germany",2014-05-21,2014,6.185,Drama,en,13.29,1080,6.185,15000000,4510000,0.3
157829,Movie,The Disappearance of Eleanor Rigby: Them,Ned Benson,"Jessica Chastain, James McAvoy, Bill Hader, Viola Davis, Isabelle Huppert",United States of America,2014-05-14,2014,6.2,Drama,en,13.268,293,6.2,3000000,1448076,0.48
210947,Movie,Afflicted,"Clif Prowse, Derek Lee","Baya Rehaz, Derek Lee, Clif Prowse, Edo van Breemen, Zachary Gray",Canada,2014-04-04,2014,6.426,"Horror, Thriller",en,13.105,560,6.426,318000,121179,0.38
243684,Movie,"Men, Women & Children",Jason Reitman,"Adam Sandler, Jennifer Garner, Rosemarie DeWitt, Judy Greer, Dean Norris",United States of America,2014-10-17,2014,6.5,"Drama, Comedy",en,13.03,880,6.5,16000000,1700000,0.11
203834,Movie,Jessabelle,Kevin Greutert,"Sarah Snook, Mark Webber, Joelle Carter, David Andrews, Chris Ellis",United States of America,2014-11-07,2014,5.4,"Thriller, Horror",en,13.006,797,5.4,1000000,23456897,23.46
241771,Movie,Beyond the Lights,Gina Prince-Bythewood,"Gugu Mbatha-Raw, Nate Parker, Minnie Driver, mgk, Danny Glover",United States of America,2014-11-14,2014,6.8,"Romance, Drama",en,12.848,375,6.8,7000000,14600000,2.09
244403,Movie,Rudderless,William H. Macy,"Billy Crudup, Anton Yelchin, Felicity Huffman, Selena Gomez, Miles Heizer",United States of America,2014-10-17,2014,7.2,"Music, Drama, Comedy",en,12.666,310,7.2,5000000,58293,0.01
244264,Movie,Laggies,Lynn Shelton,"Keira Knightley, Chloë Grace Moretz, Sam Rockwell, Kaitlyn Dever, Ellie Kemper",United States of America,2014-09-25,2014,6.122,"Comedy, Drama, Romance",en,12.587,1135,6.122,5000000,2379154,0.48
105001,Movie,Iceman,Law Wing-Cheong,"Donnie Yen Chi-Tan, Wang Baoqiang, Huang Shengyi, Simon Yam, Yu Kang","China, Hong Kong",2014-04-17,2014,5.5,"Action, Adventure, Science Fiction, Comedy, Fantasy",cn,12.397,201,5.5,25477000,26033917,1.02
287935,Movie,Midnight Sun,"Brando Quilici, Roger Spottiswoode","Dakota Goyo, Goran Višnjić, Bridget Moynahan, Linda Kash, Kendra Leigh Timmins","Italy, Canada",2014-09-01,2014,5.9,"Family, Adventure",en,12.328,83,5.9,12758853,3016126,0.24
229297,Movie,Magic in the Moonlight,Woody Allen,"Colin Firth, Emma Stone, Hamish Linklater, Marcia Gay Harden, Jacki Weaver","United Kingdom, United States of America",2014-07-25,2014,6.5,"Comedy, Drama, Romance",en,12.094,2081,6.5,16800000,51029361,3.04
284296,Movie,Top Five,Chris Rock,"Chris Rock, Rosario Dawson, JB Smoove, Gabrielle Union, Romany Malco",United States of America,2014-12-12,2014,6.1,"Drama, Comedy, Romance",en,12.079,456,6.1,12000000,26117471,2.18
245775,Movie,Yves Saint Laurent,Jalil Lespert,"Pierre Niney, Guillaume Gallienne, Nikolai Kinski, Charlotte Le Bon, Xavier Lafitte","Belgium, France",2014-01-08,2014,6.638,Drama,fr,12.013,886,6.638,12000000,21026290,1.75
252680,Movie,Moms' Night Out,"Andrew Erwin, Jon Erwin","Sarah Drew, Sean Astin, Patricia Heaton, Andrea Logan White, Robert Amaya",United States of America,2014-03-25,2014,5.6,Comedy,en,11.914,294,5.6,5000000,10429707,2.09
200505,Movie,Draft Day,Ivan Reitman,"Kevin Costner, Jennifer Garner, Denis Leary, Chadwick Boseman, Frank Langella",United States of America,2014-04-11,2014,6.7,Drama,en,11.91,936,6.7,25000000,28831145,1.15
225565,Movie,That Awkward Moment,Tom Gormican,"Zac Efron, Miles Teller, Michael B. Jordan, Imogen Poots, Mackenzie Davis",United States of America,2014-01-29,2014,6.1,"Comedy, Romance",en,11.902,2649,6.1,8000000,45600000,5.7
290841,Movie,Winx Club: The Mystery of the Abyss,Iginio Straffi,"Letizia Ciampa, Perla Liberatori, Domitilla D'Amico, Ilaria Latini, Gemma Donati","Italy, United States of America",2014-09-04,2014,7.4,"Family, Fantasy, Animation",it,11.851,94,7.4,14905188,5337409,0.36
209185,Movie,The Grand Seduction,Don McKellar,"Brendan Gleeson, Taylor Kitsch, Gordon Pinsent, Liane Balaban, Mark Critch",Canada,2014-05-30,2014,6.7,Comedy,en,11.813,322,6.7,12700000,3430018,0.27
256917,Movie,The Water Diviner,Russell Crowe,"Russell Crowe, Olga Kurylenko, Yılmaz Erdoğan, Cem Yılmaz, Jai Courtney","Australia, United States of America",2014-12-25,2014,6.8,"War, Drama",en,11.731,1244,6.8,22500000,15520023,0.69
284279,Movie,Burnout,Hallvard Bræin,"Anders Baasmo Christiansen, Ida Husøy, Sven Nordin, Otto Jespersen, Jenny Skavlan",Norway,2014-08-13,2014,6.4,"Action, Comedy",no,11.655,94,6.4,25000000,6015494,0.24
210479,Movie,Locke,Steven Knight,"Tom Hardy, Ruth Wilson, Andrew Scott, Olivia Colman, Tom Holland","United Kingdom, United States of America",2014-04-10,2014,6.909,"Drama, Thriller",en,11.599,2701,6.909,2000000,4635300,2.32
290999,Movie,Wyrmwood: Road of the Dead,Kiah Roache-Turner,"Jay Gallagher, Bianca Bradey, Leon Burchill, Luke McKenzie, Yure Covich",Australia,2014-09-19,2014,6.061,"Horror, Action, Comedy",en,11.459,458,6.061,160000,111141,0.69
254191,Movie,Honeymoon,Leigh Janiak,"Rose Leslie, Harry Treadaway, Ben Huber, Hanna Brown, John Lauterbach",United States of America,2014-09-12,2014,5.395,"Horror, Science Fiction",en,11.329,587,5.395,1000000,9318,0.01
244566,Movie,Life After Beth,Jeff Baena,"Aubrey Plaza, Dane DeHaan, John C. Reilly, Molly Shannon, Cheryl Hines",United States of America,2014-08-15,2014,5.5,"Romance, Comedy, Horror",en,11.317,679,5.5,2400000,88273,0.04
253235,Movie,And So It Goes,Rob Reiner,"Michael Douglas, Diane Keaton, Sterling Jerins, Paloma Guzmán, Frances Sternhagen",United States of America,2014-07-10,2014,6.028,"Comedy, Drama, Romance",en,11.15,459,6.028,18000000,25312387,1.41
227735,Movie,Dolphin Tale 2,Charles Martin Smith,"Morgan Freeman, Ashley Judd, Nathan Gamble, Cozi Zuehlsdorff, Harry Connick Jr.",United States of America,2014-09-11,2014,6.9,"Family, Drama",en,11.045,351,6.9,36000000,52424533,1.46
292795,Movie,Yellowbird,Christian De Vita,"Seth Green, Dakota Fanning, Christine Baranski, Danny Glover, Elliott Gould",France,2014-10-17,2014,5.1,"Animation, Family, Comedy",en,11.008,63,5.1,6443990,3790114,0.59
193612,Movie,The Quiet Ones,John Pogue,"Jared Harris, Sam Claflin, Olivia Cooke, Erin Richards, Rory Fleck-Byrne","United Kingdom, United States of America",2014-04-25,2014,5.11,Horror,en,10.985,649,5.11,200000,17834867,89.17
215211,Movie,Grace of Monaco,Olivier Dahan,"Nicole Kidman, Milo Ventimiglia, Paz Vega, Tim Roth, Parker Posey","Belgium, France, Italy, Switzerland, United States of America",2014-04-22,2014,6.012,"Romance, Drama",en,10.979,593,6.012,30000000,26576000,0.89
286521,Movie,5 Flights Up,Richard Loncraine,"Morgan Freeman, Diane Keaton, Carrie Preston, Cynthia Nixon, Alysia Reiner",United States of America,2014-05-10,2014,6.013,Drama,en,10.962,311,6.013,6000000,1020921,0.17
246860,Movie,Clouds of Sils Maria,Olivier Assayas,"Juliette Binoche, Kristen Stewart, Chloë Grace Moretz, Lars Eidinger, Johnny Flynn","France, Germany, Switzerland, United States of America",2014-08-20,2014,6.6,Drama,en,10.758,760,6.6,6600000,1851517,0.28
272435,Movie,Gemma Bovery,Anne Fontaine,"Gemma Arterton, Jason Flemyng, Fabrice Luchini, Elsa Zylberstein, Isabelle Candelier","United Kingdom, France",2014-09-10,2014,6.121,"Romance, Drama, Comedy",fr,10.657,315,6.121,9700000,154701,0.02
238603,Movie,Earth to Echo,Dave Green,"Teo Halm, Stro, Reese Hartwig, Ella Wahlestedt, Jason Gray-Stanford",United States of America,2014-06-14,2014,5.9,"Family, Adventure, Science Fiction",en,10.552,584,5.9,13000000,45300000,3.48
269148,Movie,Samba,"Éric Toledano, Olivier Nakache","Omar Sy, Charlotte Gainsbourg, Tahar Rahim, Izïa Higelin, Issaka Sawadogo",France,2014-10-15,2014,6.341,"Drama, Comedy",fr,10.411,940,6.341,20000000,151530,0.01
208763,Movie,Forbidden Empire,Oleg Stepchenko,"Jason Flemyng, Aleksey Chadov, Agniya Ditkovskite, Yuriy Tsurilo, Olga Zaytseva","United Kingdom, Germany, Russia, Ukraine, Czech Republic",2014-01-30,2014,5.9,"Thriller, Adventure, Mystery, Fantasy, Horror, Science Fiction",ru,10.409,311,5.9,26000000,34592118,1.33
231576,Movie,Wish I Was Here,Zach Braff,"Zach Braff, Kate Hudson, Joey King, Mandy Patinkin, Ashley Greene","France, United States of America",2014-07-18,2014,6.5,"Drama, Comedy",en,10.375,730,6.5,5500000,5483299,1.0
157099,Movie,Better Living Through Chemistry,"David Posamentier, Geoff Moore","Sam Rockwell, Michelle Monaghan, Olivia Wilde, Jane Fonda, Ray Liotta","United Kingdom, United States of America",2014-03-14,2014,5.9,"Drama, Comedy",en,10.372,288,5.9,5000000,75143,0.02
198185,Movie,Million Dollar Arm,Craig Gillespie,"Jon Hamm, Bill Paxton, Lake Bell, Suraj Sharma, Aasif Mandvi","United States of America, Ukraine",2014-05-09,2014,6.7,Drama,en,10.256,619,6.7,25000000,38307627,1.53
241868,Movie,Lupin the 3rd,Ryûhei Kitamura,"Shun Oguri, Meisa Kuroki, Go Ayano, Tadanobu Asano, Tetsuji Tamayama",Japan,2014-08-30,2014,6.1,"Action, Adventure, Comedy, Crime",ja,10.231,94,6.1,10500000,22300000,2.12
262551,Movie,Babysitting,"Nicolas Benamou, Philippe Lacheau","Philippe Lacheau, Alice David, Vincent Desagnat, Tarek Boudali, Julien Arruti",France,2014-04-16,2014,6.8,Comedy,fr,10.178,1927,6.8,3400000,20258904,5.96
294093,Movie,Dinosaur Island,Matt Drummond,"Darius Williams-Watt, Kate Rasmussen, Joe Bistaveous, Juliette Frederick, Vincent Naviti",Australia,2014-12-01,2014,5.4,"Adventure, Science Fiction, Family",en,10.153,134,5.4,12000000,39296,0.0
265180,Movie,Leviathan,Andrey Zvyagintsev,"Aleksey Serebryakov, Elena Lyadova, Vladimir Vdovichenkov, Roman Madyanov, Anna Ukolova",Russia,2014-09-24,2014,7.4,"Drama, Crime",ru,10.106,866,7.4,4000000,4396821,1.1
267999,Movie,White God,Kornél Mundruczó,"Zsófia Psotta, Luke, Body, Sándor Zsótér, Thuróczy Szabolcs","Hungary, Sweden, Germany",2014-06-12,2014,6.633,Drama,hu,10.078,335,6.633,2200000,616277,0.28
209451,Movie,Jersey Boys,Clint Eastwood,"John Lloyd Young, Vincent Piazza, Michael Lomenda, Erich Bergen, Christopher Walken",United States of America,2014-06-18,2014,6.763,"Music, Drama",en,10.061,699,6.763,40000000,67347013,1.68
199575,Movie,These Final Hours,Zak Hilditch,"Nathan Phillips, Angourie Rice, Daniel Henshall, Jessica De Gouw, David Field",Australia,2014-07-31,2014,6.5,"Science Fiction, Drama, Thriller",en,9.998,558,6.5,2500000,360000,0.14
273169,Movie,French Women,Audrey Dana,"Isabelle Adjani, Alice Belaïdi, Laetitia Casta, Audrey Dana, Julie Ferrier",France,2014-06-04,2014,5.757,Comedy,fr,9.913,369,5.757,5000000,12058187,2.41
244534,Movie,Happy Christmas,Joe Swanberg,"Anna Kendrick, Melanie Lynskey, Mark Webber, Lena Dunham, Joe Swanberg",United States of America,2014-07-25,2014,5.1,"Comedy, Drama",en,9.888,162,5.1,70000,30312,0.43
250219,Movie,I Can Quit Whenever I Want,Sydney Sibilia,"Edoardo Leo, Valeria Solarino, Valerio Aprea, Paolo Calabresi, Stefano Fresi",Italy,2014-02-06,2014,7.421,Comedy,it,9.848,1800,7.421,2000000,54606,0.03
59981,Movie,Legends of Oz: Dorothy's Return,"Dan St. Pierre, Will Finn","Lea Michele, Dan Aykroyd, Jim Belushi, Kelsey Grammer, Tacey Adams","India, United States of America",2014-05-08,2014,6.3,"Animation, Family, Fantasy",en,9.371,367,6.3,70000000,18662027,0.27
251321,Movie,Aloft,Claudia Llosa,"Jennifer Connelly, Cillian Murphy, Mélanie Laurent, William Shimell, Zen McGrath","Canada, France, Spain",2014-02-12,2014,5.5,Drama,en,9.335,125,5.5,8000000,53086,0.01
157351,Movie,The Truth About Emanuel,Francesca Gregorini,"Kaya Scodelario, Jessica Biel, Alfred Molina, Frances O'Connor, Jimmi Simpson","United States of America, United Kingdom, Mexico",2014-01-10,2014,5.9,"Drama, Thriller",en,9.194,246,5.9,1300000,4404,0.0
177047,Movie,Decoding Annie Parker,Steven Bernstein,"Samantha Morton, Helen Hunt, Aaron Paul, Alice Eve, Maggie Grace",United States of America,2014-05-02,2014,6.0,Drama,en,8.88,83,6.0,2000000,60048,0.03
79316,Movie,Devil's Due,"Tyler Gillett, Matt Bettinelli-Olpin","Zach Gilford, Allison Miller, Sam Anderson, Roger Payano, Vanessa Ray",United States of America,2014-01-08,2014,4.6,Horror,en,8.82,525,4.6,7000000,36433975,5.2
282296,Movie,My Old Lady,Israel Horovitz,"Maggie Smith, Kevin Kline, Kristin Scott Thomas, Dominique Pinon, Michael Burstin","France, United Kingdom, United States of America",2014-09-09,2014,6.21,"Romance, Comedy, Drama",en,8.813,267,6.21,5000000,7527232,1.51
285803,Movie,Singham Returns,Rohit Shetty,"Ajay Devgn, Kareena Kapoor Khan, Amole Gupte, Anupam Kher, Vineet Sharma",India,2014-08-15,2014,6.103,Action,hi,8.694,102,6.103,13000000,26000000,2.0
230266,Movie,Miss Julie,Liv Ullmann,"Jessica Chastain, Colin Farrell, Samantha Morton, Nora McMenamy","France, Ireland, Norway, United Kingdom",2014-09-07,2014,5.6,"Drama, Romance",en,8.667,143,5.6,5500000,5000000,0.91
287767,Movie,Mardaani,Pradeep Sarkar,"Rani Mukerji, Tahir Raj Bhasin, Jisshu Sengupta, Sanjay Taneja, Mona Ambegaonkar",India,2014-08-22,2014,6.6,"Action, Crime, Drama, Thriller",hi,8.601,100,6.6,2121476,7557761,3.56
254869,Movie,Torrente 5,Santiago Segura,"Santiago Segura, Julián López, Jesulín de Ubrique, Alec Baldwin, Fernando Esteso",Spain,2014-10-03,2014,5.6,"Comedy, Crime, Action",es,8.555,188,5.6,9300000,13851074,1.49
259720,Movie,2 States,Abhishek Varman,"Alia Bhatt, Arjun Kapoor, Amrita Singh, Revathi, Ronit Roy",India,2014-04-17,2014,6.5,"Comedy, Romance, Drama",hi,8.518,146,6.5,4587786,22414611,4.89
206296,Movie,The Last Five Years,Richard LaGravenese,"Anna Kendrick, Jeremy Jordan, Natalie Knepp, Bettina Bresnan, Marceline Hugot",United States of America,2014-11-03,2014,5.9,"Comedy, Drama, Music, Romance",en,8.419,342,5.9,3500000,292092,0.08
268660,Movie,Bangalore Days,Anjali Menon,"Nazriya Nazim Fahadh, Nivin Pauly, Dulquer Salmaan, Fahadh Faasil, Parvathy Thiruvothu",India,2014-05-30,2014,7.5,"Drama, Family, Romance",ml,8.046,119,7.5,7400000,1300000,0.18
253331,Movie,Black or White,Mike Binder,"Kevin Costner, Jillian Estell, Jennifer Ehle, Gillian Jacobs, Octavia Spencer",United States of America,2014-09-06,2014,6.8,Drama,en,7.921,349,6.8,9000000,21571189,2.4
244783,Movie,Song One,Kate Barker-Froyland,"Anne Hathaway, Johnny Flynn, Mary Steenburgen, Ben Rosenfield, Lola Kirke",United States of America,2014-01-20,2014,5.7,Drama,en,7.721,230,5.7,6000000,32251,0.01
211166,Movie,"Rio, I Love You","Guillermo Arriaga, Fernando Meirelles, José Padilha, Vicente Amorim, Stephan Elliott, Im Sang-soo, Nadine Labaki, Carlos Saldanha, Paolo Sorrentino, John Turturro, Andrucha Waddington, César Charlone","Vincent Cassel, Fernanda Montenegro, Eduardo Sterblitch, Basil Hoffman, Emily Mortimer",Brazil,2014-09-12,2014,4.9,"Romance, Drama",pt,7.525,43,4.9,8500000,600000,0.07
252841,Movie,Highway,Imtiaz Ali,"Alia Bhatt, Randeep Hooda, Durgesh Kumar, Pradeep Nagar, Saharsh Kumar Shukla",India,2014-02-13,2014,7.2,"Drama, Romance, Crime",hi,7.379,165,7.2,2860530,5458444,1.91
262788,Movie,The Games Maker,Juan Pablo Buscarini,"Ed Asner, David Mazouz, Joseph Fiennes, Tom Cavanagh, Valentina Lodovini","Argentina, Canada, Italy",2014-07-03,2014,5.261,"Adventure, Family",es,7.257,71,5.261,6000000,5205106,0.87
246320,Movie,The Three Brothers: The Return,"Didier Bourdon, Bernard Campan, Pascal Légitimus","Didier Bourdon, Bernard Campan, Pascal Légitimus, Antoine du Merle, Sofia Lesaffre",France,2014-02-12,2014,5.0,Comedy,fr,7.224,444,5.0,13640000,20193106,1.48
291348,Movie,A Matter of Faith,Rich Christiano,"Jordan Trovillion, Harry Anderson, Clarence Gilyard Jr., Chandler Macocha, Barrett Carnahan",United States of America,2014-10-17,2014,4.5,Drama,en,7.18,33,4.5,600000,677577,1.13
199933,Movie,Atlas Shrugged: Part III,J. James Manera,"Kristoffer Polaha, Laura Regan, Greg Germann, Eric Allan Kramer, Tony Denison",United States of America,2014-09-12,2014,4.4,"Drama, Science Fiction, Mystery",en,7.16,80,4.4,5000000,846704,0.17
250349,Movie,Barbecue,Eric Lavaine,"Lambert Wilson, Franck Dubosc, Florence Foresti, Guillaume de Tonquédec, Lionel Abelanski",France,2014-04-30,2014,5.837,Comedy,fr,7.07,698,5.837,6000000,14348529,2.39
272875,Movie,The Continent,Han Han,"William Feng, Chen Bolin, Wallace Chung, Joe Chen, Wang Luodan",China,2014-07-24,2014,6.1,Drama,zh,7.044,79,6.1,7300000,9166810,1.26
284288,Movie,Mary Kom,Omung Kumar,"Priyanka Chopra Jonas, Darshan Kumaar, Shishir Sharma, Sunil Thapa, Robin Das",India,2014-09-05,2014,7.1,"Action, Drama, History",hi,6.946,97,7.1,224056,15536328,69.34
110402,Movie,Hard to Be a God,Aleksei German,"Leonid Yarmolnik, Yuriy Tsurilo, Natalya Moteva, Aleksandr Chutko, Aleksandr Ilin",Russia,2014-02-27,2014,6.6,"Drama, Science Fiction",ru,6.873,147,6.6,7000000,1310673,0.19
197583,Movie,50 to 1,Jim Wilson,"Skeet Ulrich, Christian Kane, William Devane, Madelyn Deutch, Todd Lowe",United States of America,2014-03-21,2014,6.568,"Comedy, Drama",en,6.833,74,6.568,10000000,1064454,0.11
292483,Movie,Not Cool,Shane Dawson,"Shane Dawson, Cherami Leigh, Drew Monson, Lisa Schwartz, Michelle Veintimilla",United States of America,2014-09-23,2014,3.3,"Comedy, Drama, Romance",en,6.662,100,3.3,800000,36026,0.05
247645,Movie,Queen,Vikas Bahl,"Kangana Ranaut, Rajkummar Rao, Lisa Haydon, Mish Boyko, Jeffrey Ho",India,2014-03-07,2014,7.3,"Comedy, Drama",hi,6.59,277,7.3,1900000,17000000,8.95
267481,Movie,Kitchen in Paris,Dmitriy Dyachenko,"Dmitri Nazarov, Mark Bogatyrev, Elena Podkaminskaya, Dmitriy Nagiev, Mikhail Tarabukin",Russia,2014-05-01,2014,6.7,"Comedy, Romance",ru,6.524,85,6.7,2300000,13969785,6.07
246087,Movie,Jilla,Nesan,"Mohanlal, Vijay, Sampath Raj, Kajal Agarwal, Mahat Raghavendra",India,2014-01-10,2014,5.766,Action,ta,6.3,62,5.766,8000000,18000000,2.25
271200,Movie,Heropanti,Sabbir Khan,"Tiger Shroff, Kriti Sanon, Prakash Raj, Shireesh Sharma, Sandeepa Dhar",India,2014-05-23,2014,5.7,"Romance, Action",hi,6.259,64,5.7,4200000,10000000,2.38
249142,Movie,Taste Of You,Carlo Vanzina,"Vincenzo Salemme, Maurizio Mattioli, Nancy Brilli, Katy Louise Saunders, Serena Autieri",Italy,2014-01-09,2014,5.8,Comedy,it,6.171,135,5.8,3000000,2534077,0.84
216015,Movie,Fifty Shades of Grey,Sam Taylor-Johnson,"Dakota Johnson, Jamie Dornan, Jennifer Ehle, Eloise Mumford, Victor Rasuk",United States of America,2015-02-11,2015,5.879,"Drama, Romance, Thriller",en,153.555,11887,5.879,40000000,569651467,14.24
135397,Movie,Jurassic World,Colin Trevorrow,"Chris Pratt, Bryce Dallas Howard, Irrfan Khan, Vincent D'Onofrio, Ty Simpkins",United States of America,2015-06-06,2015,6.693,"Action, Adventure, Science Fiction, Thriller",en,137.798,20543,6.693,150000000,1671537444,11.14
150540,Movie,Inside Out,Pete Docter,"Amy Poehler, Phyllis Smith, Richard Kind, Bill Hader, Lewis Black",United States of America,2015-06-17,2015,7.911,"Animation, Family, Adventure, Drama, Comedy",en,130.033,22306,7.911,175000000,857611174,4.9
150689,Movie,Cinderella,Kenneth Branagh,"Lily James, Cate Blanchett, Richard Madden, Stellan Skarsgård, Holliday Grainger","United Kingdom, United States of America",2015-03-06,2015,6.8,"Romance, Fantasy, Family, Drama",en,104.479,7114,6.8,95000000,543514353,5.72
76341,Movie,Mad Max: Fury Road,George Miller,"Tom Hardy, Charlize Theron, Nicholas Hoult, Hugh Keays-Byrne, Josh Helman","Australia, United States of America",2015-05-13,2015,7.6,"Action, Adventure, Science Fiction",en,99.407,22895,7.6,150000000,378858340,2.53
99861,Movie,Avengers: Age of Ultron,Joss Whedon,"Robert Downey Jr., Chris Hemsworth, Mark Ruffalo, Chris Evans, Scarlett Johansson",United States of America,2015-04-22,2015,7.272,"Action, Adventure, Science Fiction",en,96.35,23242,7.272,365000000,1405403694,3.85
214756,Movie,Ted 2,Seth MacFarlane,"Mark Wahlberg, Seth MacFarlane, Amanda Seyfried, Jessica Barth, Giovanni Ribisi",United States of America,2015-06-25,2015,6.3,"Comedy, Fantasy",en,89.359,7540,6.3,68000000,215863606,3.17
168259,Movie,Furious 7,James Wan,"Vin Diesel, Paul Walker, Jason Statham, Michelle Rodriguez, Jordana Brewster",United States of America,2015-04-01,2015,7.229,"Action, Thriller, Crime",en,86.093,10729,7.229,190000000,1515400000,7.98
87101,Movie,Terminator Genisys,Alan Taylor,"Emilia Clarke, Jai Courtney, Arnold Schwarzenegger, Jason Clarke, Matt Smith","Canada, United States of America",2015-06-23,2015,5.9,"Science Fiction, Action, Thriller, Adventure",en,85.789,8483,5.9,155000000,440603537,2.84
140607,Movie,Star Wars: The Force Awakens,J.J. Abrams,"Harrison Ford, Mark Hamill, Carrie Fisher, Adam Driver, Daisy Ridley",United States of America,2015-12-15,2015,7.264,"Adventure, Action, Science Fiction",en,81.795,19573,7.264,245000000,2068223624,8.44
273481,Movie,Sicario,Denis Villeneuve,"Emily Blunt, Benicio del Toro, Josh Brolin, Victor Garber, Jon Bernthal","Mexico, United States of America",2015-09-17,2015,7.412,"Action, Crime, Thriller",en,78.688,8767,7.412,30000000,84997446,2.83
254128,Movie,San Andreas,Brad Peyton,"Dwayne Johnson, Alexandra Daddario, Carla Gugino, Ioan Gruffudd, Archie Panjabi","Canada, United States of America, Australia",2015-05-27,2015,6.245,"Action, Drama, Thriller",en,77.719,8631,6.245,110000000,473990832,4.31
303857,Movie,Dragon Ball Z: Resurrection 'F',Tadayoshi Yamamuro,"Masako Nozawa, Ryo Horikawa, Ryusei Nakao, Koichi Yamadera, Masakazu Morita",Japan,2015-04-18,2015,6.8,"Action, Animation, Science Fiction",ja,74.24,1928,6.8,5000000,61768190,12.35
273477,Movie,Scouts Guide to the Zombie Apocalypse,Christopher Landon,"Tye Sheridan, Sarah Dumont, Logan Miller, Joey Morgan, David Koechner",United States of America,2015-10-23,2015,6.5,"Comedy, Horror",en,72.061,1951,6.5,15000000,14900000,0.99
281957,Movie,The Revenant,Alejandro González Iñárritu,"Leonardo DiCaprio, Tom Hardy, Domhnall Gleeson, Will Poulter, Forrest Goodluck","Canada, Hong Kong, Taiwan, United States of America",2015-12-25,2015,7.532,"Western, Drama, Adventure",en,71.919,18276,7.532,135000000,532950503,3.95
294254,Movie,Maze Runner: The Scorch Trials,Wes Ball,"Dylan O'Brien, Kaya Scodelario, Thomas Brodie-Sangster, Giancarlo Esposito, Ki Hong Lee",United States of America,2015-09-09,2015,6.7,"Science Fiction, Action, Thriller, Adventure",en,69.882,10474,6.7,61000000,312296056,5.12
207703,Movie,Kingsman: The Secret Service,Matthew Vaughn,"Taron Egerton, Colin Firth, Samuel L. Jackson, Mark Strong, Sophie Cookson","United Kingdom, United States of America",2015-01-24,2015,7.6,"Crime, Comedy, Action, Adventure",en,68.446,16942,7.6,81000000,414351546,5.12
257344,Movie,Pixels,Chris Columbus,"Adam Sandler, Kevin James, Michelle Monaghan, Peter Dinklage, Josh Gad","China, France, India, United States of America",2015-07-16,2015,5.7,"Action, Comedy, Science Fiction",en,67.677,7602,5.7,88000000,244900000,2.78
177677,Movie,Mission: Impossible - Rogue Nation,Christopher McQuarrie,"Tom Cruise, Jeremy Renner, Simon Pegg, Rebecca Ferguson, Ving Rhames",United States of America,2015-07-23,2015,7.207,"Action, Adventure",en,67.452,8945,7.207,150000000,682716636,4.55
262500,Movie,Insurgent,Robert Schwentke,"Shailene Woodley, Theo James, Miles Teller, Kate Winslet, Ansel Elgort","Canada, United States of America",2015-03-18,2015,6.363,"Action, Science Fiction, Thriller",en,66.969,10058,6.363,110000000,297002527,2.7
198184,Movie,Chappie,Neill Blomkamp,"Sharlto Copley, Dev Patel, Hugh Jackman, Ninja, Yo-Landi Visser",United States of America,2015-03-04,2015,6.786,"Crime, Action, Science Fiction",en,66.133,7986,6.786,49000000,104399548,2.13
105864,Movie,The Good Dinosaur,Peter Sohn,"Frances McDormand, Raymond Ochoa, Jeffrey Wright, Steve Zahn, Sam Elliott",United States of America,2015-11-14,2015,6.7,"Adventure, Animation, Family",en,61.979,5599,6.7,175000000,332207671,1.9
293863,Movie,The Age of Adaline,Lee Toland Krieger,"Blake Lively, Michiel Huisman, Harrison Ford, Ellen Burstyn, Kathy Baker",United States of America,2015-04-16,2015,7.481,"Romance, Fantasy, Drama",en,61.068,6720,7.481,25000000,65663276,2.63
312221,Movie,Creed,Ryan Coogler,"Michael B. Jordan, Sylvester Stallone, Tessa Thompson, Phylicia Rashād, Andre Ward",United States of America,2015-11-25,2015,7.408,"Action, Drama",en,60.628,7508,7.408,37000000,173600000,4.69
131634,Movie,The Hunger Games: Mockingjay - Part 2,Francis Lawrence,"Jennifer Lawrence, Josh Hutcherson, Liam Hemsworth, Woody Harrelson, Elizabeth Banks","Germany, United States of America",2015-11-18,2015,6.897,"Action, Adventure, Science Fiction",en,57.522,12639,6.897,160000000,653428261,4.08
286217,Movie,The Martian,Ridley Scott,"Matt Damon, Jessica Chastain, Kristen Wiig, Jeff Daniels, Michael Peña",United States of America,2015-09-30,2015,7.688,"Drama, Adventure, Science Fiction",en,56.575,19995,7.688,108000000,631058917,5.84
158852,Movie,Tomorrowland,Brad Bird,"Britt Robertson, George Clooney, Raffey Cassidy, Hugh Laurie, Tim McGraw",United States of America,2015-05-19,2015,6.278,"Adventure, Family, Mystery, Science Fiction",en,55.538,7018,6.278,190000000,209200000,1.1
270303,Movie,It Follows,David Robert Mitchell,"Maika Monroe, Keir Gilchrist, Daniel Zovatto, Jake Weary, Olivia Luccardi",United States of America,2015-02-04,2015,6.6,"Horror, Mystery",en,55.031,6451,6.6,2300000,23374076,10.16
206647,Movie,Spectre,Sam Mendes,"Daniel Craig, Christoph Waltz, Léa Seydoux, Ralph Fiennes, Monica Bellucci","United Kingdom, United States of America",2015-10-26,2015,6.555,"Action, Adventure, Thriller",en,53.678,10616,6.555,245000000,880707597,3.59
76757,Movie,Jupiter Ascending,"Lana Wachowski, Lilly Wachowski","Channing Tatum, Mila Kunis, Sean Bean, Eddie Redmayne, Douglas Booth",United States of America,2015-02-04,2015,5.5,"Science Fiction, Fantasy, Action",en,53.565,6789,5.5,176000000,184000000,1.05
102899,Movie,Ant-Man,Peyton Reed,"Paul Rudd, Michael Douglas, Evangeline Lilly, Corey Stoll, Bobby Cannavale",United States of America,2015-07-14,2015,7.1,"Science Fiction, Action, Adventure",en,53.537,19921,7.1,130000000,519311965,3.99
257211,Movie,The Intern,Nancy Meyers,"Robert De Niro, Anne Hathaway, Rene Russo, Anders Holm, JoJo Kushner",United States of America,2015-09-23,2015,7.22,Comedy,en,53.354,6783,7.22,35000000,194564672,5.56
159824,Movie,Hotel Transylvania 2,Genndy Tartakovsky,"Adam Sandler, Andy Samberg, Selena Gomez, Kevin James, Steve Buscemi",United States of America,2015-09-21,2015,6.8,"Animation, Comedy, Family, Fantasy",en,51.866,5814,6.8,80000000,473200000,5.92
263472,Movie,Knock Knock,Eli Roth,"Keanu Reeves, Lorenza Izzo, Ana de Armas, Aaron Burns, Colleen Camp","Chile, Germany, United States of America",2015-06-26,2015,5.385,"Horror, Thriller, Crime",en,46.24,3250,5.385,10000000,6341684,0.63
264660,Movie,Ex Machina,Alex Garland,"Domhnall Gleeson, Alicia Vikander, Oscar Isaac, Sonoya Mizuno, Corey Johnson","United Kingdom, United States of America",2015-01-21,2015,7.6,"Drama, Science Fiction",en,44.885,13407,7.6,15000000,36869414,2.46
228165,Movie,The SpongeBob Movie: Sponge Out of Water,"Paul Tibbitt, Mike Mitchell","Tom Kenny, Bill Fagerbakke, Rodger Bumpass, Clancy Brown, Mr. Lawrence","Australia, United States of America",2015-01-28,2015,6.1,"Family, Adventure, Comedy, Fantasy, Animation",en,42.972,2374,6.1,74000000,311594032,4.21
228161,Movie,Home,Tim Johnson,"Jim Parsons, Rihanna, Steve Martin, Jennifer Lopez, Matt Jones",United States of America,2015-03-18,2015,6.8,"Fantasy, Comedy, Animation, Science Fiction, Family",en,42.707,3990,6.8,135000000,368871007,2.73
243688,Movie,Poltergeist,Gil Kenan,"Sam Rockwell, Rosemarie DeWitt, Saxon Sharbino, Kyle Catlett, Kennedi Clements",United States of America,2015-05-20,2015,5.2,Horror,en,42.542,2286,5.2,35000000,95437994,2.73
298312,Movie,The Visit,M. Night Shyamalan,"Olivia DeJonge, Ed Oxenbould, Deanna Dunagan, Peter McRobbie, Kathryn Hahn","Japan, United States of America",2015-09-10,2015,6.315,"Horror, Mystery",en,42.031,4795,6.315,5000000,98450062,19.69
265208,Movie,Wild Card,Simon West,"Jason Statham, Michael Angarano, Dominik Garcia, Milo Ventimiglia, Hope Davis",United States of America,2015-01-14,2015,5.7,"Thriller, Crime, Action",en,40.706,1797,5.7,30000000,6738764,0.22
227719,Movie,Project Almanac,Dean Israelite,"Jonny Weston, Sofia Black-D'Elia, Sam Lerner, Allen Evangelista, Virginia Gardner",United States of America,2015-01-28,2015,6.8,"Science Fiction, Thriller",en,40.696,2642,6.8,12000000,33200000,2.77
254470,Movie,Pitch Perfect 2,Elizabeth Banks,"Anna Kendrick, Brittany Snow, Hailee Steinfeld, Rebel Wilson, Ester Dean",United States of America,2015-05-07,2015,6.9,"Comedy, Music",en,40.649,5309,6.9,29000000,287144079,9.9
273248,Movie,The Hateful Eight,Quentin Tarantino,"Samuel L. Jackson, Kurt Russell, Jennifer Jason Leigh, Walton Goggins, Demián Bichir",United States of America,2015-12-25,2015,7.8,"Drama, Mystery, Western",en,40.532,14368,7.8,44000000,155760117,3.54
274854,Movie,The Last Witch Hunter,Breck Eisner,"Vin Diesel, Rose Leslie, Elijah Wood, Ólafur Darri Ólafsson, Rena Owen","Canada, Hong Kong, United States of America",2015-10-21,2015,5.977,"Fantasy, Action, Adventure, Horror",en,39.653,3631,5.977,90000000,146936910,1.63
166424,Movie,Fantastic Four,Josh Trank,"Miles Teller, Michael B. Jordan, Kate Mara, Jamie Bell, Toby Kebbell","United Kingdom, Germany, United States of America",2015-08-05,2015,4.4,"Action, Adventure, Science Fiction",en,39.063,6039,4.4,120000000,167977596,1.4
318846,Movie,The Big Short,Adam McKay,"Steve Carell, Christian Bale, John Magaro, Ryan Gosling, Finn Wittrock",United States of America,2015-12-11,2015,7.4,"Comedy, Drama",en,38.272,9126,7.4,28000000,133346506,4.76
307081,Movie,Southpaw,Antoine Fuqua,"Jake Gyllenhaal, Rachel McAdams, Forest Whitaker, Oona Laurence, 50 Cent",United States of America,2015-03-24,2015,7.4,"Action, Drama",en,37.955,5493,7.4,30000000,91709827,3.06
296099,Movie,Vacation,"John Francis Daley, Jonathan Goldstein","Ed Helms, Christina Applegate, Skyler Gisondo, Steele Stebbins, Chris Hemsworth",United States of America,2015-07-28,2015,6.3,Comedy,en,37.617,3738,6.3,31000000,104400000,3.37
205775,Movie,In the Heart of the Sea,Ron Howard,"Chris Hemsworth, Benjamin Walker, Cillian Murphy, Brendan Gleeson, Ben Whishaw","Spain, United States of America",2015-12-03,2015,6.76,"Thriller, Drama, Adventure, Action, History",en,37.035,4132,6.76,100000000,93900000,0.94
266294,Movie,Sisters,Jason Moore,"Amy Poehler, Tina Fey, Maya Rudolph, Dianne Wiest, John Leguizamo",United States of America,2015-12-18,2015,6.0,Comedy,en,35.915,1384,6.0,30000000,105000000,3.5
249070,Movie,Hitman: Agent 47,Aleksander Bach,"Rupert Friend, Zachary Quinto, Hannah Ware, Emilio Rivera, Rolf Kanies","United Kingdom, United States of America",2015-08-20,2015,5.9,"Action, Crime, Thriller",en,35.782,3085,5.9,35000000,81967450,2.34
238713,Movie,Spy,Paul Feig,"Melissa McCarthy, Rose Byrne, Jason Statham, Jude Law, Miranda Hart",United States of America,2015-05-06,2015,6.83,"Action, Comedy, Crime",en,35.276,6057,6.83,65000000,235666219,3.63
227973,Movie,The Peanuts Movie,Steve Martino,"Noah Schnapp, Bill Melendez, Marleik 'Mar Mar' Walker, Alex Garfin, Hadley Belle Miller",United States of America,2015-11-05,2015,6.9,"Comedy, Animation, Family",en,35.014,1665,6.9,99000000,246233113,2.49
276907,Movie,Legend,Brian Helgeland,"Tom Hardy, Emily Browning, Christopher Eccleston, David Thewlis, Taron Egerton","France, United Kingdom, United States of America",2015-09-09,2015,7.1,"Crime, Thriller",en,34.299,3925,7.1,25000000,42972994,1.72
277216,Movie,Straight Outta Compton,F. Gary Gray,"O'Shea Jackson Jr., Corey Hawkins, Jason Mitchell, Neil Brown Jr., Aldis Hodge","United Kingdom, United States of America",2015-08-11,2015,7.8,"Drama, Music, History",en,33.144,3929,7.8,28000000,201634991,7.2
338676,Movie,Extinction,Miguel Ángel Vivas,"Matthew Fox, Jeffrey Donovan, Quinn McColgan, Valeria Vereau, Clara Lago","France, Hungary, Spain, United States of America",2015-08-07,2015,6.227,"Action, Adventure, Drama, Horror, Science Fiction, Thriller",en,33.104,689,6.227,7000000,2350695,0.34
254320,Movie,The Lobster,Yorgos Lanthimos,"Colin Farrell, Rachel Weisz, Olivia Colman, Léa Seydoux, Michael Smiley","France, Greece, Ireland, Netherlands, United Kingdom",2015-10-15,2015,7.044,"Comedy, Drama, Romance",en,33.073,6331,7.044,4000000,15700000,3.92
203801,Movie,The Man from U.N.C.L.E.,Guy Ritchie,"Henry Cavill, Armie Hammer, Alicia Vikander, Elizabeth Debicki, Luca Calvani",United States of America,2015-08-13,2015,7.1,"Comedy, Action, Adventure",en,32.897,6403,7.1,75000000,108100000,1.44
258509,Movie,Alvin and the Chipmunks: The Road Chip,Walt Becker,"Jason Lee, Justin Long, Matthew Gray Gubler, Jesse McCartney, Kimberly Williams-Paisley",United States of America,2015-12-17,2015,6.0,"Family, Adventure, Comedy, Music, Animation",en,32.779,1649,6.0,90000000,233755553,2.6
211672,Movie,Minions,"Kyle Balda, Pierre Coffin","Sandra Bullock, Jon Hamm, Michael Keaton, Allison Janney, Steve Coogan",United States of America,2015-06-17,2015,6.41,"Family, Animation, Adventure, Comedy",en,32.75,10640,6.41,74000000,1159457503,15.67
257088,Movie,Point Break,Ericson Core,"Edgar Ramírez, Luke Bracey, Teresa Palmer, Ray Winstone, Max Thieriot","Germany, United States of America",2015-12-03,2015,6.0,"Action, Adventure, Crime, Thriller",en,32.658,2307,6.0,105000000,133782481,1.27
252838,Movie,The Wedding Ringer,Jeremy Garelick,"Kevin Hart, Josh Gad, Kaley Cuoco, Affion Crockett, Olivia Thirlby",United States of America,2015-01-16,2015,6.5,Comedy,en,31.91,1589,6.5,23000000,79799880,3.47
228205,Movie,The Longest Ride,George Tillman Jr.,"Britt Robertson, Scott Eastwood, Alan Alda, Jack Huston, Oona Chaplin",United States of America,2015-04-09,2015,7.6,"Drama, Romance",en,31.901,3173,7.6,34000000,63013281,1.85
241554,Movie,Run All Night,Jaume Collet-Serra,"Liam Neeson, Joel Kinnaman, Ed Harris, Vincent D'Onofrio, Bruce McGill",United States of America,2015-03-11,2015,6.4,"Action, Crime, Thriller",en,31.822,2809,6.4,50000000,71561644,1.43
309809,Movie,The Little Prince,Mark Osborne,"Riley Osborne, Mackenzie Foy, Jeff Bridges, Rachel McAdams, Marion Cotillard","France, Italy, Canada",2015-07-29,2015,7.61,"Adventure, Animation, Fantasy, Family",en,31.145,2802,7.61,64000000,97571250,1.52
257445,Movie,Goosebumps,Rob Letterman,"Jack Black, Dylan Minnette, Odeya Rush, Amy Ryan, Ryan Lee",United States of America,2015-08-05,2015,6.3,"Adventure, Horror, Comedy",en,31.113,3796,6.3,58000000,158261424,2.73
201088,Movie,Blackhat,Michael Mann,"Chris Hemsworth, Tang Wei, Leehom Wang, Viola Davis, Holt McCallany",United States of America,2015-01-13,2015,5.5,"Crime, Thriller, Action",en,31.062,2048,5.5,70000000,17752940,0.25
181283,Movie,Child 44,Daniel Espinosa,"Tom Hardy, Gary Oldman, Noomi Rapace, Fares Fares, Joel Kinnaman",United States of America,2015-03-15,2015,6.3,"Crime, Thriller",en,30.994,1672,6.3,50000000,12951093,0.26
253412,Movie,Everest,Baltasar Kormákur,"Jason Clarke, Josh Brolin, Jake Gyllenhaal, Elizabeth Debicki, Keira Knightley","Iceland, United Kingdom, United States of America",2015-09-10,2015,6.8,"Adventure, Drama, History",en,30.573,4921,6.8,55000000,203427584,3.7
256040,Movie,Bāhubali: The Beginning,S. S. Rajamouli,"Prabhas, Rana Daggubati, Tamannaah Bhatia, Anushka Shetty, Ramya Krishnan",India,2015-07-10,2015,7.523,"Action, Adventure, Fantasy, Drama",te,30.553,824,7.523,25130430,90747520,3.61
258480,Movie,Carol,Todd Haynes,"Cate Blanchett, Rooney Mara, Kyle Chandler, Jake Lacy, Sarah Paulson","United Kingdom, United States of America",2015-11-20,2015,7.5,"Romance, Drama",en,30.549,3737,7.5,11800000,40272135,3.41
201085,Movie,Crimson Peak,Guillermo del Toro,"Mia Wasikowska, Jessica Chastain, Tom Hiddleston, Charlie Hunnam, Jim Beaver",United States of America,2015-10-13,2015,6.7,"Horror, Romance, Mystery, Thriller",en,29.596,4970,6.7,55000000,74700000,1.36
280092,Movie,Insidious: Chapter 3,Leigh Whannell,"Stefanie Scott, Lin Shaye, Dermot Mulroney, Leigh Whannell, Angus Sampson","Canada, United States of America",2015-05-28,2015,6.3,"Horror, Thriller",en,29.429,3382,6.3,10000000,120453155,12.05
238615,Movie,Self/less,Tarsem Singh,"Ryan Reynolds, Ben Kingsley, Natalie Martinez, Matthew Goode, Michelle Dockery",United States of America,2015-07-10,2015,6.417,"Science Fiction, Mystery, Thriller, Action",en,29.089,3119,6.417,26000000,31807156,1.22
241251,Movie,The Boy Next Door,Rob Cohen,"Jennifer Lopez, Ryan Guzman, Ian Nelson, John Corbett, Kristin Chenoweth",United States of America,2015-01-23,2015,4.893,Thriller,en,27.829,2038,4.893,4000000,52425855,13.11
287948,Movie,The Transporter Refueled,Camille Delamarre,"Ed Skrein, Ray Stevenson, Loan Chabanol, Gabriella Wright, Tatiana Pajković","Belgium, China, France",2015-09-02,2015,5.5,"Action, Thriller, Crime",en,27.786,1498,5.5,25000000,72629670,2.91
274167,Movie,Daddy's Home,Sean Anders,"Will Ferrell, Mark Wahlberg, Linda Cardellini, Thomas Haden Church, Scarlett Estevez",United States of America,2015-12-25,2015,6.3,Comedy,en,27.36,3228,6.3,50000000,242786137,4.86
346646,Movie,Veteran,Ryoo Seung-wan,"Hwang Jung-min, Yoo Ah-in, Yoo Hai-jin, Oh Dal-su, Jang Yoon-ju",South Korea,2015-08-05,2015,6.907,"Action, Crime",ko,27.16,216,6.907,7528230,87970000,11.69
271718,Movie,Trainwreck,Judd Apatow,"Amy Schumer, Bill Hader, Brie Larson, LeBron James, Colin Quinn",United States of America,2015-07-17,2015,5.804,"Comedy, Romance",en,27.086,2589,5.804,35000000,140795793,4.02
314365,Movie,Spotlight,Tom McCarthy,"Mark Ruffalo, Michael Keaton, Rachel McAdams, Liev Schreiber, John Slattery",United States of America,2015-11-06,2015,7.815,"Drama, History",en,26.83,8292,7.815,20000000,98690254,4.93
296098,Movie,Bridge of Spies,Steven Spielberg,"Tom Hanks, Mark Rylance, Amy Ryan, Alan Alda, Sebastian Koch","India, United States of America, Germany",2015-10-15,2015,7.235,"Thriller, Drama",en,26.514,6870,7.235,40000000,165478348,4.14
261023,Movie,Black Mass,Scott Cooper,"Johnny Depp, Joel Edgerton, Julianne Nicholson, Dakota Johnson, Kevin Bacon","United Kingdom, United States of America",2015-09-17,2015,6.5,"Drama, Crime, History",en,26.246,3376,6.5,53000000,99975678,1.89
294963,Movie,Bone Tomahawk,S. Craig Zahler,"Kurt Russell, Patrick Wilson, Richard Jenkins, Matthew Fox, Lili Simmons","France, United States of America",2015-10-23,2015,6.865,"Western, Horror, Drama",en,25.993,2271,6.865,1800000,475846,0.26
188222,Movie,Entourage,Doug Ellin,"Kevin Connolly, Adrian Grenier, Kevin Dillon, Jerry Ferrara, Jeremy Piven",United States of America,2015-06-03,2015,6.233,"Comedy, Drama",en,25.799,1021,6.233,30000000,49263404,1.64
256961,Movie,Paul Blart: Mall Cop 2,Andy Fickman,"Kevin James, Raini Rodriguez, Neal McDonough, Daniella Alonso, Eduardo Verástegui",United States of America,2015-04-16,2015,5.165,"Action, Comedy, Family",en,25.624,1578,5.165,38000000,107597242,2.83
256591,Movie,Focus,"Glenn Ficarra, John Requa","Will Smith, Margot Robbie, Rodrigo Santoro, Gerald McRaney, Adrian Martinez",United States of America,2015-02-25,2015,6.874,"Romance, Comedy, Crime",en,25.515,7891,6.874,50100000,153962963,3.07
323272,Movie,War Room,Alex Kendrick,"Karen Abercrombie, Priscilla C. Shirer, T.C. Stallings, Tenae Downing, Alena Pitts",United States of America,2015-08-28,2015,7.8,Drama,en,25.223,535,7.8,3000000,73267874,24.42
292431,Movie,Love,Gaspar Noé,"Karl Glusman, Aomi Muyock, Klara Kristin, Ugo Fox, Juan Saavedra","Belgium, France",2015-05-25,2015,6.4,"Drama, Romance",fr,25.165,2498,6.4,3000000,249083,0.08
192141,Movie,No Escape,John Erick Dowdle,"Owen Wilson, Lake Bell, Pierce Brosnan, Sterling Jerins, Claire Geare","Thailand, United States of America",2015-08-26,2015,6.9,"Thriller, Action",en,24.989,2551,6.9,5000000,54400000,10.88
268920,Movie,Hot Pursuit,Anne Fletcher,"Reese Witherspoon, Sofía Vergara, Michael Mosley, Matthew Del Negro, John Carroll Lynch",United States of America,2015-05-08,2015,5.7,"Action, Comedy",en,24.775,1619,5.7,35000000,51680201,1.48
287903,Movie,Krampus,Michael Dougherty,"Emjay Anthony, Adam Scott, Toni Collette, Allison Tolman, David Koechner",United States of America,2015-11-26,2015,6.197,"Horror, Comedy, Fantasy",en,24.658,2235,6.197,15000000,61800000,4.12
306819,Movie,The Danish Girl,Tom Hooper,"Eddie Redmayne, Alicia Vikander, Matthias Schoenaerts, Ben Whishaw, Sebastian Koch","Belgium, United Kingdom, United States of America",2015-11-27,2015,7.571,Drama,en,24.542,5771,7.571,15000000,64200000,4.28
295964,Movie,Burnt,John Wells,"Bradley Cooper, Sienna Miller, Omar Sy, Daniel Brühl, Riccardo Scamarcio",United States of America,2015-10-02,2015,6.5,Drama,en,24.423,3388,6.5,20000000,36606743,1.83
157544,Movie,The Vatican Tapes,Mark Neveldine,"Olivia Taylor Dudley, Michael Peña, Peter Andersson, Djimon Hounsou, Kathleen Robertson",United States of America,2015-07-23,2015,5.3,"Thriller, Horror",en,24.385,755,5.3,13000000,1784763,0.14
283445,Movie,Sinister 2,Ciarán Foy,"James Ransone, Shannyn Sossamon, Robert Daniel Sloan, Dartanian Sloan, Lea Coco","Canada, United States of America",2015-08-19,2015,5.9,Horror,en,23.842,2149,5.9,10000000,53329150,5.33
351694,Movie,Monkey King: Hero Is Back,Xiaopeng Tian,"Zhang Lei, Lin Zijie, Tong Zirong, Beichen Liu, Zhou Shuai",China,2015-07-10,2015,6.9,"Fantasy, Animation, Comedy",zh,23.599,268,6.9,10000000,153000000,15.3
167073,Movie,Brooklyn,John Crowley,"Saoirse Ronan, Domhnall Gleeson, Emory Cohen, Jim Broadbent, Julie Walters","Canada, Ireland, United Kingdom, United States of America",2015-10-20,2015,7.3,"Romance, Drama, History",en,23.491,3099,7.3,11000000,62076141,5.64
210860,Movie,Mortdecai,David Koepp,"Johnny Depp, Gwyneth Paltrow, Ewan McGregor, Paul Bettany, Jonny Pasvolsky",United States of America,2015-01-21,2015,5.512,"Comedy, Adventure",en,22.594,2656,5.512,60000000,47318560,0.79
285783,Movie,The Walk,Robert Zemeckis,"Joseph Gordon-Levitt, Ben Kingsley, Charlotte Le Bon, James Badge Dale, Clément Sibony",United States of America,2015-09-30,2015,6.991,"History, Drama",en,22.334,3201,6.991,35000000,61181942,1.75
257091,Movie,Get Hard,Etan Cohen,"Will Ferrell, Kevin Hart, Alison Brie, Craig T. Nelson, T.I.",United States of America,2015-03-26,2015,6.0,Comedy,en,21.964,2726,6.0,40000000,111800000,2.8
301351,Movie,We Are Your Friends,Max Joseph,"Zac Efron, Wes Bentley, Emily Ratajkowski, Jonny Weston, Shiloh Fernandez","France, United Kingdom",2015-08-26,2015,6.775,"Drama, Music, Romance, Comedy",en,21.852,2346,6.775,6000000,11100000,1.85
264999,Movie,Magic Mike XXL,Gregory Jacobs,"Channing Tatum, Matt Bomer, Joe Manganiello, Kevin Nash, Adam Rodriguez",United States of America,2015-07-01,2015,6.2,"Comedy, Drama",en,21.818,1784,6.2,14800000,117800000,7.96
146301,Movie,Paranormal Activity: The Ghost Dimension,Gregory Plotkin,"Chris J. Murray, Brit Shaw, Ivy George, Dan Gill, Olivia Taylor Dudley",United States of America,2015-10-21,2015,5.3,"Horror, Thriller",en,21.619,1382,5.3,10000000,78903124,7.89
264644,Movie,Room,Lenny Abrahamson,"Brie Larson, Jacob Tremblay, Joan Allen, Sean Bridgers, Tom McCamus","Canada, Ireland, United Kingdom, United States of America",2015-10-16,2015,8.0,"Drama, Thriller",en,21.608,9260,8.0,13000000,35401758,2.72
250734,Movie,Far from the Madding Crowd,Thomas Vinterberg,"Carey Mulligan, Matthias Schoenaerts, Michael Sheen, Tom Sturridge, Juno Temple",United Kingdom,2015-04-23,2015,7.034,"Drama, Romance",en,21.171,1037,7.034,14500000,30300000,2.09
272878,Movie,Max,Boaz Yakin,"Thomas Haden Church, Josh Wiggins, Lauren Graham, Robbie Amell, Mia Xitlali",United States of America,2015-06-26,2015,7.2,"Adventure, Drama, Family",en,21.027,833,7.2,20000000,43956255,2.2
336882,Movie,The Wave,Roar Uthaug,"Kristoffer Joner, Ane Dahl Torp, Jonas Hoff Oftebro, Edith Haagenrud-Sande, Fridtjov Såheim",Norway,2015-08-28,2015,6.7,"Action, Thriller, Drama",no,21.023,1299,6.7,5904067,12975143,2.2
264419,Movie,Huevos: Little Rooster's Egg-Cellent Adventure,"Gabriel Riva Palacio Alatriste, Rodolfo Riva Palacio Alatriste","Bruno Bichir, Maite Perroni, Carlos Espejel, Angélica Vale, Omar Chaparro",Mexico,2015-09-04,2015,6.9,"Animation, Adventure, Comedy, Family",es,20.682,212,6.9,5300000,26072723,4.92
323661,Movie,Mune: Guardian of the Moon,"Benoît Philippon, Alexandre Heboyan","Michaël Grégorio, Omar Sy, Izïa Higelin, Féodor Atkine, Éric Herson-Macarel","France, Canada",2015-02-05,2015,7.2,"Animation, Family, Adventure, Fantasy",fr,20.574,545,7.2,17000000,15730665,0.93
346808,Movie,Momentum,Stephen S. Campanelli,"Olga Kurylenko, Morgan Freeman, James Purefoy, Jenna Saras, Lee-Anne Summers","South Africa, United States of America",2015-10-15,2015,5.7,"Action, Crime, Thriller",en,20.357,543,5.7,20000000,133332,0.01
298382,Movie,The Dressmaker,Jocelyn Moorhouse,"Kate Winslet, Liam Hemsworth, Caroline Goodall, Judy Davis, Hayley Magnus","Australia, United Kingdom",2015-10-29,2015,7.0,"Drama, Comedy, Western",en,20.13,1652,7.0,11930000,25003426,2.1
274479,Movie,Joy,David O. Russell,"Jennifer Lawrence, Robert De Niro, Bradley Cooper, Edgar Ramírez, Diane Ladd",United States of America,2015-12-24,2015,6.544,"Drama, Comedy",en,20.053,4119,6.544,60000000,101134059,1.69
336004,Movie,Heist,Scott Mann,"Jeffrey Dean Morgan, Robert De Niro, Kate Bosworth, Dave Bautista, Gina Carano",United States of America,2015-11-13,2015,6.1,"Action, Crime, Thriller",en,19.807,930,6.1,8900000,4100000,0.46
241257,Movie,Regression,Alejandro Amenábar,"Ethan Hawke, Emma Watson, David Thewlis, Lothaire Bluteau, Dale Dickey","Canada, Spain, United States of America",2015-10-01,2015,5.6,"Horror, Mystery, Thriller",en,19.762,1797,5.6,20000000,17671101,0.88
328425,Movie,The Gift,Joel Edgerton,"Jason Bateman, Rebecca Hall, Joel Edgerton, Allison Tolman, Tim Griffin","Australia, United States of America",2015-07-31,2015,6.689,"Thriller, Mystery, Drama",en,19.691,3238,6.689,5000000,58978653,11.8
325348,Movie,Hardcore Henry,Ilya Naishuller,"Andrey Dementyev, Sharlto Copley, Danila Kozlovsky, Haley Bennett, Tim Roth","Russia, United States of America, China",2015-09-12,2015,6.392,"Action, Adventure, Science Fiction",en,19.439,2445,6.392,2000000,16810562,8.41
318781,Movie,Colonia,Florian Gallenberger,"Emma Watson, Daniel Brühl, Michael Nyqvist, Richenda Carey, Vicky Krieps","Germany, France, Luxembourg, United Kingdom",2015-06-24,2015,7.3,"Drama, History",en,19.043,1900,7.3,14000000,3621046,0.26
263109,Movie,Shaun the Sheep Movie,"Mark Burton, Richard Starzak","Justin Fletcher, John Sparkes, Omid Djalili, Rich Webber, Kate Harbour","France, United Kingdom",2015-02-05,2015,6.963,"Family, Animation, Comedy, Adventure",en,19.001,1401,6.963,25000000,106209378,4.25
370964,Movie,I Am Dragon,Indar Dzhendubaev,"Mariya Poezzhaeva, Matvey Lykov, Stanislav Lyubshin, Pyotr Romanov, Andrey Lebedinsky",Russia,2015-12-03,2015,7.2,"Fantasy, Romance",ru,18.886,378,7.2,18000000,10495305,0.58
272693,Movie,The DUFF,Ari Sandel,"Mae Whitman, Robbie Amell, Bella Thorne, Skyler Samuels, Bianca A. Santos",United States of America,2015-02-20,2015,6.8,"Romance, Comedy",en,18.492,4377,6.8,8500000,43528634,5.12
287424,Movie,Maggie,Henry Hobson,"Arnold Schwarzenegger, Abigail Breslin, Joely Richardson, Douglas M. Griffin, J.D. Evermore","Switzerland, United Kingdom, United States of America",2015-05-08,2015,5.4,"Horror, Drama",en,18.253,1590,5.4,4000000,187112,0.05
300168,Movie,Dragon Blade,Daniel Lee,"Jackie Chan, John Cusack, Adrien Brody, Sharni Vinson, Kevin Lee","Hong Kong, China",2015-02-19,2015,6.401,"Adventure, History, Action, Fantasy",zh,18.219,577,6.401,65000000,121545703,1.87
290764,Movie,Tracers,Daniel Benmayor,"Taylor Lautner, Marie Avgeropoulos, Adam Rayner, Rafi Gavron, Sam Medina",United States of America,2015-01-15,2015,6.0,Action,en,17.957,1076,6.0,11000000,593683,0.05
302429,Movie,Strange Magic,Gary Rydstrom,"Alan Cumming, Evan Rachel Wood, Elijah Kelley, Meredith Anne Bull, Sam Palladio",United States of America,2015-01-23,2015,7.091,"Music, Animation, Family, Fantasy",en,17.895,502,7.091,100000000,13603453,0.14
333352,Movie,Eye in the Sky,Gavin Hood,"Helen Mirren, Aaron Paul, Alan Rickman, Barkhad Abdi, Jeremy Northam",United Kingdom,2015-09-07,2015,7.0,"Drama, Thriller, War",en,17.793,1587,7.0,13000000,18704595,1.44
344268,Movie,The New Adventures of Aladdin,Arthur Benzaquen,"Kev Adams, Eric Judor, Jean-Paul Rouve, Vanessa Guide, Michel Blanc","Belgium, France",2015-10-14,2015,4.724,"Comedy, Fantasy, Adventure",fr,17.766,871,4.724,17800000,35800000,2.01
225728,Movie,Macbeth,Justin Kurzel,"Michael Fassbender, Marion Cotillard, Paddy Considine, Sean Harris, Jack Reynor","France, United Kingdom",2015-09-22,2015,6.5,"Drama, War",en,17.726,1455,6.5,15000000,16322067,1.09
318917,Movie,Look Who's Back,David Wnendt,"Oliver Masucci, Fabian Busch, Katja Riemann, Christoph Maria Herbst, Franziska Wulf",Germany,2015-10-08,2015,6.8,Comedy,de,17.724,1802,6.8,3196621,25513752,7.98
299824,Movie,Mojin: The Lost Legend,Wuershan,"Chen Kun, Huang Bo, Shu Qi, AngelaBaby, Yu Xia",China,2015-12-18,2015,6.2,"Action, Adventure, Fantasy",zh,17.683,234,6.2,37000000,278300000,7.52
326215,Movie,Ooops! Noah Is Gone...,Toby Genkel,"Callum Maloney, Dermot Magennis, Ava Connolly, Tara Flynn, Paul Tylak","Belgium, Germany, Ireland, Luxembourg",2015-03-26,2015,6.4,"Animation, Adventure, Comedy, Family",en,17.576,320,6.4,6000000,22783699,3.8
293646,Movie,The 33,Patricia Riggen,"Antonio Banderas, Rodrigo Santoro, Kate del Castillo, Juliette Binoche, James Brolin","Chile, Colombia, Spain, United States of America",2015-08-06,2015,6.4,"Drama, History",en,17.514,930,6.4,25000000,24900000,1.0
222936,Movie,Aloha,Cameron Crowe,"Bradley Cooper, Emma Stone, Rachel McAdams, Bill Murray, John Krasinski",United States of America,2015-05-29,2015,5.512,"Drama, Comedy, Romance",en,16.898,2050,5.512,37000000,26250020,0.71
266647,Movie,Pan,Joe Wright,"Hugh Jackman, Levi Miller, Garrett Hedlund, Rooney Mara, Adeel Akhtar","India, United Kingdom, United States of America",2015-09-24,2015,6.0,"Fantasy, Adventure, Family, Action",en,16.804,2733,6.0,150000000,128388320,0.86
296100,Movie,The Night Before,Jonathan Levine,"Joseph Gordon-Levitt, Seth Rogen, Anthony Mackie, Lizzy Caplan, Jillian Bell",United States of America,2015-11-20,2015,6.1,"Comedy, Adventure, Fantasy",en,16.569,1707,6.1,25000000,52395996,2.1
308504,Movie,Last Knights,Kazuaki Kiriya,"Clive Owen, Morgan Freeman, Aksel Hennie, Shohreh Aghdashloo, James Babson","Czech Republic, Japan, South Korea, United States of America",2015-04-03,2015,6.4,"Action, Adventure",en,16.532,1085,6.4,40000000,3643591,0.09
373200,Movie,Detective Chinatown,Chen Sicheng,"Wang Baoqiang, Liu Haoran, Tong Liya, Chen He, Xiao Shenyang",China,2015-12-31,2015,6.8,"Comedy, Mystery, Action, Adventure",zh,16.444,120,6.8,15000000,125842935,8.39
182560,Movie,Dark Places,Gilles Paquet-Brenner,"Charlize Theron, Nicholas Hoult, Chloë Grace Moretz, Christina Hendricks, Tye Sheridan","France, United Kingdom, United States of America",2015-04-08,2015,5.9,"Thriller, Mystery, Drama, Crime",en,16.435,1286,5.9,20000000,5090852,0.25
321741,Movie,Concussion,Peter Landesman,"Will Smith, Alec Baldwin, Albert Brooks, Gugu Mbatha-Raw, David Morse",United States of America,2015-11-12,2015,7.1,Drama,en,16.312,2569,7.1,35000000,50400000,1.44
280391,Movie,Animal Kingdom: Let's Go Ape,Jamel Debbouze,"Jamel Debbouze, Arié Elmaleh, Mélissa Theuriau, Patrice Thibaud, Christian Hecq",France,2015-04-08,2015,5.2,"Adventure, Comedy, Animation",fr,16.198,353,5.2,37580800,16294916,0.43
310593,Movie,Youth,Paolo Sorrentino,"Michael Caine, Harvey Keitel, Rachel Weisz, Paul Dano, Jane Fonda","Italy, France, United Kingdom, Switzerland",2015-05-20,2015,6.9,"Comedy, Drama",it,16.111,2066,6.9,13360000,2000000,0.15
343795,Movie,90 Minutes in Heaven,Michael Polish,"Kate Bosworth, Hayden Christensen, Hudson Meek, Bobby Batson, Elizabeth Hunter",United States of America,2015-09-11,2015,5.9,Drama,en,16.03,159,5.9,5000000,4842699,0.97
286565,Movie,Paper Towns,Jake Schreier,"Nat Wolff, Cara Delevingne, Austin Abrams, Justice Smith, Halston Sage",United States of America,2015-06-18,2015,6.2,"Mystery, Drama, Romance",en,15.847,5066,6.2,12000000,85500000,7.12
365222,Movie,Ip Man 3,Wilson Yip,"Donnie Yen Chi-Tan, Max Zhang Jin, Lynn Hung Doi-Lam, Patrick Tam Yiu-Man, Mike Tyson","China, Hong Kong",2015-12-24,2015,7.02,"Action, Drama, History",cn,15.77,1768,7.02,36000000,157000000,4.36
314405,Movie,Tale of Tales,Matteo Garrone,"Salma Hayek Pinault, Vincent Cassel, Toby Jones, Shirley Henderson, Hayley Carmichael","United Kingdom, Italy, France",2015-05-14,2015,6.417,"Romance, Fantasy, Horror",it,15.684,1650,6.417,12000000,5500277,0.46
230179,Movie,Big Game,Jalmari Helander,"Samuel L. Jackson, Onni Tommila, Ray Stevenson, Victor Garber, Mehmet Kurtuluş","Finland, Germany, United Kingdom",2015-03-19,2015,5.5,"Action, Adventure, Thriller",en,15.674,1161,5.5,8500000,7500000,0.88
294016,Movie,Trumbo,Jay Roach,"Bryan Cranston, Diane Lane, Helen Mirren, Elle Fanning, Louis C.K.",United States of America,2015-10-27,2015,7.164,Drama,en,15.49,1586,7.164,15000000,8235661,0.55
157843,Movie,Queen of the Desert,Werner Herzog,"Nicole Kidman, James Franco, Damian Lewis, Jay Abdo, Robert Pattinson","Morocco, United States of America",2015-09-03,2015,5.9,"Drama, Adventure, History",en,15.475,279,5.9,15000000,1592853,0.11
321697,Movie,Steve Jobs,Danny Boyle,"Michael Fassbender, Kate Winslet, Seth Rogen, Jeff Daniels, Michael Stuhlbarg","United Kingdom, United States of America",2015-10-09,2015,6.8,"Drama, History",en,15.207,4155,6.8,30000000,34400000,1.15
309425,Movie,Do You Believe?,Jon Gunn,"Tracy Melchior, Mira Sorvino, Sean Astin, Alexa PenaVega, Cybill Shepherd",United States of America,2015-03-20,2015,6.5,Drama,en,15.159,136,6.5,2300000,14410698,6.27
245698,Movie,Pawn Sacrifice,Edward Zwick,"Tobey Maguire, Peter Sarsgaard, Liev Schreiber, Michael Stuhlbarg, Lily Rabe",United States of America,2015-09-16,2015,6.7,"Thriller, Drama",en,15.075,965,6.7,19000000,5600000,0.29
10317,Movie,Our Brand Is Crisis,David Gordon Green,"Sandra Bullock, Anthony Mackie, Billy Bob Thornton, Zoe Kazan, Scoot McNairy",United States of America,2015-09-11,2015,5.8,"Comedy, Drama",en,15.061,495,5.8,28000000,7002261,0.25
333348,Movie,Love the Coopers,Jessie Nelson,"Diane Keaton, John Goodman, Ed Helms, Amanda Seyfried, Alan Arkin",United States of America,2015-11-12,2015,6.0,"Comedy, Family, Drama",en,15.018,808,6.0,17000000,42426912,2.5
291270,Movie,Anomalisa,"Duke Johnson, Charlie Kaufman","David Thewlis, Jennifer Jason Leigh, Tom Noonan",United States of America,2015-12-30,2015,7.1,"Animation, Drama, Romance, Comedy",en,14.981,1708,7.1,8000000,5700000,0.71
250124,Movie,The Diary of a Teenage Girl,Marielle Heller,"Bel Powley, Kristen Wiig, Alexander Skarsgård, Christopher Meloni, Austin Lyon",United States of America,2015-08-07,2015,6.6,"Drama, Romance",en,14.938,738,6.6,2000000,1477002,0.74
308084,Movie,Tangerine,Sean Baker,"Kitana Kiki Rodriguez, Mya Taylor, Karren Karagulian, Mickey O'Hagan, Alla Tumanian",United States of America,2015-07-10,2015,6.9,"Comedy, Drama",en,14.912,706,6.9,100000,925000,9.25
280996,Movie,Mr. Holmes,Bill Condon,"Ian McKellen, Laura Linney, Milo Parker, Hiroyuki Sanada, Roger Allam","United Kingdom, United States of America",2015-06-19,2015,6.5,"Drama, Crime, Family, Mystery",en,14.641,1857,6.5,11000000,29355203,2.67
300602,Movie,Capture the Flag,Enrique Gato,"Carme Calvell, Michelle Jenner, Javier Balas, Dani Rovira, Camilo García",Spain,2015-08-28,2015,6.1,"Comedy, Animation, Adventure, Family",es,14.606,239,6.1,14000000,8306690,0.59
245168,Movie,Suffragette,Sarah Gavron,"Carey Mulligan, Helena Bonham Carter, Brendan Gleeson, Anne-Marie Duff, Meryl Streep","France, United Kingdom",2015-10-16,2015,7.234,"Drama, History",en,14.485,1620,7.234,14000000,16002420,1.14
256962,Movie,Little Boy,Alejandro Monteverde,"Jakob Salvati, Emily Watson, Cary-Hiroyuki Tagawa, Michael Rapaport, David Henrie","United States of America, Mexico",2015-04-23,2015,7.2,"Comedy, Drama, War",en,14.345,527,7.2,20000000,6500000,0.32
228066,Movie,Victor Frankenstein,Paul McGuigan,"James McAvoy, Daniel Radcliffe, Jessica Brown Findlay, Andrew Scott, Freddie Fox","United Kingdom, United States of America",2015-11-10,2015,5.9,"Drama, Science Fiction, Thriller",en,14.26,2147,5.9,40000000,34200000,0.86
283235,Movie,99 Homes,Ramin Bahrani,"Andrew Garfield, Michael Shannon, Laura Dern, Nicole Barré, J.D. Evermore",United States of America,2015-09-25,2015,6.8,Drama,en,14.14,758,6.8,8000000,1411927,0.18
304357,Movie,Woman in Gold,Simon Curtis,"Helen Mirren, Ryan Reynolds, Tatiana Maslany, Katie Holmes, Max Irons",United Kingdom,2015-03-20,2015,7.3,Drama,en,14.128,1383,7.3,11000000,61619773,5.6
243940,Movie,The Lazarus Effect,David Gelb,"Mark Duplass, Olivia Wilde, Donald Glover, Evan Peters, Sarah Bolger",United States of America,2015-01-29,2015,5.3,"Horror, Science Fiction, Thriller",en,14.069,1422,5.3,3300000,64110728,19.43
336050,Movie,Son of Saul,László Nemes,"Géza Röhrig, Levente Molnár, Urs Rechn, Todd Charmont, Jerzy Walczak","France, Hungary",2015-06-11,2015,7.144,"War, Drama, Thriller",hu,13.925,1079,7.144,1000000,1777043,1.78
271674,Movie,Suite Française,Saul Dibb,"Michelle Williams, Kristin Scott Thomas, Matthias Schoenaerts, Sam Riley, Ruth Wilson","Belgium, Canada, France",2015-03-12,2015,7.3,"Drama, Romance, War",en,13.835,1106,7.3,15000000,9104716,0.61
283587,Movie,Beasts of No Nation,Cary Joji Fukunaga,"Abraham Attah, Idris Elba, Emmanuel Nii Adom Quaye, Opeyemi Fagbohungbe, Emmanuel Affadzi","Brazil, United States of America",2015-09-11,2015,7.6,"Drama, War",en,13.771,1748,7.6,6000000,9077700,1.51
232572,Movie,A Walk in the Woods,Ken Kwapis,"Robert Redford, Nick Nolte, Emma Thompson, Nick Offerman, Kristen Schaal",United States of America,2015-09-02,2015,6.094,"Adventure, Comedy, Drama",en,13.669,709,6.094,8000000,37461274,4.68
336808,Movie,Embrace of the Serpent,Ciro Guerra,"Nilbio Torres, Antonio Bolívar, Jan Bijvoet, Brionne Davis, Yauenkü Miguee","Argentina, Colombia, Venezuela",2015-05-25,2015,7.7,"Drama, Adventure",es,13.418,462,7.7,1400000,1320005,0.94
261392,Movie,American Ultra,Nima Nourizadeh,"Jesse Eisenberg, Kristen Stewart, Topher Grace, Connie Britton, Walton Goggins","Switzerland, United States of America",2015-08-19,2015,6.088,"Action, Comedy",en,13.386,2783,6.088,28000000,27100000,0.97
300693,Movie,Truth,James Vanderbilt,"Cate Blanchett, Robert Redford, Dennis Quaid, Elisabeth Moss, Bruce Greenwood","United Kingdom, United States of America",2015-10-16,2015,6.549,Drama,en,13.33,493,6.549,9600000,5383097,0.56
337876,Movie,Gabbar Is Back,Radha Krishna Jagarlamudi,"Akshay Kumar, Shruti Haasan, Suman Talwar, Jaideep Ahlawat, Sunil Grover",India,2015-05-01,2015,6.9,"Drama, Action",hi,13.258,117,6.9,11000000,41000000,3.73
314385,Movie,By the Sea,Angelina Jolie,"Angelina Jolie, Brad Pitt, Mélanie Laurent, Melvil Poupaud, Niels Arestrup","United States of America, Malta",2015-11-12,2015,5.5,"Drama, Romance",en,13.227,595,5.5,10000000,3727746,0.37
335462,Movie,Wolf Warrior,Wu Jing,"Wu Jing, Scott Adkins, Yu Nan, Ni Dahong, Shi Zhaoqi",China,2015-04-02,2015,6.2,"Action, War, Thriller",zh,13.225,250,6.2,12000000,80000000,6.67
223485,Movie,Slow West,John Maclean,"Michael Fassbender, Kodi Smit-McPhee, Ben Mendelsohn, Caren Pistorius, Rory McCann","Australia, New Zealand, United Kingdom",2015-05-15,2015,6.697,"Western, Drama, Thriller",en,13.035,985,6.697,2000000,1617522,0.81
330764,Movie,The Brand New Testament,Jaco Van Dormael,"Pili Groyne, Benoît Poelvoorde, Yolande Moreau, Catherine Deneuve, François Damiens","Luxembourg, Belgium, France",2015-09-02,2015,6.662,"Comedy, Fantasy",fr,13.017,1654,6.662,8700000,15709652,1.81
252512,Movie,While We're Young,Noah Baumbach,"Ben Stiller, Naomi Watts, Adam Driver, Amanda Seyfried, Charles Grodin",United States of America,2015-04-03,2015,5.99,"Comedy, Drama",en,12.989,1119,5.99,10000000,17287309,1.73
239573,Movie,Unfinished Business,Ken Scott,"Vince Vaughn, Dave Franco, Sienna Miller, Tom Wilkinson, James Marsden","Germany, United States of America",2015-03-05,2015,5.5,Comedy,en,12.798,809,5.5,35000000,14431253,0.41
348537,Movie,Spanish Affair 2,Emilio Martínez Lázaro,"Clara Lago, Dani Rovira, Berto Romero, Karra Elejalde, Carmen Machi",Spain,2015-11-20,2015,5.5,"Comedy, Romance, Family",es,12.716,410,5.5,4500000,38482411,8.55
167810,Movie,Lost River,Ryan Gosling,"Christina Hendricks, Iain De Caestecker, Saoirse Ronan, Eva Mendes, Matt Smith",United States of America,2015-04-08,2015,5.745,"Drama, Fantasy, Thriller",en,12.588,607,5.745,2000000,45431,0.02
350650,Movie,Doraemon: Nobita and the Space Heroes,Yoshihiro Osugi,"Wasabi Mizuta, Megumi Oohara, Yumi Kakazu, Subaru Kimura, Tomokazu Seki",Japan,2015-03-07,2015,6.4,"Comedy, Animation, Family, Adventure, Science Fiction, Fantasy",ja,12.571,79,6.4,46597700,32700000,0.7
57876,Movie,Area 51,Oren Peli,"Frank Novak, Reid Warner, Darrin Bragg, Ben Rovner, Jelena Nik",United States of America,2015-05-15,2015,4.9,"Horror, Science Fiction, Mystery",en,12.529,593,4.9,5000000,7556,0.0
362045,Movie,Bajirao Mastani,Sanjay Leela Bhansali,"Ranveer Singh, Deepika Padukone, Priyanka Chopra Jonas, Tanvi Azmi, Vaibhav Tatwawadi",India,2015-12-18,2015,7.3,"History, Romance, Drama",hi,12.471,281,7.3,19500000,56000000,2.87
243938,Movie,Hot Tub Time Machine 2,Steve Pink,"Rob Corddry, Craig Robinson, Clark Duke, Bianca Haase, Chevy Chase",United States of America,2015-02-20,2015,5.2,Comedy,en,12.462,924,5.2,36000000,64800000,1.8
271714,Movie,Love & Mercy,Bill Pohlad,"Paul Dano, John Cusack, Elizabeth Banks, Paul Giamatti, Jake Abel",United States of America,2015-05-29,2015,7.088,"Drama, Music, History",en,12.376,680,7.088,10000000,28600000,2.86
248574,Movie,Barely Lethal,Kyle Newman,"Hailee Steinfeld, Sophie Turner, Jessica Alba, Samuel L. Jackson, Dove Cameron",United States of America,2015-04-23,2015,5.7,"Action, Comedy, Adventure, Romance",en,12.334,1059,5.7,15000000,933847,0.06
354072,Movie,Our Times,Frankie Chen,"Vivian Sung, Darren Wang, Dino Lee, Dewi Chien, Andy Lau Tak-Wah","China, Hong Kong, Taiwan",2015-08-13,2015,7.3,"Romance, Comedy",zh,12.295,158,7.3,2700000,82027760,30.38
357940,Movie,Mr. Six,Guan Hu,"Feng Xiaogang, Xu Qing, Zhang Hanyu, Kris Wu, Li Yifeng",China,2015-12-18,2015,6.8,"Crime, Action, Drama",zh,12.176,155,6.8,250000,139191345,556.77
333596,Movie,Woodlawn,"Jon Erwin, Andrew Erwin","C. Thomas Howell, Sean Astin, Jon Voight, Virginia Williams, Brando Eaton",United States of America,2015-10-15,2015,6.9,Drama,en,12.091,190,6.9,12000000,14394097,1.2
331836,Movie,Babysitting 2,"Nicolas Benamou, Philippe Lacheau","Philippe Lacheau, Alice David, Vincent Desagnat, Tarek Boudali, Christian Clavier",France,2015-12-02,2015,6.3,Comedy,fr,12.013,1349,6.3,9458736,24563629,2.6
304372,Movie,The Perfect Guy,David M. Rosenthal,"Sanaa Lathan, Michael Ealy, Morris Chestnut, Kathryn Morris, Holt McCallany",United States of America,2015-09-11,2015,5.7,"Drama, Thriller",en,11.882,324,5.7,12000000,60273173,5.02
331190,Movie,Captive,Jerry Jameson,"Kate Mara, David Oyelowo, Michael Kenneth Williams, Mimi Rogers, Leonor Varela",United States of America,2015-09-17,2015,5.709,"Crime, Drama, Thriller",en,11.848,273,5.709,2000000,2801508,1.4
266396,Movie,The Gunman,Pierre Morel,"Sean Penn, Jasmine Trinca, Javier Bardem, Ray Winstone, Mark Rylance","France, Spain, United Kingdom, United States of America",2015-02-16,2015,5.74,"Action, Drama, Crime",en,11.794,959,5.74,40000000,13644292,0.34
253450,Movie,The Assassin,Hou Hsiao-hsien,"Shu Qi, Chang Chen, Nikki Hsieh, Sheu Fang-Yi, Ethan Juan","China, France, Hong Kong, Taiwan",2015-08-27,2015,6.4,"Drama, Action, History",zh,11.696,510,6.4,15000000,11991669,0.8
290751,Movie,Secret in Their Eyes,Billy Ray,"Chiwetel Ejiofor, Nicole Kidman, Julia Roberts, Dean Norris, Alfred Molina","South Korea, Spain, United Kingdom, United States of America",2015-10-14,2015,6.4,"Thriller, Mystery, Crime",en,11.653,1355,6.4,19500000,34854990,1.79
268238,Movie,The Second Best Exotic Marigold Hotel,John Madden,"Dev Patel, Judi Dench, Richard Gere, Maggie Smith, Bill Nighy","United Kingdom, United States of America",2015-02-26,2015,6.423,"Drama, Comedy",en,11.653,723,6.423,10000000,86000000,8.6
256924,Movie,Danny Collins,Dan Fogelman,"Al Pacino, Annette Bening, Christopher Plummer, Jennifer Garner, Bobby Cannavale",United States of America,2015-03-19,2015,6.8,"Music, Comedy, Drama",en,11.63,527,6.8,10000000,10835752,1.08
299245,Movie,The Gallows,"Travis Cluff, Chris Lofing","Cassidy Gifford, Ryan Shoos, Pfeifer Brown, Reese Mishler, Price T. Morgan",United States of America,2015-07-09,2015,4.922,"Horror, Thriller",en,11.55,937,4.922,100000,42964410,429.64
234212,Movie,Demonic,Will Canon,"Dustin Milligan, Scott Mechlowicz, Cody H. Carolin, Maria Bello, Frank Grillo","United Kingdom, United States of America",2015-02-12,2015,5.3,"Thriller, Horror",en,11.511,493,5.3,3000000,3387000,1.13
301875,Movie,Equals,Drake Doremus,"Nicholas Hoult, Kristen Stewart, Guy Pearce, Jacki Weaver, Bel Powley","Indonesia, United States of America",2015-07-15,2015,6.119,"Drama, Romance, Science Fiction",en,11.206,1376,6.119,16000000,2084628,0.13
308638,Movie,The D Train,"Jarrad Paul, Andrew Mogel","Jack Black, James Marsden, Kathryn Hahn, Jeffrey Tambor, Mike White","United Kingdom, United States of America",2015-05-08,2015,4.87,"Comedy, Drama",en,11.142,231,4.87,447524,771317,1.72
308639,Movie,Dope,Rick Famuyiwa,"Shameik Moore, Zoë Kravitz, A$AP Rocky, Kiersey Clemons, Tony Revolori",United States of America,2015-06-19,2015,7.066,"Crime, Drama, Comedy",en,11.089,1481,7.066,7000000,17986781,2.57
174751,Movie,Jane Got a Gun,Gavin O'Connor,"Natalie Portman, Joel Edgerton, Ewan McGregor, Noah Emmerich, Boyd Holbrook","United Kingdom, United States of America",2015-12-31,2015,5.8,"Western, Action, Drama",en,11.075,810,5.8,25000000,3771345,0.15
309304,Movie,Grandma,Paul Weitz,"Lily Tomlin, Julia Garner, Marcia Gay Harden, Judy Greer, Laverne Cox",United States of America,2015-06-04,2015,6.461,"Comedy, Drama",en,10.945,362,6.461,600000,7200000,12.0
306745,Movie,Freeheld,Peter Sollett,"Julianne Moore, Elliot Page, Steve Carell, Michael Shannon, Luke Grimes",United States of America,2015-10-02,2015,7.226,"Romance, Drama",en,10.936,652,7.226,7000000,573335,0.08
352161,Movie,The Clan,Pablo Trapero,"Guillermo Francella, Peter Lanzani, Gastón Cocchiarale, Franco Masini, Giselle Motta","Argentina, Spain",2015-08-13,2015,6.8,"Drama, History, Crime",es,10.91,415,6.8,3500000,20381995,5.82
328589,Movie,The Lady in the Van,Nicholas Hytner,"Maggie Smith, Alex Jennings, Frances de la Tour, Gwen Taylor, Dominic Cooper",United Kingdom,2015-10-30,2015,6.4,"Comedy, Drama",en,10.881,752,6.4,6000000,41387687,6.9
320048,Movie,Ratter,Branden Kramer,"Ashley Benson, Matt McGorry, Michael William Freeman, Rebecca Naomi Jones, Alex Cranmer",United States of America,2015-01-24,2015,5.2,"Drama, Horror, Thriller",en,10.77,321,5.2,500000,110834,0.22
341895,Movie,Premam,Alphonse Puthren,"Nivin Pauly, Madonna Sebastian, Sai Pallavi, Anupama Parameswaran, Shabareesh Varma",India,2015-05-29,2015,7.5,"Comedy, Romance",ml,10.764,102,7.5,620000,1100000,1.77
326284,Movie,Pound of Flesh,Ernie Barbarash,"Jean-Claude Van Damme, John Ralston, Aki Aleong, Charlotte Peters, Darren Shahlavi",Canada,2015-05-07,2015,5.619,Action,en,10.712,235,5.619,7500000,163080,0.02
275601,Movie,Ricki and the Flash,Jonathan Demme,"Meryl Streep, Kevin Kline, Mamie Gummer, Sebastian Stan, Audra McDonald",United States of America,2015-07-10,2015,5.786,"Comedy, Drama, Music",en,10.626,707,5.786,18000000,41325328,2.3
266639,Movie,Jem and the Holograms,Jon M. Chu,"Aubrey Shea, Stefanie Scott, Hayley Kiyoko, Aurora Perrineau, Ryan Guzman",United States of America,2015-10-22,2015,5.521,"Music, Family, Drama",en,10.606,384,5.521,5000000,2333684,0.47
359790,Movie,Blackway,Daniel Alfredson,"Anthony Hopkins, Julia Stiles, Alexander Ludwig, Ray Liotta, Steve Bacic",United States of America,2015-10-03,2015,5.261,"Thriller, Mystery",en,10.488,380,5.261,8000000,16458,0.0
157827,Movie,Louder Than Bombs,Joachim Trier,"Gabriel Byrne, Isabelle Huppert, Jesse Eisenberg, Devin Druid, Amy Ryan","Denmark, France, Norway, United States of America",2015-10-01,2015,6.5,Drama,en,10.451,330,6.5,11000000,1400000,0.13
301748,Movie,The Opposite Sex,"Jennifer Finnigan, Jonathan Silverman","Geoff Stults, Mena Suvari, Jennifer Finnigan, Josh Hopkins, Eric Roberts",United States of America,2015-01-22,2015,4.7,Comedy,en,10.328,45,4.7,3300000,50206,0.02
310121,Movie,I'll See You in My Dreams,Brett Haley,"Blythe Danner, Martin Starr, June Squibb, Rhea Perlman, Mary Kay Place",United States of America,2015-05-15,2015,6.304,"Drama, Comedy",en,10.268,161,6.304,1000000,7449681,7.45
310133,Movie,Cop Car,Jon Watts,"Kevin Bacon, James Freedson-Jackson, Hays Wellford, Camryn Manheim, Shea Whigham",United States of America,2015-07-08,2015,5.938,"Crime, Thriller",en,10.247,859,5.938,800000,143658,0.18
352173,Movie,Drishyam,Nishikant Kamat,"Ajay Devgn, Tabu, Shriya Saran, Ishita Dutta, Rajat Kapoor",India,2015-07-30,2015,7.7,"Crime, Mystery, Thriller",hi,10.157,418,7.7,4600000,18000000,3.91
282984,Movie,Irrational Man,Woody Allen,"Joaquin Phoenix, Emma Stone, Jamie Blackley, Parker Posey, Joe Stapleton",United States of America,2015-07-17,2015,6.5,"Drama, Comedy",en,10.124,2389,6.5,11000000,27391084,2.49
338065,Movie,Dil Dhadakne Do,Zoya Akhtar,"Anil Kapoor, Shefali Shah, Priyanka Chopra Jonas, Ranveer Singh, Anushka Sharma",India,2015-06-04,2015,6.8,"Drama, Family, Romance",hi,9.911,143,6.8,13000000,22000000,1.69
348892,Movie,Bajrangi Bhaijaan,Kabir Khan,"Salman Khan, Harshaali Malthotra, Nawazuddin Siddiqui, Kareena Kapoor Khan, Sharat Saxena",India,2015-07-17,2015,7.8,"Comedy, Drama, Action",hi,9.891,490,7.8,13000000,150000000,11.54
319993,Movie,Aferim!,Radu Jude,"Teodor Corban, Mihai Comanoiu, Toma Cuzin, Alexandru Dabija, Luminița Gheorghiu","Bulgaria, Czech Republic, Romania",2015-03-06,2015,7.4,"Drama, History",ro,9.878,105,7.4,1379375,105097,0.08
316002,Movie,Accidental Love,David O. Russell,"Jessica Biel, Jake Gyllenhaal, James Marsden, Catherine Keener, Paul Reubens",United States of America,2015-02-10,2015,4.283,"Romance, Comedy",en,9.804,337,4.283,26000000,24487,0.0
331588,Movie,The Great Gilly Hopkins,Stephen Herek,"Sophie Nélisse, Kathy Bates, Glenn Close, Bill Cobbs, Octavia Spencer",United States of America,2015-10-05,2015,6.6,"Comedy, Drama, Family",en,9.652,238,6.6,5000000,97798,0.02
329805,Movie,My King,Maïwenn,"Vincent Cassel, Emmanuelle Bercot, Louis Garrel, Isild Le Besco, Chrystèle Saint-Louis Augustin",France,2015-10-21,2015,7.1,"Drama, Romance",fr,9.594,779,7.1,10600000,8000000,0.75
332835,Movie,Piku,Shoojit Sircar,"Deepika Padukone, Amitabh Bachchan, Irrfan Khan, Moushumi Chatterjee, Raghubir Yadav",India,2015-05-08,2015,7.0,"Comedy, Drama",hi,9.59,194,7.0,5500000,22159216,4.03
334304,Movie,Belle and Sebastian: The Adventure Continues,Christian Duguay,"Félix Bossuet, Tchéky Karyo, Thierry Neuvic, Margaux Chatelier, Urbain Cancelier",France,2015-12-08,2015,6.9,"Adventure, Family",fr,9.484,346,6.9,15100000,14526807,0.96
253414,Movie,Rock the Kasbah,Barry Levinson,"Bill Murray, Zooey Deschanel, Bruce Willis, Kate Hudson, Taylor Kinney","Morocco, United States of America",2015-10-22,2015,5.4,"Comedy, Music, War",en,9.463,346,5.4,15000000,3020664,0.2
246127,Movie,Every Thing Will Be Fine,Wim Wenders,"James Franco, Rachel McAdams, Charlotte Gainsbourg, Marie-Josée Croze, Peter Stormare","Canada, Germany, Norway, Sweden",2015-04-02,2015,5.4,Drama,en,9.449,217,5.4,12000000,554953,0.05
370665,Movie,Dilwale,Rohit Shetty,"Shah Rukh Khan, Kajol, Varun Dhawan, Kriti Sanon, Boman Irani",India,2015-12-18,2015,6.6,"Crime, Action, Comedy",hi,9.422,311,6.6,26000000,61000000,2.35
336804,Movie,Mustang,Deniz Gamze Ergüven,"Güneş Nezihe Şensoy, Doğa Zeynep Doğuşlu, Elit İşcan, Tuğba Sunguroğlu, Ilayda Akdoğan","France, Germany, Turkey",2015-06-17,2015,7.7,Drama,tr,9.341,1385,7.7,1300000,5300000,4.08
320588,Movie,"Hello, My Name Is Doris",Michael Showalter,"Sally Field, Max Greenfield, Beth Behrs, Stephen Root, Natasha Lyonne",United States of America,2015-11-27,2015,6.414,"Comedy, Drama, Romance",en,9.324,481,6.414,1000000,14659448,14.66
300153,Movie,Life,Anton Corbijn,"Robert Pattinson, Dane DeHaan, Joel Edgerton, Ben Kingsley, Kelly McCreary","Australia, Canada, Germany, United Kingdom, United States of America",2015-09-09,2015,6.0,Drama,en,9.183,351,6.0,12000000,1231606,0.1
273899,Movie,Stonewall,Roland Emmerich,"Jeremy Irvine, Jonny Beauchamp, Joey King, Caleb Landry Jones, Matt Craven",United States of America,2015-09-18,2015,6.1,"Drama, History",en,9.129,132,6.1,13500000,187674,0.01
375742,Movie,The Lure,Agnieszka Smoczyńska,"Kinga Preis, Michalina Olszańska, Marta Mazurek, Jakub Gierszał, Andrzej Konopka",Poland,2015-12-25,2015,6.3,"Horror, Music, Romance",pl,9.016,256,6.3,1300000,102986,0.08
254905,Movie,Manglehorn,David Gordon Green,"Al Pacino, Holly Hunter, Harmony Korine, Chris Messina, Skylar Gasper",United States of America,2015-06-03,2015,5.411,Drama,en,8.979,208,5.411,4000000,143101,0.04
305638,Movie,The Shamer's Daughter,Kenneth Kainz,"Rebecca Emilie Sattrup, Peter Plaugborg, Jakob Oftebro, Maria Bonnevie, Søren Malling","Czech Republic, Denmark, Iceland, Norway, Sweden",2015-03-26,2015,5.8,"Fantasy, Adventure, Drama",da,8.901,175,5.8,7500000,2348712,0.31
245846,Movie,Strangerland,Kim Farrant,"Nicole Kidman, Joseph Fiennes, Hugo Weaving, Lisa Flanagan, Megan Alston","Australia, France, Ireland, United States of America",2015-07-01,2015,5.3,"Drama, Thriller, Mystery",en,8.64,264,5.3,10000000,111107,0.01
298721,Movie,Cemetery of Splendor,Apichatpong Weerasethakul,"Jenjira Pongpas, Banlop Lomnoi, Jarinpattra Rueangram, Petcharat Chaiburi, Tawatchai Buawat","United Kingdom, United States of America, France, Thailand, Germany, Malaysia, South Korea, Mexico, Norway",2015-09-02,2015,5.9,"Drama, Fantasy",th,8.436,160,5.9,980000,89487,0.09
336029,Movie,A Tale of Love and Darkness,Natalie Portman,"Natalie Portman, Makram J. Khoury, Shira Haas, Neta Riskin, Gilad Kahana","Israel, United States of America",2015-09-03,2015,5.7,Drama,he,8.347,139,5.7,4000000,572212,0.14
309302,Movie,Wolf Totem,Jean-Jacques Annaud,"William Feng, Shawn Dou, Ankhnyam Ragchaa, Yin Zhusheng, Baasanjav Mijid","China, France, United States of America",2015-02-19,2015,6.5,"Adventure, Drama",zh,7.914,379,6.5,38000000,123205624,3.24
360203,Movie,Lost in the Sun,Trey Nelson,"Josh Duhamel, Josh Wiggins, Lynn Collins, Emma Fuhrmann, Larry Jack Dotson",United States of America,2015-11-06,2015,5.9,"Action, Crime, Drama, Thriller",en,7.873,104,5.9,25000,25000,1.0
338517,Movie,The Dawns Here Are Quiet,Renat Davletyarov,"Pyotr Fyodorov, Anastasiya Mikulchina, Evgenia Malakhova, Kristina Asmus, Sofia Lebedeva",Russia,2015-04-30,2015,6.9,"Drama, War",ru,7.779,165,6.9,3300000,5249225,1.59
351037,Movie,The Ardennes,Robin Pront,"Jeroen Perceval, Veerle Baetens, Kevin Janssens, Eric Godon, Jan Bijvoet","Belgium, Netherlands",2015-10-14,2015,6.641,"Crime, Drama, Thriller",nl,7.596,184,6.641,2200000,1366879,0.62
334394,Movie,Baskin,Can Evrenol,"Mehmet Cerrahoglu, Görkem Kasal, Ergun Kuyucu, Muharrem Bayrak, Fatih Dokgöz","Turkey, United States of America",2015-12-31,2015,5.8,"Horror, Thriller",tr,7.536,307,5.8,350000,318155,0.91
339145,Movie,The Girl in the Book,Marya Cohn,"Emily VanCamp, Michael Nyqvist, Ana Mulvoy Ten, Talia Balsam, Ali Ahn",United States of America,2015-06-13,2015,5.8,Drama,en,7.178,155,5.8,8245,81379,9.87
293644,Movie,Top Cat Begins,Andrés Couturier,"Jason Harris, David Hoffman, Bill Lobley, Darin De Paul, Marieve Herington","India, Mexico",2015-10-30,2015,6.7,"Comedy, Animation, Family",es,7.15,146,6.7,8000000,4668442,0.58
358962,Movie,Queen of Spades: The Dark Rite,Svyatoslav Podgaevsky,"Alina Babak, Valeriya Dmitrieva, Igor Khripunov, Evgeniya Loza, Sergey Pokhodaev",Russia,2015-09-10,2015,5.3,Horror,ru,7.077,81,5.3,1000000,2228115,2.23
333623,Movie,Love Live! The School Idol Movie,Takahiko Kyougoku,"Emi Nitta, Aya Uchida, Suzuko Mimori, Pile, Yurika Kubo",Japan,2015-06-13,2015,7.7,"Animation, Music, Comedy",ja,7.007,58,7.7,3000000,21000000,7.0
325844,Movie,Serial Teachers 2,Pierre-François Martin-Laval,"Kev Adams, Isabelle Nanty, Didier Bourdon, Pierre-François Martin-Laval, Arnaud Ducret",France,2015-07-01,2015,5.325,Comedy,fr,6.972,915,5.325,17000000,25364150,1.49
365961,Movie,"Help, I Shrunk My Teacher",Sven Unterwaldt Jr.,"Oskar Keymer, Lina Hüesker, Axel Stein, Justus von Dohnányi, Anja Kling","Austria, Germany",2015-12-17,2015,5.558,"Comedy, Family, Fantasy",de,6.864,77,5.558,7000000,8521017,1.22
320295,Movie,Detective Byomkesh Bakshy!,Dibakar Banerjee,"Sushant Singh Rajput, Anand Tiwari, Neeraj Kabi, Divya Menon, Swastika Mukherjee",India,2015-04-02,2015,6.7,"Action, Mystery, Drama",hi,6.839,95,6.7,5100000,5200000,1.02
362136,Movie,Prem Ratan Dhan Payo,Sooraj Barjatya,"Salman Khan, Sonam Kapoor Ahuja, Neil Nitin Mukesh, Anupam Kher, Swara Bhasker",India,2015-11-11,2015,5.4,"Romance, Drama, Action",hi,6.815,113,5.4,23400000,67000000,2.86
393821,Movie,D@bbe 6: The Return,Hasan Karacadağ,"Sema Şimşek, Fehmi Karaarslan, Nilay Gök, Volkan Ünal, Funda Eskioğlu",Turkey,2015-09-11,2015,6.108,Horror,tr,6.733,65,6.108,700000,3853240,5.5
323020,Movie,Bis,Dominique Farrugia,"Franck Dubosc, Kad Merad, Alexandra Lamy, Gérard Darmon, Julien Boisselier",France,2015-02-18,2015,5.297,Comedy,fr,6.691,548,5.297,14000000,10846026,0.77
387844,Movie,Nice Sister-In-Law,Kang Hoon,"Kang Eun-hye, Kang Sung-pil, Lee Seung-chae, Maria Cristina Dantas, Kang Seong-Hoon",South Korea,2015-11-19,2015,5.7,"Romance, Drama",ko,6.537,23,5.7,2000,8000,4.0
307946,Movie,I Smile Back,Adam Salky,"Sarah Silverman, Josh Charles, Thomas Sadoski, Skylar Gaertner, Chris Sarandon",United States of America,2015-10-23,2015,6.2,Drama,en,6.496,116,6.2,495000,63373,0.13
341420,Movie,Demonte Colony,R. Ajay Gnanamuthu,"Arulnithi, Ramesh Thilak, Sananth, Abhishek Joseph, Antti Jääskeläinen",India,2015-05-22,2015,7.2,Horror,ta,6.486,24,7.2,240000,2000000,8.33
254472,Movie,Stung,Benni Diez,"Matt O'Leary, Jessica Cook, Lance Henriksen, Clifton Collins Jr., David Masterson","Germany, United States of America",2015-07-03,2015,5.3,"Horror, Comedy, Science Fiction",en,6.34,196,5.3,2500000,71085,0.03
323517,Movie,Badlapur,Sriram Raghavan,"Varun Dhawan, Nawazuddin Siddiqui, Huma Qureshi, Yami Gautam, Divya Dutta",India,2015-02-20,2015,6.9,"Crime, Thriller, Action, Drama",hi,6.294,135,6.9,3700000,11480000,3.1
362739,Movie,Sons of Rizk,Tarek Al-Aryan,"Ahmed Ezz, Amr Youssef, Ahmed Al Fishawy, Ahmed Dawood, Karim Kassem",Egypt,2015-07-16,2015,7.2,"Action, Comedy, Crime",ar,6.188,34,7.2,1368070,1249176,0.91
289143,Movie,Dofus - Book I: Julith,"Jean-Jacques Denis, Anthony Roux","Sauvane Delanoe, Laeticia Lefebvre, Elisabeth Ventura, Emmanuel Gradi, Jean-Claude Donda",France,2015-11-07,2015,7.5,"Animation, Action, Adventure, Fantasy, Comedy",fr,5.979,97,7.5,8027100,624747,0.08
271110,Movie,Captain America: Civil War,"Joe Russo, Anthony Russo","Chris Evans, Robert Downey Jr., Scarlett Johansson, Sebastian Stan, Anthony Mackie",United States of America,2016-04-27,2016,7.444,"Adventure, Action, Science Fiction",en,172.492,22932,7.444,250000000,1155046416,4.62
396535,Movie,Train to Busan,Yeon Sang-ho,"Gong Yoo, Kim Su-an, Jung Yu-mi, Don Lee, Choi Woo-shik",South Korea,2016-07-20,2016,7.751,"Horror, Thriller, Action, Adventure",ko,111.112,7645,7.751,8500000,87547518,10.3
293660,Movie,Deadpool,Tim Miller,"Ryan Reynolds, Morena Baccarin, Ed Skrein, T.J. Miller, Gina Carano",United States of America,2016-02-09,2016,7.622,"Action, Adventure, Comedy",en,106.641,31371,7.622,58000000,782837347,13.5
269149,Movie,Zootopia,"Byron Howard, Rich Moore","Jason Bateman, Ginnifer Goodwin, Idris Elba, Jenny Slate, Nate Torrence",United States of America,2016-02-11,2016,7.7,"Animation, Adventure, Family, Comedy",en,103.259,16538,7.7,150000000,1023784195,6.83
296096,Movie,Me Before You,Thea Sharrock,"Emilia Clarke, Sam Claflin, Janet McTeer, Charles Dance, Brendan Coyle",United States of America,2016-06-01,2016,7.9,"Drama, Romance",en,101.809,12530,7.9,20000000,207945075,10.4
324786,Movie,Hacksaw Ridge,Mel Gibson,"Andrew Garfield, Sam Worthington, Vince Vaughn, Teresa Palmer, Luke Bracey","Australia, United Kingdom, United States of America, China",2016-10-07,2016,8.195,"Drama, History, War",en,93.791,13943,8.195,40000000,175302354,4.38
259693,Movie,The Conjuring 2,James Wan,"Patrick Wilson, Vera Farmiga, Madison Wolfe, Frances O'Connor, Lauren Esposito",United States of America,2016-06-08,2016,7.289,Horror,en,87.663,8506,7.289,40000000,322811702,8.07
209112,Movie,Batman v Superman: Dawn of Justice,Zack Snyder,"Ben Affleck, Henry Cavill, Jesse Eisenberg, Gal Gadot, Amy Adams",United States of America,2016-03-23,2016,6.0,"Action, Adventure, Fantasy",en,80.962,18128,6.0,250000000,874362803,3.5
343611,Movie,Jack Reacher: Never Go Back,Edward Zwick,"Tom Cruise, Cobie Smulders, Danika Yarosh, Aldis Hodge, Patrick Heusinger","China, United States of America",2016-10-19,2016,5.994,"Action, Thriller",en,77.906,4940,5.994,60000000,162100000,2.7
290098,Movie,The Handmaiden,Park Chan-wook,"Kim Min-hee, Kim Tae-ri, Ha Jung-woo, Cho Jin-woong, Kim Hae-sook",South Korea,2016-06-01,2016,8.2,"Thriller, Drama, Romance",ko,76.601,3844,8.2,8575000,38600000,4.5
313369,Movie,La La Land,Damien Chazelle,"Ryan Gosling, Emma Stone, John Legend, Rosemarie DeWitt, J.K. Simmons",United States of America,2016-12-01,2016,7.9,"Comedy, Drama, Romance, Music",en,76.174,17108,7.9,30000000,447407695,14.91
335797,Movie,Sing,Garth Jennings,"Matthew McConaughey, Reese Witherspoon, Seth MacFarlane, Scarlett Johansson, John C. Reilly","Japan, United States of America",2016-11-23,2016,7.112,"Animation, Comedy, Family, Music",en,73.378,8015,7.112,75000000,634151679,8.46
47933,Movie,Independence Day: Resurgence,Roland Emmerich,"Liam Hemsworth, Jeff Goldblum, Jessie T. Usher, Bill Pullman, Maika Monroe",United States of America,2016-06-22,2016,5.332,"Action, Adventure, Science Fiction",en,72.969,6101,5.332,165000000,389681935,2.36
300671,Movie,13 Hours: The Secret Soldiers of Benghazi,Michael Bay,"John Krasinski, James Badge Dale, Dominic Fumusa, Max Martini, Pablo Schreiber","United States of America, Malta",2016-01-14,2016,7.273,"War, Action, History, Drama, Thriller",en,71.534,3618,7.273,50000000,69411370,1.39
302946,Movie,The Accountant,Gavin O'Connor,"Ben Affleck, Cynthia Addai-Robinson, Anna Kendrick, J.K. Simmons, Jon Bernthal",United States of America,2016-10-13,2016,7.1,"Crime, Thriller, Drama",en,71.194,6307,7.1,44000000,155160045,3.53
246655,Movie,X-Men: Apocalypse,Bryan Singer,"James McAvoy, Michael Fassbender, Jennifer Lawrence, Nicholas Hoult, Oscar Isaac",United States of America,2016-05-18,2016,6.512,"Action, Adventure, Science Fiction, Fantasy",en,69.427,13089,6.512,178000000,543934787,3.06
329865,Movie,Arrival,Denis Villeneuve,"Amy Adams, Jeremy Renner, Forest Whitaker, Michael Stuhlbarg, Mark O'Brien",United States of America,2016-11-10,2016,7.609,"Drama, Science Fiction, Mystery",en,67.679,18020,7.609,47000000,203388186,4.33
140300,Movie,Kung Fu Panda 3,"Jennifer Yuh Nelson, Alessandro Carloni","Jack Black, Bryan Cranston, Dustin Hoffman, Angelina Jolie, J.K. Simmons","China, United States of America",2016-01-23,2016,6.9,"Action, Adventure, Animation, Comedy, Family",en,65.373,6135,6.9,145000000,521170825,3.59
284052,Movie,Doctor Strange,Scott Derrickson,"Benedict Cumberbatch, Chiwetel Ejiofor, Rachel McAdams, Benedict Wong, Mads Mikkelsen",United States of America,2016-10-25,2016,7.4,"Action, Adventure, Fantasy",en,62.705,22362,7.4,180000000,676343174,3.76
278924,Movie,Mechanic: Resurrection,Dennis Gansel,"Jason Statham, Jessica Alba, Tommy Lee Jones, Michelle Yeoh, Sam Hazeldine","France, United States of America, Thailand",2016-08-25,2016,6.0,"Action, Crime, Thriller",en,60.429,3399,6.0,40000000,125729635,3.14
68735,Movie,Warcraft,Duncan Jones,"Travis Fimmel, Paula Patton, Ben Foster, Dominic Cooper, Ben Schnetzer","United States of America, China, Poland",2016-05-25,2016,6.38,"Action, Adventure, Fantasy",en,59.954,6857,6.38,160000000,433677183,2.71
381284,Movie,Hidden Figures,Theodore Melfi,"Taraji P. Henson, Octavia Spencer, Janelle Monáe, Kevin Costner, Kirsten Dunst",United States of America,2016-12-10,2016,8.056,"Drama, History",en,56.365,9831,8.056,25000000,235957472,9.44
258230,Movie,A Monster Calls,J.A. Bayona,"Lewis MacDougall, Sigourney Weaver, Felicity Jones, Toby Kebbell, Ben Moor","Spain, United States of America",2016-10-07,2016,7.3,"Fantasy, Adventure, Family",en,55.935,3367,7.3,43000000,47300000,1.1
397243,Movie,The Autopsy of Jane Doe,André Øvredal,"Emile Hirsch, Brian Cox, Ophelia Lovibond, Olwen Catherine Kelly, Michael McElhatton","United Kingdom, United States of America",2016-12-21,2016,6.808,"Horror, Mystery",en,53.671,4327,6.808,4000000,6170043,1.54
278927,Movie,The Jungle Book,Jon Favreau,"Neel Sethi, Bill Murray, Ben Kingsley, Idris Elba, Scarlett Johansson","United Kingdom, United States of America",2016-04-07,2016,6.865,"Family, Adventure, Drama, Fantasy",en,52.89,8103,6.865,175000000,966550600,5.52
259316,Movie,Fantastic Beasts and Where to Find Them,David Yates,"Eddie Redmayne, Katherine Waterston, Dan Fogler, Alison Sudol, Colin Farrell","United Kingdom, United States of America",2016-11-16,2016,7.317,"Fantasy, Adventure",en,52.876,18925,7.317,180000000,809342332,4.5
310131,Movie,The Witch,Robert Eggers,"Anya Taylor-Joy, Ralph Ineson, Kate Dickie, Harvey Scrimshaw, Ellie Grainger","Brazil, Canada, United Kingdom, United States of America",2016-02-19,2016,6.978,"Horror, Fantasy, Drama",en,52.79,7107,6.978,4000000,40423945,10.11
311324,Movie,The Great Wall,Zhang Yimou,"Matt Damon, Jing Tian, Willem Dafoe, Andy Lau Tak-Wah, Pedro Pascal","China, Japan, United States of America",2016-12-16,2016,6.0,"Action, Adventure, Fantasy",en,52.272,5185,6.0,150000000,331957105,2.21
330459,Movie,Rogue One: A Star Wars Story,Gareth Edwards,"Felicity Jones, Diego Luna, Alan Tudyk, Donnie Yen Chi-Tan, Jiang Wen",United States of America,2016-12-14,2016,7.493,"Action, Adventure, Science Fiction",en,48.066,15411,7.493,200000000,1056057273,5.28
302699,Movie,Central Intelligence,Rawson Marshall Thurber,"Dwayne Johnson, Kevin Hart, Amy Ryan, Danielle Nicolet, Jason Bateman",United States of America,2016-06-16,2016,6.416,"Action, Comedy",en,47.574,6001,6.416,50000000,216972543,4.34
136799,Movie,Trolls,Mike Mitchell,"Anna Kendrick, Justin Timberlake, Zooey Deschanel, Christopher Mintz-Plasse, Christine Baranski",United States of America,2016-10-13,2016,6.6,"Family, Animation, Fantasy, Adventure, Comedy, Music",en,47.558,3613,6.6,125000000,347337803,2.78
205584,Movie,Gods of Egypt,Alex Proyas,"Nikolaj Coster-Waldau, Brenton Thwaites, Gerard Butler, Chadwick Boseman, Elodie Yung","Australia, Hong Kong, United States of America",2016-02-25,2016,5.7,"Action, Adventure, Fantasy",en,47.41,4097,5.7,140000000,150680864,1.08
290250,Movie,The Nice Guys,Shane Black,"Russell Crowe, Ryan Gosling, Angourie Rice, Matt Bomer, Margaret Qualley",United States of America,2016-05-15,2016,7.1,"Comedy, Crime, Action",en,47.163,8010,7.1,50000000,71261763,1.43
43074,Movie,Ghostbusters,Paul Feig,"Kristen Wiig, Melissa McCarthy, Kate McKinnon, Leslie Jones, Chris Hemsworth",United States of America,2016-07-14,2016,5.347,"Action, Fantasy, Comedy",en,46.436,6464,5.347,144000000,229147509,1.59
278154,Movie,Ice Age: Collision Course,Mike Thurmeier,"Ray Romano, John Leguizamo, Denis Leary, Queen Latifah, Seann William Scott",United States of America,2016-06-23,2016,6.1,"Adventure, Animation, Family, Comedy, Science Fiction",en,46.394,4594,6.1,105000000,408579038,3.89
333484,Movie,The Magnificent Seven,Antoine Fuqua,"Denzel Washington, Chris Pratt, Ethan Hawke, Vincent D'Onofrio, Lee Byung-hun",United States of America,2016-09-14,2016,6.46,"Adventure, Action, Western",en,44.755,5997,6.46,90000000,162400000,1.8
95610,Movie,Bridget Jones's Baby,Sharon Maguire,"Renée Zellweger, Colin Firth, Patrick Dempsey, Jim Broadbent, Gemma Jones","France, United Kingdom",2016-09-14,2016,6.4,"Drama, Comedy, Romance",en,44.08,2929,6.4,35000000,211952420,6.06
308531,Movie,Teenage Mutant Ninja Turtles: Out of the Shadows,Dave Green,"Pete Ploszek, Alan Ritchson, Jeremy Howard, Noel Fisher, Megan Fox",United States of America,2016-06-01,2016,6.0,"Action, Adventure, Comedy, Family, Science Fiction",en,43.78,3556,6.0,135000000,245623848,1.82
267935,Movie,The BFG,Steven Spielberg,"Mark Rylance, Ruby Barnhill, Rebecca Hall, Jemaine Clement, Bill Hader","India, United Kingdom, United States of America",2016-06-01,2016,6.276,"Adventure, Family, Fantasy",en,43.772,3398,6.276,140000000,195243411,1.39
283366,Movie,Miss Peregrine's Home for Peculiar Children,Tim Burton,"Eva Green, Asa Butterfield, Samuel L. Jackson, Judi Dench, Rupert Everett",United States of America,2016-09-27,2016,6.8,"Fantasy, Adventure",en,43.547,10037,6.8,110000000,296482446,2.7
291805,Movie,Now You See Me 2,Jon M. Chu,"Jesse Eisenberg, Mark Ruffalo, Woody Harrelson, Morgan Freeman, Dave Franco","Hong Kong, United States of America",2016-06-02,2016,6.825,"Crime, Thriller, Action, Mystery",en,43.289,10816,6.825,120000000,334897606,2.79
346672,Movie,Underworld: Blood Wars,Anna Foerster,"Kate Beckinsale, Theo James, Tobias Menzies, Lara Pulver, Bradley James",United States of America,2016-11-24,2016,5.9,"Fantasy, Action, Thriller",en,43.151,3702,5.9,35000000,81093313,2.32
127380,Movie,Finding Dory,Andrew Stanton,"Albert Brooks, Ellen DeGeneres, Ed O'Neill, Hayden Rolence, Diane Keaton",United States of America,2016-06-16,2016,7.038,"Adventure, Animation, Comedy, Family",en,42.88,12144,7.038,200000000,1028600000,5.14
324668,Movie,Jason Bourne,Paul Greengrass,"Matt Damon, Tommy Lee Jones, Alicia Vikander, Vincent Cassel, Julia Stiles","China, United States of America",2016-07-27,2016,6.361,"Action, Thriller",en,42.48,5782,6.361,120000000,415484914,3.46
188927,Movie,Star Trek Beyond,Justin Lin,"Chris Pine, Zachary Quinto, Karl Urban, Zoe Saldaña, Simon Pegg",United States of America,2016-07-07,2016,6.8,"Action, Adventure, Science Fiction",en,42.404,6675,6.8,185000000,343471816,1.86
316727,Movie,The Purge: Election Year,James DeMonaco,"Elizabeth Mitchell, Frank Grillo, Mykelti Williamson, Betty Gabriel, J. J. Soria","France, Japan, United States of America",2016-06-29,2016,6.4,"Action, Horror, Thriller",en,42.398,5274,6.4,10000000,118587880,11.86
340666,Movie,Nocturnal Animals,Tom Ford,"Amy Adams, Jake Gyllenhaal, Michael Shannon, Aaron Taylor-Johnson, Isla Fisher","United States of America, China",2016-11-04,2016,7.4,"Drama, Thriller",en,41.868,7872,7.4,22500000,29300000,1.3
376867,Movie,Moonlight,Barry Jenkins,"Trevante Rhodes, André Holland, Janelle Monáe, Ashton Sanders, Jharrel Jerome",United States of America,2016-10-21,2016,7.4,Drama,en,41.654,7102,7.4,4000000,65046687,16.26
241259,Movie,Alice Through the Looking Glass,James Bobin,"Mia Wasikowska, Johnny Depp, Anne Hathaway, Helena Bonham Carter, Alan Rickman","United Kingdom, United States of America",2016-05-25,2016,6.559,"Adventure, Family, Fantasy",en,41.589,6473,6.559,170000000,299457024,1.76
153518,Movie,The Angry Birds Movie,"Clay Kaytis, Fergal Reilly","Jason Sudeikis, Josh Gad, Danny McBride, Maya Rudolph, Bill Hader",Finland,2016-05-11,2016,6.2,"Animation, Adventure, Comedy, Family",en,39.68,3701,6.2,73000000,349779543,4.79
299687,Movie,The 5th Wave,J Blakeson,"Chloë Grace Moretz, Nick Robinson, Ron Livingston, Maggie Siff, Alex Roe",United States of America,2016-01-14,2016,5.9,"Science Fiction, Adventure, Action",en,39.535,5786,5.9,38000000,109906372,2.89
363676,Movie,Sully,Clint Eastwood,"Tom Hanks, Aaron Eckhart, Anna Gunn, Holt McCallany, Mike O'Malley",United States of America,2016-09-07,2016,7.196,"Drama, History",en,39.354,7278,7.196,60000000,240800000,4.01
297761,Movie,Suicide Squad,David Ayer,"Will Smith, Jared Leto, Margot Robbie, Joel Kinnaman, Viola Davis",United States of America,2016-08-03,2016,5.918,"Action, Adventure, Fantasy",en,38.86,21278,5.918,175000000,749200054,4.28
375794,Movie,"No manches, Frida",Nacho G. Velilla,"Omar Chaparro, Martha Higareda, Fernanda Castillo, Carla Adell, Regina Pavón",Mexico,2016-09-02,2016,7.67,Comedy,es,38.775,891,7.67,5000000,23500000,4.7
356305,Movie,Why Him?,John Hamburg,"Bryan Cranston, James Franco, Zoey Deutch, Megan Mullally, Griffin Gluck",United States of America,2016-12-22,2016,6.4,Comedy,en,38.438,4197,6.4,38000000,118102725,3.11
262504,Movie,Allegiant,Robert Schwentke,"Shailene Woodley, Theo James, Miles Teller, Zoë Kravitz, Naomi Watts",United States of America,2016-03-09,2016,6.101,"Adventure, Science Fiction, Action, Mystery",en,37.218,6666,6.101,110000000,179246868,1.63
293670,Movie,The Wailing,Na Hong-jin,"Kwak Do-won, Hwang Jung-min, Chun Woo-hee, Jun Kunimura, Kim Hwan-hee","South Korea, United States of America",2016-05-12,2016,7.4,"Horror, Mystery",ko,36.639,1786,7.4,10951000,49851770,4.55
313297,Movie,Kubo and the Two Strings,Travis Knight,"Art Parkinson, Charlize Theron, Brenda Vaccaro, Cary-Hiroyuki Tagawa, Meyrick Murphy",United States of America,2016-08-18,2016,7.633,"Animation, Adventure, Family",en,36.108,3595,7.633,60000000,76249438,1.27
277834,Movie,Moana,"John Musker, Ron Clements","Auliʻi Cravalho, Dwayne Johnson, Rachel House, Temuera Morrison, Jemaine Clement",United States of America,2016-10-13,2016,7.566,"Adventure, Comedy, Family, Animation",en,35.997,12902,7.566,150000000,690860472,4.61
333371,Movie,10 Cloverfield Lane,Dan Trachtenberg,"John Goodman, Mary Elizabeth Winstead, John Gallagher Jr., Douglas M. Griffin, Suzanne Cryer",United States of America,2016-03-10,2016,6.991,"Thriller, Science Fiction, Drama, Horror",en,35.904,8034,6.991,15000000,110216998,7.35
274870,Movie,Passengers,Morten Tyldum,"Jennifer Lawrence, Chris Pratt, Michael Sheen, Laurence Fishburne, Andy García",United States of America,2016-12-21,2016,6.95,"Drama, Romance, Science Fiction",en,35.662,13402,6.95,110000000,303144152,2.76
267860,Movie,London Has Fallen,Babak Najafi,"Gerard Butler, Aaron Eckhart, Angela Bassett, Morgan Freeman, Melissa Leo","Bulgaria, United States of America",2016-03-02,2016,6.21,"Action, Thriller",en,35.314,4763,6.21,60000000,205754447,3.43
300669,Movie,Don't Breathe,Fede Álvarez,"Stephen Lang, Jane Levy, Dylan Minnette, Daniel Zovatto, Emma Bercovici",United States of America,2016-06-08,2016,7.0,"Horror, Thriller",en,35.277,7510,7.0,9900000,158906350,16.05
290595,Movie,The Huntsman: Winter's War,Cedric Nicolas-Troyan,"Chris Hemsworth, Charlize Theron, Emily Blunt, Jessica Chastain, Nick Frost","China, United States of America",2016-04-06,2016,6.3,"Action, Adventure, Drama",en,34.81,4829,6.3,115000000,164989338,1.43
334541,Movie,Manchester by the Sea,Kenneth Lonergan,"Casey Affleck, Lucas Hedges, Michelle Williams, Kyle Chandler, C.J. Wilson",United States of America,2016-11-17,2016,7.547,Drama,en,34.785,5907,7.547,9000000,79000000,8.78
308266,Movie,War Dogs,Todd Phillips,"Miles Teller, Jonah Hill, Ana de Armas, Bradley Cooper, Kevin Pollak",United States of America,2016-08-18,2016,6.923,"Comedy, Crime, Drama",en,34.603,4999,6.923,50000000,86234523,1.72
310307,Movie,The Founder,John Lee Hancock,"Michael Keaton, Nick Offerman, John Carroll Lynch, Linda Cardellini, B.J. Novak","Greece, United States of America",2016-11-24,2016,7.13,"Drama, History",en,33.518,4999,7.13,15000000,24121245,1.61
223702,Movie,Sausage Party,"Greg Tiernan, Conrad Vernon","Seth Rogen, Kristen Wiig, Jonah Hill, Bill Hader, Michael Cera","Canada, United States of America",2016-07-11,2016,5.7,"Adventure, Animation, Comedy, Fantasy",en,33.355,7342,5.7,19000000,140705322,7.41
121856,Movie,Assassin's Creed,Justin Kurzel,"Michael Fassbender, Marion Cotillard, Jeremy Irons, Brendan Gleeson, Charlotte Rampling","France, United Kingdom, United States of America",2016-12-21,2016,5.4,"Action, Adventure, Science Fiction",en,30.639,7769,5.4,125000000,240700000,1.93
332567,Movie,The Shallows,Jaume Collet-Serra,"Blake Lively, Óscar Jaenada, Brett Cullen, Janelle Bailey, Sedona Legge","Australia, Spain, United States of America",2016-06-24,2016,6.346,"Horror, Drama, Thriller",en,30.604,5090,6.346,17000000,119100758,7.01
334533,Movie,Captain Fantastic,Matt Ross,"Viggo Mortensen, George MacKay, Samantha Isler, Annalise Basso, Nicholas Hamilton",United States of America,2016-07-08,2016,7.9,"Adventure, Drama",en,28.926,6465,7.9,5000000,23123592,4.62
321258,Movie,The Boy,William Brent Bell,"Lauren Cohan, Rupert Evans, James Russell, Jim Norton, Diana Hardcastle",United States of America,2016-01-22,2016,6.0,"Horror, Mystery, Thriller",en,28.865,3772,6.0,10000000,73929392,7.39
346685,Movie,The Girl on the Train,Tate Taylor,"Emily Blunt, Rebecca Ferguson, Haley Bennett, Justin Theroux, Luke Evans","India, United States of America",2016-10-05,2016,6.4,"Thriller, Mystery, Drama, Crime",en,28.853,5735,6.4,45000000,173200000,3.85
258489,Movie,The Legend of Tarzan,David Yates,"Alexander Skarsgård, Christoph Waltz, Samuel L. Jackson, Margot Robbie, Djimon Hounsou","Canada, United Kingdom, United States of America",2016-06-29,2016,5.9,"Fantasy, Action, Adventure",en,28.83,6256,5.9,180000000,356743061,1.98
316152,Movie,Free State of Jones,Gary Ross,"Matthew McConaughey, Gugu Mbatha-Raw, Mahershala Ali, Keri Russell, Jacob Lofland","China, South Korea, United States of America",2016-06-24,2016,6.8,"Action, Drama, History, War",en,28.351,1520,6.8,50000000,25035950,0.5
296524,Movie,Deepwater Horizon,Peter Berg,"Mark Wahlberg, Kurt Russell, John Malkovich, Gina Rodriguez, Dylan O'Brien","Hong Kong, United States of America",2016-09-28,2016,6.877,"Drama, Action",en,26.815,4584,6.877,110000000,121790376,1.11
381890,Movie,The Mermaid,Stephen Chow Sing-Chi,"Lin Yun, Deng Chao, Kitty Zhang Yuqi, Show Lo, Tsui Hark","China, Hong Kong",2016-02-08,2016,6.556,"Comedy, Fantasy, Romance",zh,26.762,426,6.556,60720000,553810228,9.12
342473,Movie,Ballerina,"Eric Summer, Éric Warin","Elle Fanning, Dane DeHaan, Carly Rae Jepsen, Maddie Ziegler, Mel Brooks","Canada, France",2016-12-14,2016,7.2,"Animation, Adventure, Comedy, Family",en,26.537,1878,7.2,30000000,109573511,3.65
345911,Movie,Lights Out,David F. Sandberg,"Teresa Palmer, Maria Bello, Gabriel Bateman, Alexander DiPersia, Alicia Vela-Bailey",United States of America,2016-07-21,2016,6.4,Horror,en,26.438,3898,6.4,4900000,149368835,30.48
271969,Movie,Ben-Hur,Timur Bekmambetov,"Jack Huston, Pilou Asbæk, Rodrigo Santoro, Morgan Freeman, Ayelet Zurer",United States of America,2016-08-17,2016,5.746,"Action, History, Adventure, Drama",en,26.011,1676,5.746,100000000,94061311,0.94
334543,Movie,Lion,Garth Davis,"Dev Patel, Rooney Mara, David Wenham, Nicole Kidman, Abhishek Bharate","Australia, United Kingdom, United States of America",2016-11-24,2016,8.1,Drama,en,25.901,6602,8.1,12000000,140312928,11.69
339984,Movie,Miracles from Heaven,Patricia Riggen,"Jennifer Garner, Kylie Rogers, Martin Henderson, Brighton Sharbino, Courtney Fansler",United States of America,2016-03-17,2016,7.4,"Family, Drama",en,25.395,1198,7.4,16000000,74000000,4.62
315011,Movie,Shin Godzilla,"Shinji Higuchi, Hideaki Anno","Hiroki Hasegawa, Yutaka Takenouchi, Satomi Ishihara, Kengo Kora, Satoru Matsuo",Japan,2016-07-29,2016,7.2,"Action, Science Fiction, Horror",ja,25.157,1341,7.2,15000000,78053145,5.2
291870,Movie,Dirty Grandpa,Dan Mazer,"Robert De Niro, Zac Efron, Aubrey Plaza, Zoey Deutch, Julianne Hough",United States of America,2016-01-20,2016,5.927,Comedy,en,24.996,4400,5.927,11500000,94100000,8.18
58431,Movie,Pride and Prejudice and Zombies,Burr Steers,"Lily James, Sam Riley, Jack Huston, Bella Heathcote, Douglas Booth","United Kingdom, United States of America",2016-02-04,2016,6.2,"Romance, Horror, Comedy, Thriller",en,24.939,2184,6.2,28000000,16457494,0.59
323675,Movie,Ride Along 2,Tim Story,"Kevin Hart, Ice Cube, Olivia Munn, Tika Sumpter, Ken Jeong",United States of America,2016-01-14,2016,6.255,"Action, Comedy",en,24.826,1691,6.255,40000000,124827316,3.12
294272,Movie,Pete's Dragon,David Lowery,"Oakes Fegley, Bryce Dallas Howard, Wes Bentley, Karl Urban, Oona Laurence",United States of America,2016-08-10,2016,6.4,"Adventure, Family, Fantasy",en,24.647,2201,6.4,65000000,143695338,2.21
372519,Movie,The Ten Commandments: The Movie,Alexandre Avancini,"Guilherme Winter, Camila Rodrigues, Sergio Marone, Paulo Gorgulho, Giselle Itié","Brazil, Morocco",2016-01-28,2016,7.2,Drama,pt,24.292,306,7.2,39307171,37070177,0.94
306947,Movie,The Invitation,Karyn Kusama,"Logan Marshall-Green, Tammy Blanchard, Emayatzy Corinealdi, Michiel Huisman, John Carroll Lynch",United States of America,2016-04-08,2016,6.43,"Thriller, Horror",en,23.529,2628,6.43,1000000,354835,0.35
207932,Movie,Inferno,Ron Howard,"Tom Hanks, Felicity Jones, Omar Sy, Irrfan Khan, Sidse Babett Knudsen",United States of America,2016-10-13,2016,6.075,"Mystery, Thriller, Action",en,23.418,6287,6.075,75000000,220021259,2.93
345920,Movie,Collateral Beauty,David Frankel,"Will Smith, Edward Norton, Kate Winslet, Michael Peña, Helen Mirren",United States of America,2016-12-15,2016,7.2,"Drama, Romance",en,23.411,5405,7.2,36000000,88528280,2.46
393519,Movie,Raw,Julia Ducournau,"Garance Marillier, Ella Rumpf, Rabah Nait Oufella, Laurent Lucas, Joana Preiss","Belgium, France, United States of America",2016-11-11,2016,7.056,"Drama, Horror",fr,23.253,3219,7.056,3500000,4100000,1.17
259694,Movie,How to Be Single,Christian Ditter,"Dakota Johnson, Rebel Wilson, Leslie Mann, Damon Wayans Jr., Anders Holm",United States of America,2016-02-08,2016,6.3,"Comedy, Romance",en,23.134,3220,6.3,38000000,112343513,2.96
336011,Movie,White Girl,Elizabeth Wood,"Morgan Saylor, Brian Marc, Justin Bartha, Chris Noth, Bobbi Salvör Menuez",United States of America,2016-09-02,2016,5.7,Drama,en,22.962,466,5.7,700000,200242,0.29
146198,Movie,Triple 9,John Hillcoat,"Casey Affleck, Chiwetel Ejiofor, Anthony Mackie, Kate Winslet, Woody Harrelson",United States of America,2016-02-19,2016,5.98,"Action, Crime, Adventure, Thriller",en,22.642,2151,5.98,20000000,12600000,0.63
369885,Movie,Allied,Robert Zemeckis,"Brad Pitt, Marion Cotillard, Jared Harris, Simon McBurney, Lizzy Caplan","China, United States of America, United Kingdom",2016-02-12,2016,6.794,"Action, Drama, War, Romance, Thriller",en,22.619,4553,6.794,106000000,119520023,1.13
388399,Movie,Patriots Day,Peter Berg,"Mark Wahlberg, John Goodman, J.K. Simmons, Kevin Bacon, Michelle Monaghan","Hong Kong, United States of America",2016-12-12,2016,7.055,"Action, Crime, Drama, History, Thriller",en,22.555,2650,7.055,45000000,50548152,1.12
335796,Movie,Ouija: Origin of Evil,Mike Flanagan,"Annalise Basso, Elizabeth Reaser, Lulu Wilson, Henry Thomas, Parker Mack",United States of America,2016-10-20,2016,6.132,Horror,en,22.314,2483,6.132,9000000,81700000,9.08
267193,Movie,Grimsby,Louis Leterrier,"Sacha Baron Cohen, Mark Strong, Isla Fisher, Penélope Cruz, Rebel Wilson","United Kingdom, United States of America",2016-02-24,2016,5.95,"Action, Comedy",en,22.171,2315,5.95,35000000,28000000,0.8
371645,Movie,Hunt for the Wilderpeople,Taika Waititi,"Sam Neill, Julian Dennison, Rima Te Wiata, Rachel House, Tioreore Ngatai-Melbourne","New Zealand, United Kingdom",2016-03-31,2016,7.655,"Adventure, Comedy, Drama",en,22.152,2094,7.655,2500000,23900000,9.56
332210,Movie,Storks,"Doug Sweetland, Nicholas Stoller","Andy Samberg, Katie Crown, Kelsey Grammer, Jennifer Aniston, Ty Burrell",United States of America,2016-09-22,2016,6.7,"Adventure, Animation, Comedy, Family",en,21.99,2358,6.7,70000000,182379278,2.61
68730,Movie,Silence,Martin Scorsese,"Andrew Garfield, Adam Driver, Liam Neeson, Tadanobu Asano, Ciarán Hinds","Mexico, Taiwan, United States of America",2016-12-23,2016,7.1,"Drama, History",en,21.353,3077,7.1,46000000,23834809,0.52
409502,Movie,I'm Not Ashamed,Brian Baugh,"Masey McLain, Mark Daugherty, Jennifer O'Neill, Ben VanderMey, Jaci Velasquez",United States of America,2016-10-21,2016,7.2,Drama,en,21.226,274,7.2,1500000,2082980,1.39
303858,Movie,Money Monster,Jodie Foster,"George Clooney, Julia Roberts, Jack O'Connell, Dominic West, Caitríona Balfe",United States of America,2016-05-12,2016,6.435,"Thriller, Drama, Action, Comedy, Crime, Mystery",en,20.803,2975,6.435,27000000,93282604,3.45
376660,Movie,The Edge of Seventeen,Kelly Fremon Craig,"Hailee Steinfeld, Woody Harrelson, Haley Lu Richardson, Blake Jenner, Kyra Sedgwick",United States of America,2016-11-18,2016,7.2,"Comedy, Drama",en,20.651,4071,7.2,9000000,18803648,2.09
338766,Movie,Hell or High Water,David Mackenzie,"Jeff Bridges, Chris Pine, Ben Foster, Gil Birmingham, Marin Ireland",United States of America,2016-08-11,2016,7.3,"Western, Crime, Drama",en,20.164,4510,7.3,12000000,37600000,3.13
293767,Movie,Billy Lynn's Long Halftime Walk,Ang Lee,"Joe Alwyn, Kristen Stewart, Chris Tucker, Garrett Hedlund, Vin Diesel","China, United Kingdom, United States of America",2016-11-10,2016,6.028,"Drama, War",en,20.077,566,6.028,40000000,30930984,0.77
351819,Movie,Fifty Shades of Black,Michael Tiddes,"Marlon Wayans, Kali Hawk, Fred Willard, Mike Epps, Affion Crockett",United States of America,2016-01-28,2016,4.9,"Romance, Comedy",en,20.042,1350,4.9,20000000,21164799,1.06
360814,Movie,Dangal,Nitesh Tiwari,"Aamir Khan, Fatima Sana Shaikh, Sanya Malhotra, Zaira Wasim, Suhani Bhatnagar","India, United States of America",2016-12-21,2016,7.9,"Drama, Family, Comedy",hi,19.943,1007,7.9,10400000,311000000,29.9
322240,Movie,Nine Lives,Barry Sonnenfeld,"Kevin Spacey, Jennifer Garner, Robbie Amell, Cheryl Hines, Mark Consuelos","China, France",2016-08-03,2016,5.8,"Fantasy, Comedy, Family",en,19.817,1075,5.8,30000000,57814445,1.93
525686,Movie,My Cousin the Sexologist,Miguel Chávez,"Stephanie Herela, Andrés Salvatierra, Majelo Quiróz, Kimberly Aguilera, Joaquín Machado",Bolivia,2016-07-20,2016,6.8,"Comedy, Drama",es,19.811,506,6.8,15000,35749,2.38
369557,Movie,Sing Street,John Carney,"Ferdia Walsh-Peelo, Lucy Boynton, Jack Reynor, Ben Carolan, Mark McKenna","Ireland, United Kingdom, United States of America",2016-03-11,2016,7.9,"Romance, Drama, Music",en,19.765,2304,7.9,4000000,13624522,3.41
319888,Movie,Eddie the Eagle,Dexter Fletcher,"Taron Egerton, Hugh Jackman, Christopher Walken, Ania Sowinski, Mads Sjøgård Pettersen","Germany, United Kingdom, United States of America",2016-02-25,2016,7.2,"Comedy, Drama, History, Adventure",en,19.707,2137,7.2,23000000,46152411,2.01
351211,Movie,Blair Witch,Adam Wingard,"James Allen McCune, Callie Hernandez, Brandon Scott, Corbin Reid, Valorie Curry","Canada, United States of America",2016-09-15,2016,5.219,"Thriller, Horror",en,19.61,1919,5.219,5000000,45172994,9.03
393457,Movie,Fences,Denzel Washington,"Denzel Washington, Viola Davis, Stephen McKinley Henderson, Jovan Adepo, Russell Hornsby","Canada, United States of America",2016-12-16,2016,6.9,Drama,en,19.585,2630,6.9,24000000,64400000,2.68
301365,Movie,The Neon Demon,Nicolas Winding Refn,"Elle Fanning, Karl Glusman, Jena Malone, Bella Heathcote, Abbey Lee","Denmark, France, United States of America",2016-05-31,2016,6.5,"Thriller, Horror",en,19.439,3744,6.5,7000000,3400000,0.49
341006,Movie,The Belko Experiment,Greg McLean,"John Gallagher Jr., Tony Goldwyn, Adria Arjona, John C. McGinley, Melonie Diaz",United States of America,2016-03-17,2016,6.1,"Horror, Thriller",en,19.225,1499,6.1,5000000,10166820,2.03
329833,Movie,Zoolander 2,Ben Stiller,"Ben Stiller, Owen Wilson, Will Ferrell, Penélope Cruz, Kristen Wiig",United States of America,2016-02-06,2016,4.9,"Comedy, Adventure, Action",en,18.999,2255,4.9,50000000,56722693,1.13
340945,Movie,USS Indianapolis: Men of Courage,Mario Van Peebles,"Nicolas Cage, Tom Sizemore, Matt Lanter, Thomas Jane, Emily Tennant",United States of America,2016-09-22,2016,5.882,"Action, War",en,18.884,612,5.882,40000000,2158568,0.05
303991,Movie,Demolition,Jean-Marc Vallée,"Jake Gyllenhaal, Naomi Watts, Chris Cooper, Judah Lewis, C.J. Wilson",United States of America,2016-04-06,2016,6.8,"Comedy, Drama",en,18.834,2243,6.8,10000000,4366460,0.44
348668,Movie,A Conspiracy of Faith,Hans Petter Moland,"Nikolaj Lie Kaas, Fares Fares, Pål Sverre Hagen, Jacob Ulrik Lohmann, Amanda Collin","Denmark, Germany, Norway, Sweden",2016-03-03,2016,7.0,"Crime, Drama, Mystery, Thriller",da,18.808,569,7.0,5210000,9700000,1.86
270774,Movie,Skiptrace,Renny Harlin,"Jackie Chan, Johnny Knoxville, Fan Bingbing, Eric Tsang Chi-Wai, Eve Torres","China, Hong Kong, United States of America",2016-07-21,2016,5.7,"Action, Adventure, Crime, Comedy",en,18.796,706,5.7,32000000,58500000,1.83
335778,Movie,Risen,Kevin Reynolds,"Joseph Fiennes, Peter Firth, Cliff Curtis, Tom Felton, Mark Killeen",United States of America,2016-02-18,2016,6.179,"Action, Adventure, Drama, Fantasy",en,18.794,836,6.179,20000000,46100000,2.31
323677,Movie,Race,Stephen Hopkins,"Stephan James, Jason Sudeikis, Eli Goree, Shanice Banton, Carice van Houten","Canada, Germany",2016-02-19,2016,7.244,"Drama, History",en,18.743,1540,7.244,5000000,24804129,4.96
390497,Movie,Tunnel,Kim Seong-hun,"Ha Jung-woo, Bae Doona, Oh Dal-su, Shin Jung-keun, Nam Ji-hyun",South Korea,2016-08-10,2016,7.3,"Thriller, Drama",ko,18.695,589,7.3,1000000,52444295,52.44
328387,Movie,Nerve,"Henry Joost, Ariel Schulman","Emma Roberts, Dave Franco, Emily Meade, Miles Heizer, Juliette Lewis","Hong Kong, United States of America",2016-06-27,2016,7.0,"Mystery, Adventure, Crime",en,18.556,6809,7.0,19000000,85241496,4.49
300673,Movie,The Finest Hours,Craig Gillespie,"Chris Pine, Casey Affleck, Ben Foster, Eric Bana, Holliday Grainger",United States of America,2016-01-27,2016,6.6,"Action, Drama, History, Thriller",en,18.451,1616,6.6,80000000,52099090,0.65
234004,Movie,Ratchet & Clank,"Jericca Cleland, Kevin Munroe","James Arnold Taylor, David Kaye, Jim Ward, Paul Giamatti, Armin Shimerman","Canada, Hong Kong, United States of America",2016-04-13,2016,5.8,"Action, Adventure, Animation, Family",en,18.437,613,5.8,20000000,8800000,0.44
263341,Movie,"Crouching Tiger, Hidden Dragon: Sword of Destiny",Yuen Woo-Ping,"Donnie Yen Chi-Tan, Michelle Yeoh, Jason Scott Lee, Natasha Liu Bordizzo, Harry Shum Jr.",China,2016-02-18,2016,6.111,"Action, Adventure, Drama",en,18.422,647,6.111,20000000,38659039,1.93
262841,Movie,Monster Trucks,Chris Wedge,"Lucas Till, Jane Levy, Amy Ryan, Rob Lowe, Danny Glover",United States of America,2016-12-21,2016,6.1,"Action, Comedy, Science Fiction",en,18.377,860,6.1,125000000,64493915,0.52
325133,Movie,Neighbors 2: Sorority Rising,Nicholas Stoller,"Seth Rogen, Zac Efron, Rose Byrne, Chloë Grace Moretz, Dave Franco",United States of America,2016-05-04,2016,5.8,Comedy,en,18.364,4426,5.8,35000000,108007109,3.09
413052,Movie,Hacker,Akan Satayev,"Callan McAuliffe, Lorraine Nicholson, Daniel Eric Gold, Clifton Collins Jr., Zachary Bennett","Canada, Kazakhstan, Hong Kong, Thailand, United States of America",2016-09-15,2016,6.3,"Crime, Drama, Thriller",en,18.071,303,6.3,2000000,11239,0.01
328111,Movie,The Secret Life of Pets,Chris Renaud,"Louis C.K., Eric Stonestreet, Kevin Hart, Jenny Slate, Ellie Kemper",United States of America,2016-06-18,2016,6.289,"Adventure, Comedy, Animation, Family",en,18.037,8118,6.289,75000000,875457937,11.67
376290,Movie,Miss Sloane,John Madden,"Jessica Chastain, Mark Strong, Gugu Mbatha-Raw, Alison Pill, Michael Stuhlbarg","France, United States of America",2016-11-25,2016,7.4,"Drama, Crime",en,18.036,1823,7.4,13000000,9101546,0.7
271706,Movie,Big Fish & Begonia,"Liang Xuan, Zhang Chun","Ji Guanlin, Pan Shulan, Su Shangqing, Timmy Xu, King Shih-Chieh","China, South Korea",2016-07-08,2016,7.4,"Animation, Adventure, Fantasy",zh,17.76,440,7.4,4531653,84552250,18.66
376659,Movie,Bad Moms,"Scott Moore, Jon Lucas","Mila Kunis, Kristen Bell, Kathryn Hahn, Christina Applegate, Jada Pinkett Smith","United States of America, China",2016-07-28,2016,6.5,Comedy,en,17.624,4094,6.5,20000000,183936074,9.2
381902,Movie,The Monkey King 2,Soi Cheang,"Aaron Kwok Fu-Shing, Gong Li, William Feng, Xiao Shenyang, Lo Chung-Him","Hong Kong, China",2016-01-22,2016,5.9,"Action, Adventure, Fantasy",zh,17.524,98,5.9,68490000,193677158,2.83
404378,Movie,A Street Cat Named Bob,Roger Spottiswoode,"Luke Treadaway, Ruta Gedmintas, Joanne Froggatt, Anthony Stewart Head, Caroline Goodall","United Kingdom, United States of America",2016-11-04,2016,7.912,"Family, Drama",en,17.492,1450,7.912,8000000,17900000,2.24
399173,Movie,The Assignment,Walter Hill,"Michelle Rodriguez, Sigourney Weaver, Tony Shalhoub, Caitlin Gerard, Anthony LaPaglia","France, United States of America",2016-06-08,2016,5.5,"Action, Crime, Thriller",en,17.484,518,5.5,5000000,388789,0.08
333669,Movie,Bastille Day,James Watkins,"Idris Elba, Richard Madden, Charlotte Le Bon, Kelly Reilly, José Garcia","France, United Kingdom, United States of America",2016-04-22,2016,6.3,Action,en,17.477,1382,6.3,20000000,14397593,0.72
302401,Movie,Snowden,Oliver Stone,"Joseph Gordon-Levitt, Shailene Woodley, Melissa Leo, Zachary Quinto, Tom Wilkinson","France, Germany, United States of America",2016-09-15,2016,7.104,"Drama, History, Crime, Thriller",en,17.457,4372,7.104,40000000,37357216,0.93
270487,Movie,"Hail, Caesar!","Joel Coen, Ethan Coen","Josh Brolin, George Clooney, Alden Ehrenreich, Ralph Fiennes, Scarlett Johansson","United Kingdom, United States of America",2016-02-05,2016,5.923,"Comedy, Crime, Mystery",en,17.225,3793,5.923,22000000,63647656,2.89
245703,Movie,Midnight Special,Jeff Nichols,"Michael Shannon, Jaeden Martell, Joel Edgerton, Kirsten Dunst, Adam Driver","Greece, United States of America",2016-02-18,2016,6.2,"Adventure, Drama, Science Fiction",en,17.117,1901,6.2,18000000,7112282,0.4
302156,Movie,Criminal,Ariel Vromen,"Ryan Reynolds, Kevin Costner, Gary Oldman, Tommy Lee Jones, Gal Gadot","Bulgaria, France, United Kingdom, United States of America",2016-04-07,2016,6.205,"Action, Crime, Science Fiction",en,17.107,1755,6.205,31500000,14708696,0.47
241258,Movie,Incarnate,Brad Peyton,"Aaron Eckhart, Natalija Nogulich, Keir O'Donnell, Catalina Sandino Moreno, Carice van Houten",United States of America,2016-12-01,2016,5.4,"Horror, Thriller",en,16.872,564,5.4,5000000,6341855,1.27
309886,Movie,Blood Father,Jean-François Richet,"Mel Gibson, Erin Moriarty, William H. Macy, Michael Parks, Thomas Mann","United States of America, France",2016-08-11,2016,6.2,"Action, Thriller, Drama",en,16.509,1538,6.2,13000000,6903033,0.53
286567,Movie,Max Steel,Stewart Hendler,"Ben Winchell, Josh Brener, Ana Villafañe, Andy García, Maria Bello","United Kingdom, United States of America",2016-10-14,2016,5.6,"Action, Adventure, Science Fiction",en,16.494,785,5.6,10000000,6272403,0.63
329440,Movie,The Forest,Jason Zada,"Natalie Dormer, Eoin Macken, Stephanie Vogt, Osamu Tanpopo, Yasuo Tobishima",United States of America,2016-01-07,2016,5.224,"Horror, Thriller, Mystery",en,16.33,1753,5.224,10000000,37608299,3.76
317557,Movie,Queen of Katwe,Mira Nair,"Madina Nalwanga, David Oyelowo, Lupita Nyong'o, Martin Kabanza, Taryn ""Kay"" Kyaze",United States of America,2016-09-23,2016,7.2,Drama,en,16.286,436,7.2,15000000,10367161,0.69
347126,Movie,God's Not Dead 2,Harold Cronk,"Jesse Metcalfe, Robin Givens, Melissa Joan Hart, Brad Heller, Ernie Hudson",United States of America,2016-04-01,2016,6.1,Drama,en,16.252,406,6.1,5000000,24487848,4.9
313922,Movie,Green Room,Jeremy Saulnier,"Anton Yelchin, Imogen Poots, Patrick Stewart, Alia Shawkat, Joe Cole",United States of America,2016-04-15,2016,6.721,"Horror, Crime, Thriller",en,16.219,2717,6.721,5000000,3800000,0.76
341012,Movie,Popstar: Never Stop Never Stopping,"Jorma Taccone, Akiva Schaffer","Andy Samberg, Jorma Taccone, Akiva Schaffer, Tim Meadows, Sarah Silverman","United States of America, China",2016-06-03,2016,6.619,"Comedy, Music",en,16.186,1253,6.619,20000000,9500000,0.48
340485,Movie,American Honey,Andrea Arnold,"Sasha Lane, Shia LaBeouf, Riley Keough, Arielle Holmes, McCaul Lombardi","United Kingdom, United States of America",2016-09-30,2016,6.8,Drama,en,15.471,853,6.8,3500000,2290649,0.65
316023,Movie,Mike and Dave Need Wedding Dates,Jake Szymanski,"Zac Efron, Adam Devine, Anna Kendrick, Aubrey Plaza, Sam Richardson",United States of America,2016-07-07,2016,6.1,Comedy,en,15.435,2484,6.1,33000000,77100000,2.34
429450,Movie,Pandora,Park Jung-woo,"Kim Nam-gil, Kim Joo-hyun, Kim Myung-min, Lee Kyung-young, Kim Yeong-ae",South Korea,2016-12-07,2016,7.541,"Thriller, Drama, Action",ko,15.434,472,7.541,13938145,30169000,2.16
407887,Movie,Operation Chromite,John H. Lee,"Lee Jung-jae, Liam Neeson, Lee Beom-soo, Jin Se-yeon, Jeong Jun-ho",South Korea,2016-07-27,2016,5.9,"History, Drama, War, Action",ko,15.386,213,5.9,12700000,49196532,3.87
353069,Movie,Mother's Day,Garry Marshall,"Jennifer Aniston, Julia Roberts, Kate Hudson, Jason Sudeikis, Sarah Chalke",United States of America,2016-04-28,2016,6.0,"Comedy, Drama, Romance",en,15.16,1271,6.0,25000000,48782670,1.95
184341,Movie,Hands of Stone,Jonathan Jakubowicz,"Edgar Ramírez, Robert De Niro, Usher, Rubén Blades, Ana de Armas","Panama, United States of America",2016-08-26,2016,6.6,Drama,en,15.155,416,6.6,20000000,5000000,0.25
335791,Movie,When the Bough Breaks,Jon Cassar,"Morris Chestnut, Regina Hall, Jaz Sinclair, Romany Malco, Michael Kenneth Williams",United States of America,2016-09-09,2016,5.8,"Drama, Thriller",en,15.031,403,5.8,10000000,30658387,3.07
248705,Movie,The Visitors: Bastille Day,Jean-Marie Poiré,"Jean Reno, Christian Clavier, Franck Dubosc, Karin Viard, Sylvie Testud",France,2016-03-23,2016,4.1,"Comedy, Fantasy",fr,14.934,677,4.1,25868826,18552314,0.72
302688,Movie,My Big Fat Greek Wedding 2,Kirk Jones,"Nia Vardalos, John Corbett, Elena Kampouris, Michael Constantine, Lainie Kazan","Canada, United States of America",2016-03-23,2016,6.0,"Romance, Comedy",en,14.916,1010,6.0,18000000,90632641,5.04
333667,Movie,Rock Dog,Ash Brannon,"Luke Wilson, Eddie Izzard, J.K. Simmons, Lewis Black, Kenan Thompson","China, United States of America",2016-07-08,2016,6.2,"Animation, Adventure, Comedy, Family, Music",en,14.914,289,6.2,60000000,23270926,0.39
330483,Movie,The Choice,Ross Katz,"Benjamin Walker, Teresa Palmer, Maggie Grace, Alexandra Daddario, Tom Welling",United States of America,2016-02-04,2016,7.204,"Drama, Romance",en,14.823,1903,7.204,10000000,23730891,2.37
391698,Movie,The Beatles: Eight Days a Week - The Touring Years,Ron Howard,"Paul McCartney, Ringo Starr, John Lennon, George Harrison, Larry Kane","United Kingdom, United States of America",2016-09-15,2016,7.5,"Documentary, Music",en,14.694,366,7.5,5,12283800,2456760.0
377264,Movie,Morgan,Luke Scott,"Kate Mara, Anya Taylor-Joy, Toby Jones, Rose Leslie, Boyd Holbrook","United Kingdom, United States of America",2016-09-01,2016,5.8,"Horror, Science Fiction, Thriller",en,14.687,1493,5.8,8000000,8810591,1.1
376812,Movie,Sultan,Ali Abbas Zafar,"Salman Khan, Anushka Sharma, Randeep Hooda, Amit Sadh, Kumud Mishra",India,2016-07-06,2016,6.9,"Drama, Action, Romance",hi,14.625,233,6.9,10400000,102000000,9.81
380111,Movie,Flight Crew,Nikolay Lebedev,"Danila Kozlovsky, Vladimir Mashkov, Agnė Grudytė, Sergey Shakurov, Sergey Romanovich","Cambodia, Russia",2016-04-21,2016,7.0,Action,ru,14.609,270,7.0,10000000,27305571,2.73
291328,Movie,Rules Don't Apply,Warren Beatty,"Warren Beatty, Lily Collins, Alden Ehrenreich, Matthew Broderick, Annette Bening",United States of America,2016-11-23,2016,5.7,"Romance, Comedy, Drama",en,14.598,472,5.7,25000000,3900000,0.16
337674,Movie,Elle,Paul Verhoeven,"Isabelle Huppert, Laurent Lafitte, Anne Consigny, Charles Berling, Virginie Efira","Belgium, France, Germany",2016-05-25,2016,6.7,"Drama, Thriller",fr,14.545,1881,6.7,9804690,2341534,0.24
363579,Movie,The Age of Shadows,Kim Jee-woon,"Song Kang-ho, Gong Yoo, Han Ji-min, Shingo Tsurumi, Um Tae-goo",South Korea,2016-09-07,2016,7.2,"Action, Thriller",ko,14.444,333,7.2,9620000,53165427,5.53
347031,Movie,Swiss Army Man,"Daniel Kwan, Daniel Scheinert","Paul Dano, Daniel Radcliffe, Mary Elizabeth Winstead, Antonia Ribero, Timothy Eulich",United States of America,2016-06-24,2016,6.928,"Comedy, Drama, Romance, Fantasy, Adventure",en,14.388,3544,6.928,3000000,5800000,1.93
325789,Movie,The Infiltrator,Brad Furman,"Bryan Cranston, Diane Kruger, John Leguizamo, Daniel Mays, Benjamin Bratt","United Kingdom, United States of America",2016-07-13,2016,6.675,"Crime, Drama, Thriller",en,14.384,1679,6.675,28000000,21011110,0.75
354859,Movie,The Promise,Terry George,"Oscar Isaac, Charlotte Le Bon, Christian Bale, Daniel Giménez Cacho, Tom Hollander","Spain, United States of America",2016-12-02,2016,6.9,"History, Romance, Drama",en,14.267,470,6.9,90000000,12448676,0.14
334524,Movie,Gold,Stephen Gaghan,"Matthew McConaughey, Bryce Dallas Howard, Edgar Ramírez, Timothy Simons, Michael Landes",United States of America,2016-02-03,2016,6.6,"Adventure, Drama, Thriller",en,14.151,1639,6.6,20000000,14880939,0.74
364116,Movie,The Other Side of the Door,Johannes Roberts,"Sarah Wayne Callies, Jeremy Sisto, Sofia Rosinsky, Logan Creran, Jax Malcolm","India, United Kingdom",2016-02-25,2016,5.549,"Thriller, Horror",en,14.065,841,5.549,5000000,14332467,2.87
370755,Movie,Paterson,Jim Jarmusch,"Adam Driver, Golshifteh Farahani, Nellie, Rizwan Manji, Barry Shabaka Henley","United States of America, Germany, France",2016-11-17,2016,7.113,"Drama, Comedy, Romance",en,14.062,1897,7.113,5000000,2152738,0.43
259695,Movie,Live by Night,Ben Affleck,"Ben Affleck, Elle Fanning, Brendan Gleeson, Chris Messina, Sienna Miller",United States of America,2016-12-25,2016,6.249,"Crime, Drama, Thriller",en,14.025,1302,6.249,90000000,22700000,0.25
339419,Movie,Loving,Jeff Nichols,"Joel Edgerton, Ruth Negga, Michael Shannon, Marton Csokas, Nick Kroll","United Kingdom, United States of America",2016-11-04,2016,6.7,"Drama, Romance",en,13.76,923,6.7,9000000,8996802,1.0
295699,Movie,Everybody Wants Some!!,Richard Linklater,"Blake Jenner, Zoey Deutch, Ryan Guzman, Tyler Hoechlin, J. Quinton Johnson",United States of America,2016-03-30,2016,6.4,Comedy,en,13.641,1115,6.4,10000000,3400278,0.34
340674,Movie,Dark Crimes,Alexandros Avranas,"Jim Carrey, Marton Csokas, Charlotte Gainsbourg, Kati Outinen, Vlad Ivanov","Poland, United States of America",2016-10-12,2016,4.6,"Drama, Thriller",en,13.621,443,4.6,4480393,21216,0.0
283552,Movie,The Light Between Oceans,Derek Cianfrance,"Michael Fassbender, Alicia Vikander, Rachel Weisz, Bryan Brown, Jack Thompson","India, United Kingdom, United States of America",2016-09-02,2016,7.1,"Drama, Romance",en,13.621,1359,7.1,20000000,25975621,1.3
406429,Movie,League of Gods,Koan Hui On,"Jet Li, Fan Bingbing, Huang Xiaoming, Louis Koo, AngelaBaby","China, Hong Kong",2016-07-28,2016,5.6,"Action, Fantasy",zh,13.579,157,5.6,38000000,43300000,1.14
402298,Movie,Denial,Mick Jackson,"Rachel Weisz, Tom Wilkinson, Timothy Spall, Andrew Scott, Jack Lowden","United Kingdom, United States of America",2016-09-30,2016,6.9,"Drama, History",en,13.572,654,6.9,10000000,7994527,0.8
382322,Movie,Batman: The Killing Joke,Sam Liu,"Kevin Conroy, Mark Hamill, Tara Strong, Ray Wise, John DiMaggio",United States of America,2016-07-24,2016,6.594,"Action, Animation, Crime, Drama",en,13.515,1830,6.594,3500000,3775000,1.08
384682,Movie,Office Christmas Party,"Josh Gordon, Will Speck","Jason Bateman, Olivia Munn, T.J. Miller, Jennifer Aniston, Kate McKinnon",United States of America,2016-11-25,2016,5.7,Comedy,en,13.513,2084,5.7,45000000,114500000,2.54
195590,Movie,Collide,Eran Creevy,"Nicholas Hoult, Felicity Jones, Anthony Hopkins, Ben Kingsley, Marwan Kenzari","Germany, United Kingdom, United States of America",2016-06-10,2016,5.5,"Thriller, Action",en,13.474,585,5.5,21500000,6817535,0.32
376166,Movie,From the Land of the Moon,Nicole Garcia,"Marion Cotillard, Louis Garrel, Àlex Brendemühl, Brigitte Roüan, Victoire du Bois","Belgium, France",2016-10-19,2016,6.6,"Drama, Romance",fr,13.306,305,6.6,10300000,47748,0.0
361159,Movie,Navy Seals vs. Zombies,Stanton Barrett,"Ed Quinn, Michael Dudikoff, Rick Fox, Chad Lail, Molly Hagan",United States of America,2016-03-18,2016,5.2,"Horror, Action",en,13.296,175,5.2,1181389,56191,0.05
323676,Movie,The Boss,Ben Falcone,"Melissa McCarthy, Kristen Bell, Peter Dinklage, Kathy Bates, Tyler Labine",United States of America,2016-04-07,2016,5.8,Comedy,en,13.248,1339,5.8,29000000,78600000,2.71
342521,Movie,Keanu,Peter Atencio,"Jordan Peele, Keegan-Michael Key, Keanu Reeves, Tiffany Haddish, Method Man",United States of America,2016-04-29,2016,6.07,"Action, Comedy, Crime",en,13.128,1058,6.07,15000000,20609977,1.37
326423,Movie,Barbershop: The Next Cut,Malcolm D. Lee,"Ice Cube, Cedric the Entertainer, Regina Hall, Sean Patrick Thomas, Eve",United States of America,2016-04-15,2016,6.3,"Comedy, Drama",en,13.115,464,6.3,20000000,55030051,2.75
326285,Movie,American Pastoral,Ewan McGregor,"Ewan McGregor, Jennifer Connelly, Dakota Fanning, David Strathairn, Peter Riegert","Hong Kong, United States of America",2016-10-20,2016,6.171,"Crime, Drama",en,13.091,700,6.171,10000000,1715728,0.17
213681,Movie,Masterminds,Jared Hess,"Zach Galifianakis, Owen Wilson, Kristen Wiig, Kate McKinnon, Leslie Jones",United States of America,2016-09-29,2016,5.7,"Action, Comedy, Crime",en,13.049,1747,5.7,25000000,29200000,1.17
332979,Movie,Bleed for This,Ben Younger,"Miles Teller, Aaron Eckhart, Katey Sagal, Ciarán Hinds, Ted Levine",United States of America,2016-11-04,2016,6.8,Drama,en,12.989,783,6.8,6000000,6174491,1.03
342737,Movie,20th Century Women,Mike Mills,"Annette Bening, Elle Fanning, Greta Gerwig, Billy Crudup, Lucas Jade Zumann",United States of America,2016-12-28,2016,7.3,Drama,en,12.949,1143,7.3,7000000,5664764,0.81
296360,Movie,Love & Friendship,Whit Stillman,"Kate Beckinsale, Xavier Samuel, Morfydd Clark, Emma Greenwell, Tom Bennett","United Kingdom, United States of America, Ireland, Netherlands, France",2016-05-26,2016,6.1,"Drama, Romance, Comedy",en,12.67,544,6.1,3000000,21401949,7.13
338189,Movie,It's Only the End of the World,Xavier Dolan,"Gaspard Ulliel, Nathalie Baye, Vincent Cassel, Marion Cotillard, Léa Seydoux","Canada, France",2016-08-26,2016,7.2,Drama,fr,12.654,1611,7.2,10000000,9231823,0.92
373314,Movie,Misconduct,Shintaro Shimosawa,"Josh Duhamel, Anthony Hopkins, Al Pacino, Glen Powell, Alice Eve",United States of America,2016-02-05,2016,5.6,"Drama, Thriller",en,12.577,571,5.6,11000000,2049761,0.19
393559,Movie,My Life as a Zucchini,Claude Barras,"Gaspard Schlatter, Sixtine Murat, Paulin Jaccoud, Michel Vuillermoz, Raul Ribera","France, Switzerland",2016-09-22,2016,7.8,"Animation, Comedy, Drama, Family",fr,12.476,1375,7.8,8000000,5873256,0.73
413543,Movie,Dear Zindagi,Gauri Shinde,"Alia Bhatt, Shah Rukh Khan, Ali Zafar, Kunal Kapoor, Angad Bedi",India,2016-11-23,2016,7.0,"Drama, Romance",hi,12.441,236,7.0,4300000,3376375,0.79
333385,Movie,Mr. Right,Paco Cabezas,"Sam Rockwell, Anna Kendrick, Tim Roth, James Ransone, Anson Mount",United States of America,2016-02-29,2016,6.468,"Comedy, Action, Romance, Crime",en,12.436,1350,6.468,8000000,34694,0.0
359412,Movie,Marauders,Steven C. Miller,"Bruce Willis, Dave Bautista, Christopher Meloni, Danny A. Abeckaser, Lydia Hull",Canada,2016-07-01,2016,5.8,"Action, Crime, Thriller",en,12.398,657,5.8,15000000,1616004,0.11
368940,Movie,Robinson Crusoe,Vincent Kesteloot,"Ilka Bessin, Dieter Hallervorden, Matthias Schweighöfer, Aylin Tezel, Kaya Yanar","Belgium, France, United States of America",2016-02-04,2016,5.8,"Animation, Adventure, Comedy, Family",de,12.382,334,5.8,13500000,40075446,2.97
312669,Movie,Maggie's Plan,Rebecca Miller,"Greta Gerwig, Ethan Hawke, Julianne Moore, Bill Hader, Maya Rudolph","United States of America, United Kingdom",2016-04-27,2016,5.697,"Drama, Romance",en,12.253,383,5.697,2000000,3400000,1.7
257345,Movie,The Darkness,Greg McLean,"Kevin Bacon, Radha Mitchell, David Mazouz, Lucy Fry, Parker Mack",United States of America,2016-05-13,2016,4.8,"Horror, Thriller",en,12.231,610,4.8,4000000,10900000,2.72
394684,Movie,May God Save Us,Rodrigo Sorogoyen,"Antonio de la Torre, Roberto Álamo, Javier Pereira, Luis Zahera, Raúl Prieto",Spain,2016-10-28,2016,6.733,"Thriller, Crime, Drama",es,12.195,433,6.733,4000000,1598584,0.4
315664,Movie,Florence Foster Jenkins,Stephen Frears,"Meryl Streep, Hugh Grant, Simon Helberg, Rebecca Ferguson, Nina Arianda","United Kingdom, United States of America",2016-05-06,2016,6.667,"Comedy, Drama",en,12.149,1465,6.667,29000000,48902953,1.69
340676,Movie,Personal Shopper,Olivier Assayas,"Kristen Stewart, Lars Eidinger, Sigrid Bouaziz, Anders Danielsen Lie, Ty Olwin","Belgium, Czech Republic, France, Germany, United Kingdom",2016-12-14,2016,5.9,"Drama, Mystery, Thriller",fr,12.028,1234,5.9,6000000,1305195,0.22
331313,Movie,Keeping Up with the Joneses,Greg Mottola,"Jon Hamm, Isla Fisher, Zach Galifianakis, Gal Gadot, Patton Oswalt",United States of America,2016-10-20,2016,6.1,"Action, Comedy",en,12.008,2036,6.1,40000000,29900000,0.75
391629,Movie,Baaghi,Sabbir Khan,"Tiger Shroff, Shraddha Kapoor, Sunil Grover, Sudheer Babu, Saurav Chakrabarti","India, Thailand",2016-04-29,2016,6.4,"Action, Thriller, Romance, Adventure",hi,11.935,130,6.4,5103000,17377000,3.41
338964,Movie,Bad Santa 2,Mark Waters,"Billy Bob Thornton, Kathy Bates, Tony Cox, Christina Hendricks, Brett Kelly","Canada, United Kingdom, United States of America",2016-11-23,2016,5.4,"Comedy, Crime, Mystery",en,11.928,800,5.4,26000000,24100000,0.93
270010,Movie,A Hologram for the King,Tom Tykwer,"Tom Hanks, Sarita Choudhury, Sidse Babett Knudsen, Ben Whishaw, Tom Skerritt","France, Germany, Mexico, Switzerland, United States of America, Cayman Islands",2016-04-22,2016,5.8,"Comedy, Drama",en,11.836,1148,5.8,30000000,9169507,0.31
332872,Movie,Julieta,Pedro Almodóvar,"Emma Suárez, Adriana Ugarte, Daniel Grao, Inma Cuesta, Darío Grandinetti","Spain, United States of America",2016-04-08,2016,6.983,"Drama, Romance",es,11.73,866,6.983,1490000,22468044,15.08
392794,Movie,The Dancer,Stéphanie Di Giusto,"Soko, Gaspard Ulliel, Mélanie Thierry, Lily-Rose Depp, François Damiens","Belgium, Czech Republic, France",2016-09-28,2016,6.6,"Drama, History",fr,11.71,200,6.6,8000000,2000000,0.25
380124,Movie,Boo! A Madea Halloween,Tyler Perry,"Tyler Perry, Cassi Davis, Diamond White, Yousef Erakat, Bella Thorne",United States of America,2016-10-21,2016,5.8,Comedy,en,11.636,417,5.8,20000000,74827344,3.74
291351,Movie,The Sea of Trees,Gus Van Sant,"Matthew McConaughey, Naomi Watts, Ken Watanabe, Ryoko Seta, Sienna Tow",United States of America,2016-04-27,2016,6.2,Drama,en,11.604,508,6.2,15000000,909000,0.06
351809,Movie,To Steal from a Thief,Daniel Calparsoro,"Luis Tosar, Rodrigo de la Serna, Raúl Arévalo, Jose Coronado, Patricia Vico","Argentina, France, Spain",2016-03-03,2016,6.24,"Crime, Thriller",es,11.585,369,6.24,6700000,9074836,1.35
339408,Movie,The Birth of a Nation,Nate Parker,"Nate Parker, Armie Hammer, Aja Naomi King, Jackie Earle Haley, Penelope Ann Miller","Canada, United States of America",2016-09-09,2016,6.5,Drama,en,11.56,528,6.5,8500000,15861566,1.87
276905,Movie,Norm of the North,Trevor Wall,"Rob Schneider, Heather Graham, Maya Kay, Ken Jeong, Bill Nighy","India, Ireland, United States of America",2016-01-14,2016,4.6,"Adventure, Animation, Comedy, Family",en,11.555,341,4.6,7000000,17062499,2.44
318850,Movie,The Young Messiah,Cyrus Nowrasteh,"Adam Greaves-Neal, Sara Lazzaro, Vincent Walsh, Sean Bean, Jonathan Bailey",United States of America,2016-03-10,2016,6.4,Drama,en,11.532,134,6.4,18500000,6500000,0.35
376866,Movie,Jackie,Pablo Larraín,"Natalie Portman, Peter Sarsgaard, Greta Gerwig, Billy Crudup, John Hurt","Chile, China, United States of America",2016-12-02,2016,6.456,Drama,en,11.44,2311,6.456,9000000,13960394,1.55
308453,Movie,The Bronze,Bryan Buckley,"Melissa Rauch, Gary Cole, Thomas Middleditch, Sebastian Stan, Cecily Strong",United States of America,2016-01-22,2016,6.041,"Drama, Comedy",en,11.293,370,6.041,3500000,615816,0.18
257440,Movie,Term Life,Peter Billingsley,"Vince Vaughn, Hailee Steinfeld, Bill Paxton, Jonathan Banks, Mike Epps",United States of America,2016-04-29,2016,6.0,"Thriller, Drama, Action, Mystery",en,11.283,308,6.0,16500000,21256,0.0
329981,Movie,Shut In,Farren Blackburn,"Naomi Watts, Oliver Platt, David Cubitt, Jacob Tremblay, Charlie Heaton","Canada, France, United States of America",2016-11-11,2016,5.3,"Drama, Thriller",en,11.162,695,5.3,10000000,13082071,1.31
411638,Movie,The Fury of a Patient Man,Raúl Arévalo,"Antonio de la Torre, Luis Callejo, Ruth Díaz, Raúl Jiménez, Manolo Solo",Spain,2016-09-09,2016,6.574,Thriller,es,11.119,432,6.574,1200000,1813729,1.51
376565,Movie,The Duelist,Aleksei Mizgiryov,"Pyotr Fyodorov, Vladimir Mashkov, Franziska Petri, Martin Wuttke, Sergey Garmash",Russia,2016-09-29,2016,6.3,"Adventure, Action, Drama",ru,11.047,93,6.3,12800000,6101904,0.48
360365,Movie,Tini: The New Life of Violetta,Juan Pablo Buscarini,"TINI, Jorge Blanco, Mercedes Lambre, Adrián Salzedo, Sofia Carson","Argentina, Italy, Spain",2016-05-04,2016,7.322,"Comedy, Drama, Music",es,10.994,387,7.322,19201483,17000172,0.89
375867,Movie,Paris Can Wait,Eleanor Coppola,"Diane Lane, Arnaud Viard, Alec Baldwin, Elise Tielrooy, Élodie Navarre","France, Japan, United Kingdom, United States of America",2016-09-12,2016,5.8,"Comedy, Drama, Romance",en,10.96,236,5.8,5000000,13203541,2.64
340402,Movie,Almost Christmas,David E. Talbert,"Kimberly Elise, Omar Epps, Danny Glover, John Michael Higgins, Romany Malco",United States of America,2016-11-11,2016,5.9,"Comedy, Drama",en,10.889,365,5.9,17000000,42580920,2.5
339397,Movie,Café Society,Woody Allen,"Jesse Eisenberg, Kristen Stewart, Steve Carell, Blake Lively, Parker Posey",United States of America,2016-05-11,2016,6.5,"Comedy, Drama, Romance",en,10.88,2699,6.5,30000000,43763247,1.46
371865,Movie,Slack Bay,Bruno Dumont,"Fabrice Luchini, Juliette Binoche, Valeria Bruni Tedeschi, Jean-Luc Vincent, Brandon Lavieville","France, Germany",2016-05-13,2016,5.6,Comedy,fr,10.87,256,5.6,8104734,920719,0.11
427008,Movie,The Mountain II,Alper Çağlar,"Çağlar Ertuğrul, Ufuk Bayraktar, Murat Serezli, Ahu Türkpençe, Atılgan Gümüş",Turkey,2016-11-04,2016,7.531,"War, Drama",tr,10.827,178,7.531,670000,11378898,16.98
398535,Movie,Udta Punjab,Abhishek Chaubey,"Shahid Kapoor, Alia Bhatt, Kareena Kapoor Khan, Diljit Dosanjh, Satish Kaushik",India,2016-06-17,2016,7.2,"Crime, Drama",hi,10.805,150,7.2,5980000,14900000,2.49
301348,Movie,Elvis & Nixon,Liza Johnson,"Kevin Spacey, Michael Shannon, Alex Pettyfer, Johnny Knoxville, Colin Hanks",United States of America,2016-03-22,2016,6.0,"Drama, Comedy, History",en,10.784,413,6.0,5000000,1100000,0.22
361777,Movie,Smoke & Mirrors,Alberto Rodríguez,"Eduard Fernández, Carlos Santos, Jose Coronado, Marta Etura, Itziar Atienza",Spain,2016-09-23,2016,6.462,"History, Thriller",es,10.682,239,6.462,5000000,2387127,0.48
377447,Movie,Railroad Tigers,Ding Sheng,"Jackie Chan, Huang Zitao, Jaycee Chan, Wang Kai, Xu Fan",China,2016-12-23,2016,6.0,"Action, Adventure, Comedy, Family, War",zh,10.524,135,6.0,50000000,102205175,2.04
376453,Movie,Operation Avalanche,Matt Johnson,"Matt Johnson, Owen Williams, Jared Raab, Josh Boles, Andrew Appelle",United States of America,2016-07-29,2016,6.1,"Thriller, Mystery, Comedy, Science Fiction, Drama",en,10.499,199,6.1,1250000,55000,0.04
300667,Movie,3 Generations,Gaby Dellal,"Elle Fanning, Susan Sarandon, Naomi Watts, Tate Donovan, Maria Dizzia",United States of America,2016-10-27,2016,6.379,"Comedy, Drama",en,10.47,433,6.379,10000000,680351,0.07
369883,Movie,Middle School: The Worst Years of My Life,Steve Carr,"Griffin Gluck, Lauren Graham, Alexa Nisenson, Andy Daly, Thomas Barbusca",United States of America,2016-10-07,2016,6.9,"Family, Comedy",en,10.466,419,6.9,8500000,23316139,2.74
368031,Movie,Friend Request,Simon Verhoeven,"Alycia Debnam-Carey, Connor Paolo, William Moseley, Brit Morgan, Brooke Markham","Germany, South Africa",2016-01-07,2016,5.6,"Horror, Thriller",en,10.453,1248,5.6,9900000,10975390,1.11
339927,Movie,Kevin Hart: What Now?,"Tim Story, Leslie Small","Kevin Hart, Halle Berry, Don Cheadle, Ed Helms, David Meunier",United States of America,2016-10-14,2016,6.5,"Comedy, Documentary, TV Movie",en,10.45,246,6.5,9900000,23600000,2.38
205588,Movie,Our Kind of Traitor,Susanna White,"Ewan McGregor, Stellan Skarsgård, Damian Lewis, Naomie Harris, Jeremy Northam","France, United Kingdom",2016-05-05,2016,6.0,Thriller,en,10.401,555,6.0,4000000,9930095,2.48
332718,Movie,Bilal: A New Breed of Hero,"Ayman Jamal, Khurram H. Alavi","Adewale Akinnuoye-Agbaje, China Anne McClain, Ian McShane, Jacob Latimore, Cynthia Kaye McWilliams",United Arab Emirates,2016-09-08,2016,6.8,"Action, Adventure, Animation, History",en,10.394,151,6.8,30000000,1750000,0.06
347026,Movie,A United Kingdom,Amma Asante,"David Oyelowo, Rosamund Pike, Tom Felton, Jack Davenport, Terry Pheto","Czech Republic, France, United Kingdom, United States of America",2016-11-25,2016,6.7,"Drama, History",en,10.26,512,6.7,14000000,13819139,0.99
279641,Movie,Whiskey Tango Foxtrot,"Glenn Ficarra, John Requa","Tina Fey, Margot Robbie, Billy Bob Thornton, Martin Freeman, Josh Charles",United States of America,2016-03-04,2016,6.301,"Comedy, Drama, War",en,10.185,976,6.301,35000000,48000000,1.37
392142,Movie,Max & Leon,Jonathan Barré,"Grégoire Ludig, David Marsais, Bernard Farcy, Dominique Pinon, Julien Pestel","Belgium, France",2016-11-01,2016,6.3,"Comedy, War, Adventure",fr,10.114,796,6.3,12156348,8750678,0.72
371560,Movie,The Eyes of My Mother,Nicolas Pesce,"Kika Magalhães, Diana Agostini, Will Brill, Clara Wong, Olivia Bond",United States of America,2016-12-02,2016,6.2,"Drama, Horror",en,10.098,318,6.2,300000,48539,0.16
384737,Movie,Precious Cargo,Max Adams,"Bruce Willis, Mark-Paul Gosselaar, Claire Forlani, Jenna B. Kelly, Nick Loeb",Canada,2016-07-15,2016,5.1,"Action, Crime, Thriller",en,10.063,286,5.1,10500000,567064,0.05
377985,Movie,Fan,Maneesh Sharma,"Shah Rukh Khan, Deepika Amin, Yogendra Tiku, Shriya Pilgaonkar, Sayani Gupta",India,2016-04-14,2016,6.3,"Action, Adventure, Thriller",hi,10.034,250,6.3,12750000,28000000,2.2
388045,Movie,The Legend of the Chupacabras,Alberto Rodríguez,"Benny Emmanuel, Emilio Treviño, Eduardo España, Mayté Cordero, Paul Louis",Mexico,2016-10-21,2016,7.2,"Animation, Adventure, Fantasy, Horror, Family",es,9.931,141,7.2,1600000,5100000,3.19
368942,Movie,A Quiet Passion,Terence Davies,"Cynthia Nixon, Jennifer Ehle, Keith Carradine, Emma Bell, Sara Vertongen","Belgium, United States of America, United Kingdom",2016-10-07,2016,6.067,Drama,en,9.573,179,6.067,8138338,1864266,0.23
340487,Movie,Certain Women,Kelly Reichardt,"Laura Dern, Kristen Stewart, Michelle Williams, Lily Gladstone, James Le Gros",United States of America,2016-09-25,2016,6.0,Drama,en,9.572,349,6.0,2000000,1215691,0.61
404791,Movie,The 101-Year-Old Man Who Skipped Out on the Bill and Disappeared,"Måns Herngren, Felix Herngren","Robert Gustafsson, Iwar Wiklander, David Wiberg, Shima Niavarani, Jens Hultén",Sweden,2016-12-25,2016,6.4,"Adventure, Comedy",sv,9.435,187,6.4,10000000,994901,0.1
412795,Movie,Maligno,"Paco Bardales, Martin Casapía Casanova","Sofía Rocha, Fiorella Pennano, Gino Pesaressi, Sylvia Majo, Gonzalo Molina",Peru,2016-07-14,2016,6.1,"Horror, Mystery",es,9.378,24,6.1,150000,400000,2.67
380762,Movie,Trivisa,"Jevons Au Man-Kit, Frank Hui, Vicky Wong Wai Kit","Richie Jen, Gordon Lam Ka-Tung, Jordan Chan Siu-Chun, To Yin-Gor, Zhang Kai",Hong Kong,2016-04-07,2016,7.078,"Drama, Crime",cn,9.329,90,7.078,641000,1180360,1.84
396616,Movie,The King's Choice,Erik Poppe,"Jesper Christensen, Anders Baasmo Christiansen, Karl Markovics, Tuva Novotny, Arthur Hakalahti","Denmark, Ireland, Norway, Sweden",2016-09-29,2016,6.9,"War, Action, Drama",no,9.174,160,6.9,7500000,9100000,1.21
284564,Movie,31,Rob Zombie,"Sheri Moon Zombie, Richard Brake, Meg Foster, Malcolm McDowell, Daniel Roebuck","United Kingdom, United States of America",2016-09-15,2016,5.442,"Horror, Thriller",en,9.063,798,5.442,1500000,850419,0.57
297806,Movie,I Saw the Light,Marc Abraham,"Tom Hiddleston, Elizabeth Olsen, Wayne Pére, David Krumholtz, Wrenn Schmidt",United States of America,2016-02-05,2016,6.3,"Music, Drama",en,8.972,206,6.3,13000000,1646788,0.13
374458,Movie,Graduation,Cristian Mungiu,"Adrian Titieni, Maria Dragus, Lia Bugnar, Vlad Ivanov, Emanuel Pârvu","Belgium, France, Romania",2016-05-20,2016,6.8,Drama,ro,8.916,282,6.8,2000000,2015002,1.01
415214,Movie,Operation Mekong,Dante Lam Chiu-Yin,"Zhang Hanyu, Eddie Peng Yu-Yan, Joyce Feng, Wu Xudong, Zhan Liguo","Hong Kong, China",2016-09-30,2016,6.982,"Action, Adventure, Crime, War",zh,8.902,250,6.982,30200000,173000000,5.73
337154,Movie,The Meddler,Lorene Scafaria,"Susan Sarandon, Rose Byrne, J.K. Simmons, Cecily Strong, Jerrod Carmichael",United States of America,2016-04-05,2016,6.0,"Comedy, Drama",en,8.861,348,6.0,3200000,4267218,1.33
377587,Movie,Meet the Blacks,Deon Taylor,"Mike Epps, Zulay Henao, George Lopez, Mike Tyson, Charlie Murphy",United States of America,2016-04-01,2016,4.7,Comedy,en,8.377,299,4.7,900000,9097072,10.11
376869,Movie,Neerja,Ram Madhvani,"Sonam Kapoor Ahuja, Shabana Azmi, Shekhar Ravjiani, Yogendra Tiku, Jim Sarbh",India,2016-02-19,2016,7.3,"Drama, Thriller",hi,8.128,220,7.3,2900000,17618280,6.08
325346,Movie,The Hollars,John Krasinski,"John Krasinski, Margo Martindale, Richard Jenkins, Sharlto Copley, Anna Kendrick",United States of America,2016-08-25,2016,6.3,"Comedy, Drama, Romance",en,8.084,307,6.3,3800000,1016985,0.27
333386,Movie,The Duel,Kieran Darcy-Smith,"Woody Harrelson, Liam Hemsworth, Alice Braga, Emory Cohen, Felicity Price",United States of America,2016-06-24,2016,5.372,"Western, Drama",en,8.032,345,5.372,10000000,20672,0.0
337844,Movie,In Dubious Battle,James Franco,"James Franco, Nat Wolff, Selena Gomez, Vincent D'Onofrio, Robert Duvall",United States of America,2016-10-08,2016,5.9,Drama,en,7.876,148,5.9,10000000,213982,0.02
375108,Movie,Mafia: Survival Game,Sarik Andreasyan,"Viktor Verzhbitskiy, Venyamin Smekhov, Vyacheslav Razbegaev, Olga Tumaykina, Andrey Chadov",Russia,2016-01-01,2016,4.4,"Action, Science Fiction",ru,7.744,98,4.4,2570000,4026795,1.57
383807,Movie,Heal the Living,Katell Quillévéré,"Tahar Rahim, Emmanuelle Seigner, Anne Dorval, Bouli Lanners, Kool Shen","Belgium, France",2016-11-01,2016,6.5,Drama,fr,7.724,218,6.5,10000000,2225770,0.22
393562,Movie,Raman Raghav 2.0,Anurag Kashyap,"Nawazuddin Siddiqui, Vicky Kaushal, Sobhita Dhulipala, Amruta Subhash, Mukesh Chhabra",India,2016-06-24,2016,7.0,"Thriller, Crime",hi,7.663,117,7.0,521873,1013926,1.94
374465,Movie,Things to Come,Mia Hansen-Løve,"Isabelle Huppert, André Marcon, Roman Kolinka, Édith Scob, Sarah Le Picard","Germany, France",2016-04-06,2016,6.5,Drama,fr,7.602,317,6.5,2100000,282382,0.13
364615,Movie,Toro,Kike Maíllo,"Mario Casas, Luis Tosar, José Sacristán, Ingrid García Jonsson, Nya de la Rubia","Spain, France",2016-04-22,2016,6.0,"Drama, Crime, Thriller",es,7.332,155,6.0,4000000,1903083,0.48
405924,Movie,Janatha Garage,Koratala Siva,"N.T. Rama Rao Jr., Mohanlal, Unni Mukundan, Samantha Ruth Prabhu, Nithya Menen",India,2016-09-01,2016,7.3,"Action, Drama",te,7.296,40,7.3,7000000,21000000,3.0
383367,Movie,Sairat,Nagraj Popatrao Manjule,"Rinku Rajguru, Akash Thosar, Tanaji Galgunde, Anuja Mule, Suraj Pawar",India,2016-04-29,2016,7.5,"Drama, Romance",mr,7.288,64,7.5,600000,16500000,27.5
375290,Movie,Airlift,Raja Menon,"Akshay Kumar, Nimrat Kaur, Inaamulhaq, Prakash Belawadi, Kumud Mishra",India,2016-01-22,2016,7.1,"Drama, History, Action",hi,7.258,197,7.1,4500000,32000000,7.11
401252,Movie,The Queen of Spain,Fernando Trueba,"Penélope Cruz, Antonio Resines, Neus Asensi, Cary Elwes, Mandy Patinkin",Spain,2016-11-25,2016,5.1,Comedy,es,7.184,88,5.1,11800000,1236731,0.1
356270,Movie,The Broken Crown,Jordi Frades,"Rodolfo Sancho, Irene Escolar, Raúl Mérida, Eusebio Poncela, Ramón Madaula",Spain,2016-02-19,2016,6.6,"Drama, History",es,7.075,50,6.6,869115,1018486,1.17
332794,Movie,The Odyssey,Jérôme Salle,"Lambert Wilson, Pierre Niney, Audrey Tautou, Laurent Lucas, Benjamin Lavernhe",France,2016-10-12,2016,6.7,"Adventure, Drama",fr,7.043,415,6.7,20000000,9722918,0.49
395452,Movie,In the Forests of Siberia,Safy Nebbou,"Raphaël Personnaz, Evgeniy Sidikhin",France,2016-06-15,2016,6.9,"Adventure, Drama",fr,7.038,108,6.9,3500000,1492523,0.43
402672,Movie,Mohenjo Daro,Ashutosh Gowariker,"Hrithik Roshan, Pooja Hegde, Kabir Bedi, Arunoday Singh, Kishori Shahane",India,2016-08-11,2016,6.2,"Adventure, Drama, History, Romance",hi,6.925,82,6.2,17000000,16000000,0.94
392572,Movie,Rustom,Tinu Suresh Desai,"Akshay Kumar, Ileana D'Cruz, Esha Gupta, Arjan Bajwa, Usha Nadkarni",India,2016-08-12,2016,6.7,"Thriller, Drama, Crime",hi,6.846,122,6.7,6114349,26309214,4.3
437941,Movie,The Bolshoi,Valery Todorovsky,"Alisa Freyndlikh, Valentina Telichkina, Alexandr Domogarov, Nicolas Le Riche, Margarita Simonova",Russia,2016-12-21,2016,6.5,Drama,ru,6.798,49,6.5,6411831,4029886,0.63
377213,Movie,Te3n,Ribhu Dasgupta,"Amitabh Bachchan, Nawazuddin Siddiqui, Vidya Balan, Padmavati Rao, Mukesh Chhabra","India, South Korea",2016-06-10,2016,6.9,"Mystery, Thriller, Crime",hi,6.765,99,6.9,5069632,4817642,0.95
377273,Movie,Aquarius,Kleber Mendonça Filho,"Sônia Braga, Maeve Jinkings, Irandhir Santos, Humberto Carrão, Zoraide Coleto","Brazil, France",2016-09-01,2016,7.5,Drama,pt,6.675,466,7.5,762241,285930,0.38
375868,Movie,A Stroke of Luck,Nacho G. Velilla,"Carmen Machi, Leo Harlem, Carlos Santos, Macarena García, Arturo Valls",Spain,2016-12-02,2016,5.0,"Romance, Drama, Comedy",es,6.584,192,5.0,3500000,12304617,3.52
366080,Movie,Kabali,Pa. Ranjith,"Rajinikanth, Radhika Apte, Sai Dhanshika, Winston Chao, Kishore",India,2016-07-22,2016,6.0,"Action, Crime, Drama",ta,6.465,81,6.0,18700000,74000000,3.96
354912,Movie,Coco,Lee Unkrich,"Anthony Gonzalez, Gael García Bernal, Benjamin Bratt, Alanna Ubach, Renee Victor",United States of America,2017-10-27,2017,8.2,"Family, Animation, Music, Adventure",en,131.976,19784,8.2,175000000,807816196,4.62
335984,Movie,Blade Runner 2049,Denis Villeneuve,"Ryan Gosling, Harrison Ford, Ana de Armas, Dave Bautista, Robin Wright","Canada, United Kingdom, United States of America",2017-10-04,2017,7.573,"Science Fiction, Drama",en,126.418,13913,7.573,150000000,259239658,1.73
126889,Movie,Alien: Covenant,Ridley Scott,"Michael Fassbender, Katherine Waterston, Billy Crudup, Danny McBride, Demián Bichir",United States of America,2017-05-09,2017,6.2,"Science Fiction, Horror, Thriller",en,116.873,8782,6.2,97000000,240891763,2.48
181808,Movie,Star Wars: The Last Jedi,Rian Johnson,"Mark Hamill, Carrie Fisher, Adam Driver, Daisy Ridley, John Boyega",United States of America,2017-12-13,2017,6.783,"Adventure, Action, Science Fiction",en,110.867,15456,6.783,200000000,1332698830,6.66
321612,Movie,Beauty and the Beast,Bill Condon,"Emma Watson, Dan Stevens, Luke Evans, Josh Gad, Kevin Kline",United States of America,2017-03-16,2017,7.0,"Family, Fantasy, Romance",en,109.3,15542,7.0,160000000,1266115964,7.91
141052,Movie,Justice League,Zack Snyder,"Ben Affleck, Henry Cavill, Amy Adams, Gal Gadot, Ezra Miller",United States of America,2017-11-15,2017,6.076,"Action, Adventure, Science Fiction",en,104.189,13066,6.076,300000000,661326987,2.2
315635,Movie,Spider-Man: Homecoming,Jon Watts,"Tom Holland, Michael Keaton, Robert Downey Jr., Marisa Tomei, Jon Favreau",United States of America,2017-07-05,2017,7.3,"Action, Adventure, Science Fiction, Drama",en,95.686,22022,7.3,175000000,880166924,5.03
166426,Movie,Pirates of the Caribbean: Dead Men Tell No Tales,"Espen Sandberg, Joachim Rønning","Johnny Depp, Javier Bardem, Geoffrey Rush, Brenton Thwaites, Kaya Scodelario",United States of America,2017-05-23,2017,6.652,"Adventure, Action, Fantasy",en,90.208,12116,6.652,230000000,795922298,3.46
260514,Movie,Cars 3,Brian Fee,"Owen Wilson, Cristela Alonzo, Chris Cooper, Nathan Fillion, Larry the Cable Guy",United States of America,2017-06-15,2017,6.8,"Family, Animation, Adventure, Comedy",en,87.929,5942,6.8,175000000,383925276,2.19
284053,Movie,Thor: Ragnarok,Taika Waititi,"Chris Hemsworth, Mark Ruffalo, Tom Hiddleston, Cate Blanchett, Idris Elba",United States of America,2017-10-02,2017,7.6,"Action, Adventure, Science Fiction",en,84.247,20961,7.6,180000000,855301806,4.75
283995,Movie,Guardians of the Galaxy Vol. 2,James Gunn,"Chris Pratt, Zoe Saldaña, Dave Bautista, Vin Diesel, Bradley Cooper",United States of America,2017-04-19,2017,7.6,"Science Fiction, Adventure, Action",en,79.993,21793,7.6,200000000,863756051,4.32
396422,Movie,Annabelle: Creation,David F. Sandberg,"Stephanie Sigman, Talitha Eliana Bateman, Lulu Wilson, Anthony LaPaglia, Miranda Otto",United States of America,2017-08-03,2017,6.593,Horror,en,76.413,5643,6.593,15000000,306592201,20.44
381288,Movie,Split,M. Night Shyamalan,"James McAvoy, Anya Taylor-Joy, Betty Buckley, Haley Lu Richardson, Jessica Sula",United States of America,2017-01-19,2017,7.3,"Horror, Thriller",en,74.27,17517,7.3,9000000,278454358,30.94
353491,Movie,The Dark Tower,Nikolaj Arcel,"Idris Elba, Matthew McConaughey, Tom Taylor, Claudia Kim, Fran Kranz",United States of America,2017-08-03,2017,5.76,"Fantasy, Action, Science Fiction",en,74.008,5163,5.76,60000000,113231078,1.89
337339,Movie,The Fate of the Furious,F. Gary Gray,"Vin Diesel, Jason Statham, Dwayne Johnson, Michelle Rodriguez, Tyrese Gibson",United States of America,2017-04-12,2017,6.9,"Action, Crime, Thriller",en,72.136,10362,6.9,250000000,1236000000,4.94
324552,Movie,John Wick: Chapter 2,Chad Stahelski,"Keanu Reeves, Common, Ian McShane, Laurence Fishburne, Riccardo Scamarcio",United States of America,2017-02-08,2017,7.332,"Action, Thriller, Crime",en,69.937,13267,7.332,40000000,171539887,4.29
341174,Movie,Fifty Shades Darker,James Foley,"Dakota Johnson, Jamie Dornan, Eric Johnson, Eloise Mumford, Bella Heathcote","Japan, United States of America",2017-02-08,2017,6.5,"Drama, Romance",en,68.693,7668,6.5,55000000,381545846,6.94
346364,Movie,It,Andy Muschietti,"Jaeden Martell, Sophia Lillis, Jack Dylan Grazer, Finn Wolfhard, Jeremy Ray Taylor",United States of America,2017-09-06,2017,7.24,"Horror, Thriller",en,68.356,19222,7.24,35000000,703000000,20.09
335988,Movie,Transformers: The Last Knight,Michael Bay,"Mark Wahlberg, Laura Haddock, Peter Cullen, Anthony Hopkins, Erik Aadahl",United States of America,2017-06-16,2017,6.0,"Action, Adventure, Science Fiction",en,68.335,6300,6.0,217000000,605425157,2.79
398818,Movie,Call Me by Your Name,Luca Guadagnino,"Armie Hammer, Timothée Chalamet, Michael Stuhlbarg, Amira Casar, Esther Garrel","Brazil, France, Italy, United States of America",2017-07-28,2017,8.121,"Romance, Drama",en,65.839,12212,8.121,3500000,43143046,12.33
419430,Movie,Get Out,Jordan Peele,"Daniel Kaluuya, Allison Williams, Catherine Keener, Bradley Whitford, Caleb Landry Jones",United States of America,2017-02-24,2017,7.6,"Mystery, Thriller, Horror",en,65.597,17697,7.6,4500000,255407969,56.76
339846,Movie,Baywatch,Seth Gordon,"Dwayne Johnson, Zac Efron, Priyanka Chopra Jonas, Alexandra Daddario, Kelly Rohrbach",United States of America,2017-05-25,2017,6.1,"Comedy, Action, Crime",en,61.416,8118,6.1,69000000,177900000,2.58
339403,Movie,Baby Driver,Edgar Wright,"Ansel Elgort, Kevin Spacey, Lily James, Jon Hamm, Jamie Foxx","United Kingdom, United States of America",2017-06-28,2017,7.448,"Action, Crime",en,61.173,15893,7.448,34000000,226945087,6.67
263115,Movie,Logan,James Mangold,"Hugh Jackman, Dafne Keen, Patrick Stewart, Elizabeth Rodriguez, Boyd Holbrook",United States of America,2017-02-28,2017,7.8,"Action, Drama, Science Fiction",en,60.572,19472,7.8,97000000,619021436,6.38
345938,Movie,The Shack,Stuart Hazeldine,"Sam Worthington, Octavia Spencer, Tim McGraw, Aviv Alush, Sumire","Canada, Hong Kong, United States of America",2017-03-03,2017,7.488,"Drama, Fantasy",en,59.306,2144,7.488,20000000,96942115,4.85
346648,Movie,Paddington 2,Paul King,"Ben Whishaw, Sally Hawkins, Hugh Bonneville, Hugh Grant, Madeleine Harris","France, United Kingdom",2017-11-09,2017,7.5,"Adventure, Comedy, Family",en,58.248,2433,7.5,40000000,283692036,7.09
316029,Movie,The Greatest Showman,Michael Gracey,"Hugh Jackman, Zac Efron, Michelle Williams, Rebecca Ferguson, Zendaya",United States of America,2017-12-20,2017,7.9,Drama,en,56.747,9539,7.9,84000000,459066134,5.47
297762,Movie,Wonder Woman,Patty Jenkins,"Gal Gadot, Chris Pine, Connie Nielsen, Robin Wright, Danny Huston",United States of America,2017-05-30,2017,7.2,"Action, Adventure, Fantasy",en,54.739,20092,7.2,149000000,823970682,5.53
353486,Movie,Jumanji: Welcome to the Jungle,Jake Kasdan,"Dwayne Johnson, Kevin Hart, Jack Black, Karen Gillan, Rhys Darby",United States of America,2017-12-09,2017,6.821,"Adventure, Comedy, Fantasy",en,54.568,13755,6.821,90000000,995339117,11.06
406990,Movie,What Happened to Monday,Tommy Wirkola,"Noomi Rapace, Glenn Close, Willem Dafoe, Marwan Kenzari, Christian Rubeck","Belgium, France, United States of America",2017-08-18,2017,7.2,"Science Fiction, Thriller, Drama, Mystery, Action",en,52.731,6117,7.2,20000000,27975429,1.4
374720,Movie,Dunkirk,Christopher Nolan,"Fionn Whitehead, Tom Hardy, Mark Rylance, Kenneth Branagh, Cillian Murphy","United Kingdom, United States of America",2017-07-19,2017,7.45,"War, Action, Drama",en,51.899,16641,7.45,150000000,527000000,3.51
47971,Movie,xXx: Return of Xander Cage,D.J. Caruso,"Vin Diesel, Donnie Yen Chi-Tan, Ruby Rose, Toni Collette, Samuel L. Jackson","Canada, China, United States of America",2017-01-13,2017,6.135,"Action, Adventure, Crime",en,51.512,8991,6.135,85000000,346118277,4.07
293167,Movie,Kong: Skull Island,Jordan Vogt-Roberts,"Tom Hiddleston, Samuel L. Jackson, John Goodman, Brie Larson, Jing Tian","China, United States of America",2017-03-08,2017,6.543,"Action, Adventure, Fantasy",en,50.998,10552,6.543,185000000,566652812,3.06
281338,Movie,War for the Planet of the Apes,Matt Reeves,"Andy Serkis, Woody Harrelson, Karin Konoval, Terry Notary, Steve Zahn",United States of America,2017-07-11,2017,7.2,"Drama, Science Fiction, War",en,50.884,9144,7.2,150000000,490719763,3.27
353070,Movie,Going in Style,Zach Braff,"Morgan Freeman, Michael Caine, Alan Arkin, Ann-Margret, John Ortiz",United States of America,2017-04-06,2017,6.706,"Crime, Comedy",en,48.646,2814,6.706,25000000,84618541,3.38
397567,Movie,Along with the Gods: The Two Worlds,Kim Yong-hwa,"Ha Jung-woo, Cha Tae-hyun, Ju Ji-hoon, Kim Hyang-gi, Lee Jung-jae",South Korea,2017-12-20,2017,8.075,"Action, Adventure, Drama, Fantasy, Thriller",ko,47.967,1069,8.075,18300000,125983972,6.88
339964,Movie,Valerian and the City of a Thousand Planets,Luc Besson,"Dane DeHaan, Cara Delevingne, Clive Owen, Rihanna, Ethan Hawke","France, Germany, United Arab Emirates, United States of America, Belgium, Canada, China",2017-07-20,2017,6.627,"Adventure, Science Fiction, Action",en,47.957,7545,6.627,177200000,225973340,1.28
282035,Movie,The Mummy,Alex Kurtzman,"Tom Cruise, Annabelle Wallis, Sofia Boutella, Jake Johnson, Courtney B. Vance","Japan, United States of America",2017-06-06,2017,5.513,"Fantasy, Thriller, Action, Adventure, Horror",en,47.712,7273,5.513,125000000,409231607,3.27
411088,Movie,The Invisible Guest,Oriol Paulo,"Mario Casas, Ana Wagener, Jose Coronado, Bárbara Lennie, Francesc Orella",Spain,2017-01-06,2017,8.1,"Drama, Mystery, Thriller",es,47.136,4603,8.1,4000000,30000000,7.5
392044,Movie,Murder on the Orient Express,Kenneth Branagh,"Kenneth Branagh, Tom Bateman, Michelle Pfeiffer, Johnny Depp, Josh Gad",United States of America,2017-11-03,2017,6.7,"Mystery, Drama, Crime",en,46.968,10026,6.7,55000000,352800000,6.41
390043,Movie,The Hitman's Bodyguard,Patrick Hughes,"Ryan Reynolds, Samuel L. Jackson, Gary Oldman, Salma Hayek Pinault, Elodie Yung","Bulgaria, Canada, France, Hong Kong, Netherlands, United States of America",2017-08-16,2017,6.9,"Action, Comedy, Crime, Thriller",en,46.79,6257,6.9,30000000,176586701,5.89
324852,Movie,Despicable Me 3,"Pierre Coffin, Kyle Balda","Steve Carell, Kristen Wiig, Trey Parker, Miranda Cosgrove, Dana Gaier",United States of America,2017-06-15,2017,6.5,"Action, Animation, Comedy, Family, Adventure",en,46.252,7247,6.5,80000000,1034800131,12.94
343668,Movie,Kingsman: The Golden Circle,Matthew Vaughn,"Taron Egerton, Colin Firth, Julianne Moore, Mark Strong, Hanna Alström","United Kingdom, United States of America",2017-09-20,2017,6.962,"Action, Adventure, Comedy",en,45.72,10511,6.962,104000000,410902662,3.95
315837,Movie,Ghost in the Shell,Rupert Sanders,"Scarlett Johansson, Takeshi Kitano, Michael Pitt, Pilou Asbæk, Chin Han","China, Hong Kong, India, United States of America",2017-03-29,2017,6.087,"Science Fiction, Drama, Action",en,45.321,8085,6.087,110000000,169801921,1.54
379149,Movie,The Foreigner,Martin Campbell,"Pierce Brosnan, Jackie Chan, Rory Fleck-Byrne, Ray Fearon, Charlie Murphy","China, India, United Kingdom, United States of America",2017-09-28,2017,6.969,"Action, Thriller, Crime",en,44.719,2684,6.969,35000000,145374099,4.15
406997,Movie,Wonder,Stephen Chbosky,"Jacob Tremblay, Julia Roberts, Owen Wilson, Izabela Vidovic, Noah Jupe","Canada, Hong Kong, United States of America",2017-11-13,2017,8.1,"Drama, Family",en,42.794,7928,8.1,20000000,315025930,15.75
399055,Movie,The Shape of Water,Guillermo del Toro,"Sally Hawkins, Michael Shannon, Richard Jenkins, Octavia Spencer, Michael Stuhlbarg",United States of America,2017-12-01,2017,7.244,"Drama, Fantasy, Romance",en,41.298,12239,7.244,19500000,195300000,10.02
324849,Movie,The Lego Batman Movie,Chris McKay,"Will Arnett, Michael Cera, Rosario Dawson, Ralph Fiennes, Zach Galifianakis","Australia, Denmark, United States of America",2017-02-08,2017,7.2,"Animation, Action, Comedy, Family",en,40.947,5052,7.2,80000000,311950384,3.9
274855,Movie,Geostorm,Dean Devlin,"Gerard Butler, Alexandra Maria Lara, Jim Sturgess, Abbie Cornish, Ed Harris","Canada, Hong Kong, United States of America",2017-10-12,2017,6.1,"Action, Science Fiction, Thriller",en,39.372,4855,6.1,120000000,221600160,1.85
433808,Movie,The Ritual,David Bruckner,"Rafe Spall, Arsher Ali, Robert James-Collier, Sam Troughton, Paul Reid","Canada, United Kingdom, United States of America",2017-10-11,2017,6.3,"Horror, Thriller, Mystery",en,39.263,3055,6.3,1000000,1786396,1.79
479718,Movie,The Outlaws,Kang Yun-sung,"Don Lee, Yoon Kye-sang, Jo Jae-yun, Choi Gwi-hwa, Lim Hyung-jun",South Korea,2017-10-03,2017,7.7,"Action, Crime, Thriller",ko,38.048,448,7.7,5900000,52946454,8.97
274857,Movie,King Arthur: Legend of the Sword,Guy Ritchie,"Charlie Hunnam, Jude Law, Astrid Bergès-Frisbey, Eric Bana, Djimon Hounsou",United States of America,2017-05-10,2017,6.549,"Action, Drama, Fantasy",en,37.962,5749,6.549,175000000,148700000,0.85
395992,Movie,Life,Daniel Espinosa,"Jake Gyllenhaal, Ryan Reynolds, Rebecca Ferguson, Hiroyuki Sanada, Olga Dihovichnaya",United States of America,2017-03-22,2017,6.4,"Horror, Science Fiction, Mystery, Thriller",en,37.472,7430,6.4,58000000,100541806,1.73
400928,Movie,Gifted,Marc Webb,"Chris Evans, Mckenna Grace, Lindsay Duncan, Jenny Slate, Octavia Spencer","United Kingdom, United States of America",2017-04-07,2017,8.0,"Drama, Comedy",en,36.749,5582,8.0,7000000,40300000,5.76
364689,Movie,Ferdinand,Carlos Saldanha,"John Cena, Kate McKinnon, Anthony Anderson, Bobby Cannavale, Peyton Manning",United States of America,2017-12-09,2017,7.2,"Animation, Family, Adventure, Comedy",en,36.179,2879,7.2,111000000,295038508,2.66
268531,Movie,Captain Underpants: The First Epic Movie,David Soren,"Kevin Hart, Thomas Middleditch, Ed Helms, Nick Kroll, Jordan Peele",United States of America,2017-06-01,2017,6.2,"Action, Animation, Comedy, Family",en,35.776,1229,6.2,38000000,125427681,3.3
381289,Movie,A Dog's Purpose,Lasse Hallström,"Josh Gad, K.J. Apa, Britt Robertson, Dennis Quaid, Peggy Lipton","Canada, India, United States of America",2017-01-19,2017,7.634,"Adventure, Comedy, Fantasy, Family, Drama",en,35.174,3357,7.634,22000000,205000000,9.32
415842,Movie,American Assassin,Michael Cuesta,"Dylan O'Brien, Michael Keaton, Taylor Kitsch, Shiva Negar, Sanaa Lathan","Hong Kong, United States of America",2017-09-14,2017,6.4,"Action, Adventure, Thriller",en,34.797,3040,6.4,33000000,67200000,2.04
399366,Movie,Marrowbone,Sergio G. Sánchez,"George MacKay, Anya Taylor-Joy, Charlie Heaton, Mia Goth, Matthew Stagg","Spain, United States of America",2017-10-27,2017,7.267,"Thriller, Horror, Mystery",es,34.559,1627,7.267,8000000,12294931,1.54
391713,Movie,Lady Bird,Greta Gerwig,"Saoirse Ronan, Laurie Metcalf, Tracy Letts, Lucas Hedges, Timothée Chalamet",United States of America,2017-09-01,2017,7.258,"Drama, Comedy",en,34.218,8598,7.258,10000000,79000000,7.9
55341,Movie,Jeepers Creepers 3,Victor Salva,"Stan Shaw, Gabrielle Haugh, Jonathan Breck, Brandon Smith, Meg Foster",United States of America,2017-09-26,2017,4.895,"Horror, Mystery, Thriller",en,33.999,907,4.895,6200000,4017852,0.65
340837,Movie,A Cure for Wellness,Gore Verbinski,"Dane DeHaan, Jason Isaacs, Mia Goth, Harry Groener, Celia Imrie","Germany, United States of America",2017-02-15,2017,6.3,"Horror, Mystery, Science Fiction",en,33.976,3860,6.3,40000000,26620002,0.67
341013,Movie,Atomic Blonde,David Leitch,"Charlize Theron, James McAvoy, Eddie Marsan, John Goodman, Toby Jones","Germany, Hungary, Sweden, United States of America",2017-07-26,2017,6.4,"Action, Adventure, Thriller",en,33.97,6264,6.4,30000000,100014025,3.33
378236,Movie,The Emoji Movie,Tony Leondis,"T.J. Miller, James Corden, Anna Faris, Maya Rudolph, Steven Wright",United States of America,2017-07-23,2017,5.4,"Animation, Family, Comedy",en,32.399,3127,5.4,50000000,216909830,4.34
393345,Movie,Cult of Chucky,Don Mancini,"Fiona Dourif, Brad Dourif, Alex Vincent, Jennifer Tilly, Michael Therriault","Canada, United States of America",2017-10-12,2017,5.819,"Horror, Thriller",en,32.243,1302,5.819,6500000,2332018,0.36
395834,Movie,Wind River,Taylor Sheridan,"Jeremy Renner, Elizabeth Olsen, Gil Birmingham, Graham Greene, Jon Bernthal","France, United Kingdom, United States of America",2017-08-03,2017,7.434,"Crime, Mystery, Thriller",en,31.75,5303,7.434,11000000,44998252,4.09
395991,Movie,Only the Brave,Joseph Kosinski,"Josh Brolin, Miles Teller, Jeff Bridges, Jennifer Connelly, James Badge Dale",United States of America,2017-09-22,2017,7.4,"Drama, Action",en,31.719,1613,7.4,38000000,25754775,0.68
399404,Movie,Darkest Hour,Joe Wright,"Gary Oldman, Kristin Scott Thomas, Ben Mendelsohn, Lily James, Ronald Pickup","United Kingdom, United States of America",2017-11-22,2017,7.351,"Drama, History",en,31.556,5147,7.351,30000000,150847207,5.03
305470,Movie,Power Rangers,Dean Israelite,"Dacre Montgomery, RJ Cyler, Ludi Lin, Naomi Scott, Becky G","United States of America, Hong Kong",2017-03-23,2017,6.3,"Action, Adventure, Science Fiction",en,31.192,4433,6.3,105000000,142300000,1.36
419680,Movie,Daddy's Home 2,Sean Anders,"Will Ferrell, Mark Wahlberg, Mel Gibson, John Lithgow, Linda Cardellini",United States of America,2017-11-09,2017,6.3,Comedy,en,31.063,2568,6.3,69000000,180613180,2.62
137116,Movie,Smurfs: The Lost Village,Kelly Asbury,"Demi Lovato, Rainn Wilson, Joe Manganiello, Jack McBrayer, Danny Pudi","China, United States of America",2017-03-23,2017,6.3,"Animation, Family, Adventure, Comedy",en,28.792,1454,6.3,60000000,197183546,3.29
298250,Movie,Jigsaw,"Michael Spierig, Peter Spierig","Matt Passmore, Tobin Bell, Callum Keith Rennie, Hannah Emily Anderson, Clé Bennett",United States of America,2017-10-25,2017,6.2,"Horror, Mystery, Thriller",en,28.506,3720,6.2,10000000,104223315,10.42
394117,Movie,The Florida Project,Sean Baker,"Brooklynn Prince, Bria Vinaite, Willem Dafoe, Christopher Rivera, Valeria Cotto",United States of America,2017-10-06,2017,7.423,Drama,en,28.395,2801,7.423,2000000,11303040,5.65
399057,Movie,The Killing of a Sacred Deer,Yorgos Lanthimos,"Colin Farrell, Nicole Kidman, Barry Keoghan, Raffey Cassidy, Sunny Suljic","United Kingdom, United States of America, Ireland",2017-10-20,2017,7.022,"Drama, Thriller, Mystery",en,28.339,4086,7.022,3000000,10700000,3.57
274862,Movie,The Lego Ninjago Movie,"Charlie Bean, Bob Logan, Paul Fisher","Dave Franco, Justin Theroux, Fred Armisen, Abbi Jacobson, Olivia Munn","Australia, Denmark, United States of America",2017-09-21,2017,6.494,"Family, Animation, Action, Adventure, Comedy",en,28.23,1069,6.494,70000000,123081555,1.76
359940,Movie,"Three Billboards Outside Ebbing, Missouri",Martin McDonagh,"Frances McDormand, Woody Harrelson, Sam Rockwell, Lucas Hedges, Abbie Cornish","United Kingdom, United States of America",2017-12-01,2017,8.068,"Crime, Drama",en,28.134,10208,8.068,15000000,162729321,10.85
14564,Movie,Rings,F. Javier Gutiérrez,"Matilda Lutz, Alex Roe, Johnny Galecki, Vincent D'Onofrio, Aimee Teegarden",United States of America,2017-02-01,2017,5.0,Horror,en,27.74,2498,5.0,25000000,83080890,3.32
381283,Movie,mother!,Darren Aronofsky,"Jennifer Lawrence, Javier Bardem, Ed Harris, Michelle Pfeiffer, Brian Gleeson",United States of America,2017-09-13,2017,7.0,"Drama, Horror, Thriller",en,27.545,6730,7.0,30000000,44516999,1.48
337170,Movie,American Made,Doug Liman,"Tom Cruise, Domhnall Gleeson, Sarah Wright, Jesse Plemons, Caleb Landry Jones","Luxembourg, United States of America",2017-08-18,2017,6.882,"Comedy, Crime, Drama",en,27.09,4571,6.882,50000000,133511855,2.67
405775,Movie,The Wall,Doug Liman,"Aaron Taylor-Johnson, John Cena, Laith Nakli",United States of America,2017-05-12,2017,6.376,"War, Thriller, Drama, Action",en,26.98,968,6.376,3000000,4500000,1.5
293768,Movie,Kidnap,Luis Prieto,"Halle Berry, Sage Correa, Chris McGinn, Lew Temple, Jason George","United Kingdom, United States of America",2017-08-03,2017,6.213,"Action, Thriller",en,26.736,1275,6.213,21000000,30718107,1.46
417678,Movie,"Everything, Everything",Stella Meghie,"Amandla Stenberg, Nick Robinson, Anika Noni Rose, Ana de la Reguera, Taylor Hickson",United States of America,2017-05-18,2017,7.2,"Drama, Romance",en,26.194,3687,7.2,10000000,61621140,6.16
314095,Movie,The Lost City of Z,James Gray,"Charlie Hunnam, Robert Pattinson, Sienna Miller, Tom Holland, Angus Macfadyen","United Kingdom, United States of America",2017-03-15,2017,6.402,"Adventure, Drama, History",en,25.897,2877,6.402,30000000,8574339,0.29
390051,Movie,Aftermath,Elliott Lester,"Arnold Schwarzenegger, Scoot McNairy, Maggie Grace, Judah Nelson, Larry Sullivan","United Kingdom, United States of America",2017-02-28,2017,5.7,"Drama, Thriller",en,25.604,908,5.7,10500000,840809,0.08
301337,Movie,Downsizing,Alexander Payne,"Matt Damon, Christoph Waltz, Hong Chau, Kristen Wiig, Rolf Lassgård",United States of America,2017-12-22,2017,5.4,"Drama, Science Fiction",en,24.682,3846,5.4,68000000,55003890,0.81
290512,Movie,The Mountain Between Us,Hany Abu-Assad,"Idris Elba, Kate Winslet, Dermot Mulroney, Beau Bridges, Linda Sorensen",United States of America,2017-10-05,2017,6.7,"Drama, Adventure, Romance",en,24.672,2408,6.7,35000000,62832209,1.8
400617,Movie,Phantom Thread,Paul Thomas Anderson,"Daniel Day-Lewis, Vicky Krieps, Lesley Manville, Camilla Rutherford, Gina McKee","United States of America, China",2017-12-25,2017,7.3,"Drama, Romance",en,24.368,3509,7.3,35000000,47756590,1.36
446354,Movie,The Post,Steven Spielberg,"Meryl Streep, Tom Hanks, Sarah Paulson, Bob Odenkirk, Tracy Letts",United States of America,2017-12-22,2017,7.0,"Drama, History",en,23.767,4622,7.0,50000000,179769467,3.6
398181,Movie,You Were Never Really Here,Lynne Ramsay,"Joaquin Phoenix, Judith Roberts, Ekaterina Samsonov, John Doman, Alex Manette","France, United Kingdom",2017-11-08,2017,6.549,"Crime, Drama, Thriller",en,23.621,2817,6.549,17000000,9400000,0.55
384680,Movie,Hostiles,Scott Cooper,"Christian Bale, Rosamund Pike, Wes Studi, Jesse Plemons, Adam Beach",United States of America,2017-12-22,2017,6.9,"Drama, Western, History",en,23.6,2312,6.9,55000000,36976336,0.67
437109,Movie,The Villainess,Jung Byung-gil,"Kim Ok-vin, Shin Ha-kyun, Sung Joon, Kim Seo-hyung, Cho Eun-ji",South Korea,2017-06-08,2017,6.9,"Action, Crime, Drama, Thriller",ko,23.588,708,6.9,125000,8737458,69.9
396371,Movie,Molly's Game,Aaron Sorkin,"Jessica Chastain, Idris Elba, Kevin Costner, Michael Cera, Jeremy Strong","Canada, China, United States of America",2017-12-07,2017,7.1,"Drama, Crime",en,23.573,3752,7.1,30000000,59284015,1.98
353616,Movie,Pitch Perfect 3,Trish Sie,"Anna Kendrick, Rebel Wilson, Brittany Snow, Hailee Steinfeld, Elizabeth Banks","United States of America, China",2017-12-20,2017,6.5,"Comedy, Music",en,23.39,3313,6.5,45000000,185400345,4.12
452773,Movie,"Tad, the Lost Explorer, and the Secret of King Midas","Enrique Gato, David Alonso","Óscar Barberán, Michelle Jenner, Adriana Ugarte, Luis Posada, Miguel Ángel Jenner","Spain, United Kingdom",2017-03-25,2017,6.7,"Animation, Adventure, Comedy, Family",es,23.333,412,6.7,10778400,34156960,3.17
440021,Movie,Happy Death Day,Christopher Landon,"Jessica Rothe, Israel Broussard, Ruby Modine, Rachel Matthews, Billy Slaughter",United States of America,2017-10-12,2017,6.7,"Comedy, Horror, Mystery",en,23.292,6209,6.7,4800000,125479266,26.14
389015,Movie,"I, Tonya",Craig Gillespie,"Margot Robbie, Sebastian Stan, Allison Janney, Julianne Nicholson, Paul Walter Hauser",United States of America,2017-12-08,2017,7.5,"Drama, Comedy",en,23.268,5864,7.5,11000000,53900000,4.9
397422,Movie,Rough Night,Lucia Aniello,"Scarlett Johansson, Jillian Bell, Zoë Kravitz, Ilana Glazer, Kate McKinnon",United States of America,2017-06-15,2017,5.7,"Drama, Comedy",en,23.236,2003,5.7,20000000,45056771,2.25
418078,Movie,It Comes at Night,Trey Edward Shults,"Joel Edgerton, Christopher Abbott, Carmen Ejogo, Riley Keough, Kelvin Harrison, Jr.",United States of America,2017-06-09,2017,5.854,"Drama, Horror, Mystery",en,22.725,2396,5.854,5000000,19280931,3.86
339259,Movie,The Man with the Iron Heart,Cédric Jimenez,"Jason Clarke, Rosamund Pike, Jack O'Connell, Jack Reynor, Mia Wasikowska","Belgium, Czech Republic, France, United Kingdom, United States of America",2017-05-25,2017,6.553,"War, Action, History, Thriller",en,22.583,776,6.553,32679734,4412639,0.14
431530,Movie,A Bad Moms Christmas,"Scott Moore, Jon Lucas","Mila Kunis, Kristen Bell, Kathryn Hahn, Christine Baranski, Susan Sarandon","United States of America, China",2017-08-04,2017,6.3,Comedy,en,22.124,2102,6.3,28000000,130560428,4.66
335360,Movie,My Little Pony: The Movie,Jayson Thiessen,"Tara Strong, Ashleigh Ball, Andrea Libman, Tabitha St. Germain, Cathy Weseluck","Canada, United States of America",2017-10-05,2017,7.2,"Family, Animation, Adventure, Fantasy",en,22.107,384,7.2,6000000,61294644,10.22
428449,Movie,A Ghost Story,David Lowery,"Casey Affleck, Rooney Mara, McColm Cephas Jr., Kenneisha Thompson, Grover Coulson",United States of America,2017-04-24,2017,7.106,"Drama, Fantasy, Mystery, Romance",en,22.044,2337,7.106,100000,1929659,19.3
350312,Movie,Bāhubali 2: The Conclusion,S. S. Rajamouli,"Prabhas, Rana Daggubati, Anushka Shetty, Sathyaraj, Nassar",India,2017-04-27,2017,7.4,"Action, Adventure, Fantasy",te,21.742,749,7.4,31000000,280700000,9.05
462883,Movie,Woody Woodpecker,Alex Zamm,"Eric Bauza, Timothy Omundson, Thaila Ayala, Graham Verchere, Jordana Largy","Brazil, Canada, United States of America",2017-10-05,2017,6.6,"Comedy, Family, Animation",en,21.574,720,6.6,10000000,15316635,1.53
417644,Movie,CHiPS,Dax Shepard,"Michael Peña, Dax Shepard, Jessica McNamee, Rosa Salazar, Adam Brody",United States of America,2017-03-23,2017,6.1,"Action, Comedy, Crime",en,21.529,1308,6.1,25000000,26800152,1.07
399170,Movie,Logan Lucky,Steven Soderbergh,"Channing Tatum, Adam Driver, Daniel Craig, Riley Keough, Katie Holmes",United States of America,2017-08-17,2017,6.727,"Comedy, Crime",en,21.44,3557,6.727,29000000,48453605,1.67
335777,Movie,The Nut Job 2: Nutty by Nature,Cal Brunker,"Will Arnett, Maya Rudolph, Bobby Cannavale, Bobby Moynihan, Isabela Merced","Canada, South Korea, United States of America",2017-08-11,2017,5.971,"Animation, Family, Adventure, Comedy",en,21.006,419,5.971,40000000,65100000,1.63
417830,Movie,Diary of a Wimpy Kid: The Long Haul,David Bowers,"Jason Ian Drucker, Alicia Silverstone, Tom Everett Scott, Charlie Wright, Owen Asztalos",United States of America,2017-05-19,2017,5.3,"Comedy, Family",en,20.581,483,5.3,22000000,40120144,1.82
401513,Movie,Attraction,Fyodor Bondarchuk,"Irina Starshenbaum, Alexander Petrov, Rinal Mukhametov, Oleg Menshikov, Sergey Garmash",Russia,2017-01-26,2017,6.7,"Drama, Romance, Science Fiction, Adventure",ru,20.544,822,6.7,5027266,19454845,3.87
203835,Movie,Amityville: The Awakening,Franck Khalfoun,"Bella Thorne, Cameron Monaghan, Jennifer Jason Leigh, Thomas Mann, Jennifer Morrison",United States of America,2017-06-30,2017,5.3,"Horror, Thriller",en,20.517,1029,5.3,12000000,8481997,0.71
395458,Movie,Suburbicon,George Clooney,"Matt Damon, Julianne Moore, Noah Jupe, Oscar Isaac, Landon Gordon","China, United States of America",2017-10-26,2017,5.9,"Thriller, Crime, Drama, Mystery",en,20.482,1713,5.9,25000000,12751667,0.51
417870,Movie,Girls Trip,Malcolm D. Lee,"Regina Hall, Queen Latifah, Jada Pinkett Smith, Tiffany Haddish, Larenz Tate",United States of America,2017-07-21,2017,6.8,"Comedy, Romance, Adventure",en,20.462,1504,6.8,19000000,140376621,7.39
420622,Movie,Professor Marston and the Wonder Women,Angela Robinson,"Luke Evans, Rebecca Hall, Bella Heathcote, Connie Britton, JJ Feild",United States of America,2017-10-13,2017,7.173,"Drama, Romance",en,20.204,880,7.173,7000000,1600000,0.23
403119,Movie,47 Meters Down,Johannes Roberts,"Mandy Moore, Claire Holt, Matthew Modine, Chris Johnson, Yani Gellman","Dominican Republic, United Kingdom, United States of America",2017-05-25,2017,5.8,Horror,en,20.037,2740,5.8,5500000,62198461,11.31
180863,Movie,T2 Trainspotting,Danny Boyle,"Ewan McGregor, Jonny Lee Miller, Ewen Bremner, Robert Carlyle, Anjela Nedyalkova","United Kingdom, United States of America",2017-01-27,2017,6.9,"Drama, Comedy, Crime",en,19.957,3151,6.9,18000000,41681746,2.32
440597,Movie,Wish Upon,John R. Leonetti,"Joey King, Ryan Phillippe, Ki Hong Lee, Mitchell Slaggert, Shannon Purser","Canada, United States of America",2017-07-07,2017,5.7,"Horror, Thriller, Fantasy",en,19.614,1379,5.7,12000000,14300000,1.19
399019,Movie,The Beguiled,Sofia Coppola,"Colin Farrell, Nicole Kidman, Kirsten Dunst, Elle Fanning, Oona Laurence",United States of America,2017-06-23,2017,5.9,Drama,en,19.49,2159,5.9,10500000,27869129,2.65
430231,Movie,The Endless,"Aaron Moorhead, Justin Benson","Aaron Moorhead, Justin Benson, Callie Hernandez, Tate Ellington, Shane Brady",United States of America,2017-11-05,2017,6.3,"Science Fiction, Horror, Thriller",en,19.449,1122,6.3,1000000,956425,0.96
435800,Movie,Journey to the West: The Demons Strike Back,Tsui Hark,"Kris Wu, Lin Gengxin, Yao Chen, Lin Yun, Yang Yiwei","China, Hong Kong",2017-01-28,2017,5.776,"Adventure, Fantasy, Action",zh,19.346,107,5.776,63900000,248805149,3.89
402897,Movie,The Death of Stalin,Armando Iannucci,"Steve Buscemi, Simon Russell Beale, Jeffrey Tambor, Jason Isaacs, Michael Palin","Belgium, Canada, France, United Kingdom",2017-10-20,2017,7.003,"Comedy, Drama, History",en,19.249,1909,7.003,13000000,24600000,1.89
472454,Movie,Ayla: The Daughter of War,Can Ulkay,"İsmail Hacıoğlu, Kim Seol, Çetin Tekindor, Ali Atay, Murat Yildirim",Turkey,2017-10-27,2017,8.0,"Drama, War, History",tr,19.025,366,8.0,4200000,21107423,5.03
372343,Movie,The Snowman,Tomas Alfredson,"Michael Fassbender, Rebecca Ferguson, Charlotte Gainsbourg, Jonas Karlsson, Michael Yates","Sweden, United Kingdom, United States of America",2017-08-24,2017,5.2,"Crime, Thriller, Mystery, Horror",en,18.41,2249,5.2,35000000,43203413,1.23
382597,Movie,R.A.I.D. Special Unit,Dany Boon,"Alice Pol, Dany Boon, Michel Blanc, Yvan Attal, Sabine Azéma",France,2017-02-01,2017,5.723,"Action, Comedy",fr,18.318,910,5.723,32400000,34598750,1.07
365942,Movie,The Space Between Us,Peter Chelsom,"Asa Butterfield, Britt Robertson, Carla Gugino, Gary Oldman, Janet Montgomery","China, United States of America",2017-01-26,2017,7.1,"Romance, Adventure, Science Fiction, Drama",en,18.272,2465,7.1,30000000,14793385,0.49
416477,Movie,The Big Sick,Michael Showalter,"Kumail Nanjiani, Zoe Kazan, Holly Hunter, Ray Romano, Anupam Kher",United States of America,2017-03-30,2017,7.3,"Comedy, Drama, Romance",en,18.22,2452,7.3,5000000,56303596,11.26
445954,Movie,Acts of Vengeance,Isaac Florentine,"Antonio Banderas, Karl Urban, Paz Vega, Robert Forster, Cristina Serafini","United States of America, Bulgaria",2017-10-27,2017,5.9,"Thriller, Action, Drama",en,18.082,569,5.9,10000000,320705,0.03
339988,Movie,The Circle,James Ponsoldt,"Emma Watson, Tom Hanks, John Boyega, Karen Gillan, Ellar Coltrane","United Arab Emirates, United States of America",2017-04-27,2017,5.5,"Drama, Thriller, Science Fiction",en,17.98,4429,5.5,18000000,40651864,2.26
429733,Movie,Mayhem,Joe Lynch,"Steven Yeun, Samara Weaving, Steven Brand, Caroline Chikezie, Kerry Fox",United States of America,2017-11-10,2017,6.4,"Action, Comedy, Horror",en,17.439,698,6.4,2500000,17366,0.01
462677,Movie,Doraemon: Nobita's Great Adventure in the Antarctic Kachi Kochi,Atsushi Takahashi,"Wasabi Mizuta, Megumi Oohara, Yumi Kakazu, Tomokazu Seki, Subaru Kimura",Japan,2017-03-04,2017,6.5,"Animation, Adventure, Fantasy, Family",ja,17.336,93,6.5,8000000,61153455,7.64
335788,Movie,Renegades,Steven Quale,"J.K. Simmons, Sullivan Stapleton, Charlie Bewley, Sylvia Hoeks, Joshua Henry","Germany, Belgium, France, United States of America",2017-08-21,2017,5.6,"Thriller, Action",en,17.197,339,5.6,66190000,2602149,0.04
402529,Movie,All Eyez on Me,Benny Boom,"Demetrius Shipp Jr., Danai Gurira, Kat Graham, Jamal Woolard, Dominic L. Santana",United States of America,2017-06-12,2017,6.7,"History, Drama, Music",en,17.176,1171,6.7,40000000,44922302,1.12
437068,Movie,A Taxi Driver,Jang Hoon,"Song Kang-ho, Thomas Kretschmann, Yoo Hai-jin, Ryu Jun-yeol, Park Hyeok-kwon",South Korea,2017-08-02,2017,8.1,"Action, Drama, History",ko,16.923,1020,8.1,12820005,81927980,6.39
397415,Movie,Vengeance: A Love Story,Johnny Martin,"Nicolas Cage, Anna Hutchison, Talitha Eliana Bateman, Deborah Kara Unger, Don Johnson",United States of America,2017-03-16,2017,5.5,"Action, Drama, Thriller",en,16.841,311,5.5,7500000,4526,0.0
354556,Movie,Guardians,Sarik Andreasyan,"Anton Pampushnyy, Sanjar Madi, Sebastien Sisak, Alina Lanina, Valeriya Shkirando",Russia,2017-02-14,2017,5.0,"Action, Adventure, Comedy, Fantasy, Science Fiction, Thriller",ru,16.813,773,5.0,5400000,9765483,1.81
324542,Movie,Sleepless,Baran bo Odar,"Jamie Foxx, Michelle Monaghan, Dermot Mulroney, Scoot McNairy, David Harbour",United States of America,2017-01-12,2017,5.9,"Action, Crime, Thriller",en,16.546,1260,5.9,30000000,32540674,1.08
369192,Movie,Battle of the Sexes,"Valerie Faris, Jonathan Dayton","Emma Stone, Steve Carell, Andrea Riseborough, Sarah Silverman, Bill Pullman","United Kingdom, United States of America",2017-09-22,2017,6.8,"Drama, Comedy, History",en,16.523,1865,6.8,25000000,12638526,0.51
471968,Movie,The Last Warrior,Dmitriy Dyachenko,"Viktor Horinyak, Mila Syvatska, Ekaterina Vilkova, Konstantin Lavronenko, Sergey Burunov",Russia,2017-10-19,2017,6.9,"Fantasy, Family, Adventure, Action, Comedy",ru,16.413,177,6.9,8250000,30060061,3.64
452557,Movie,Wolf Warrior 2,Wu Jing,"Wu Jing, Frank Grillo, Celina Jade, Hans Zhang, Wu Gang",China,2017-07-27,2017,6.5,"War, Action, Thriller",zh,16.386,289,6.5,29700000,870322670,29.3
400710,Movie,Flatliners,Niels Arden Oplev,"Elliot Page, Diego Luna, Nina Dobrev, James Norton, Kiersey Clemons",United States of America,2017-09-28,2017,5.655,"Drama, Horror, Thriller",en,16.283,2279,5.655,19000000,45158254,2.38
513434,Movie,One Cut of the Dead,Shinichiro Ueda,"Takayuki Hamatsu, Yuzuki Akiyama, Kazuaki Nagaya, Harumi Shuhama, Mao",Japan,2017-11-04,2017,7.629,"Comedy, Horror",ja,16.168,866,7.629,52406,27590180,526.47
257785,Movie,Tulip Fever,Justin Chadwick,"Alicia Vikander, Dane DeHaan, Christoph Waltz, Judi Dench, Jack O'Connell","United Kingdom, United States of America",2017-07-13,2017,6.5,"Drama, Romance",en,16.159,697,6.5,25000000,9204549,0.37
292280,Movie,The Bye Bye Man,Stacy Title,"Douglas Smith, Lucien Laviscount, Cressida Bonas, Doug Jones, Michael Trucco",United States of America,2017-01-12,2017,5.2,"Horror, Thriller",en,16.136,1235,5.2,7400000,26700000,3.61
455714,Movie,Bad Genius,Nattawut Poonpiriya,"Chutimon Chuengcharoensukying, Eisaya Hosuwan, Teeradon Supapunpinyo, Chanon Santinatornkul, Thaneth Warakulnukroh",Thailand,2017-05-03,2017,7.892,"Drama, Crime, Thriller, Comedy",th,16.114,788,7.892,1839169,42350000,23.03
446791,Movie,All the Money in the World,Ridley Scott,"Michelle Williams, Mark Wahlberg, Christopher Plummer, Charlie Plummer, Romain Duris","Italy, United States of America",2017-12-21,2017,6.473,"Crime, History, Thriller",en,15.995,2276,6.473,50000000,56996304,1.14
435577,Movie,The 12th Man,Harald Zwart,"Thomas Gullestad, Jonathan Rhys Meyers, Marie Blokhus, Mads Sjøgård Pettersen, Martin Kiefer",Norway,2017-12-25,2017,7.1,"War, Drama",no,15.845,545,7.1,7806306,9567121,1.23
415381,Movie,Furious,"Ivan Shurkhovetskiy, Dzhanik Fayziev","Ilya Malakov, Aleksandr Tsoy, Andrey Burkovskiy, Aleksandr Ilyin Jr, Aleksey Serebryakov",Russia,2017-11-30,2017,6.1,"Fantasy, Action, Adventure",ru,15.69,151,6.1,5610000,10657499,1.9
334521,Movie,Free Fire,Ben Wheatley,"Cillian Murphy, Brie Larson, Armie Hammer, Sharlto Copley, Jack Reynor",United Kingdom,2017-03-31,2017,6.3,"Action, Crime, Mystery",en,15.528,1140,6.3,7000000,3719383,0.53
373569,Movie,Snatched,Jonathan Levine,"Amy Schumer, Goldie Hawn, Tom Bateman, Christopher Meloni, Wanda Sykes",United States of America,2017-05-03,2017,5.3,"Action, Comedy",en,15.458,797,5.3,42000000,60800000,1.45
339877,Movie,Loving Vincent,"DK Welchman, Hugh Welchman","Douglas Booth, Robert Gulaczyk, Eleanor Tomlinson, Helen McCrory, Saoirse Ronan","United Kingdom, Poland",2017-06-22,2017,7.995,"Animation, Drama, Mystery, History",en,15.457,2470,7.995,5500000,42187665,7.67
413644,Movie,The Son of Bigfoot,"Jérémie Degruson, Ben Stassen","Pappy Faulkner, Christopher Lee Parson, Terrence Stone, Marieve Herington, Cinda Adams","Belgium, France, United States of America",2017-07-26,2017,6.5,"Family, Animation, Comedy",en,15.449,485,6.5,30000000,46372519,1.55
397837,Movie,Before I Fall,Ry Russo-Young,"Zoey Deutch, Halston Sage, Elena Kampouris, Jennifer Beals, Logan Miller",United States of America,2017-03-02,2017,7.0,"Drama, Fantasy",en,15.437,3433,7.0,5000000,16373843,3.27
408266,Movie,Birth of the Dragon,George Nolfi,"Philip Ng Wan-Lung, Billy Magnussen, Yu Xia, Ron Yuan, Darren E. Scott","China, United States of America",2017-08-25,2017,5.7,"Action, Drama",en,15.161,297,5.7,31000000,7125027,0.23
383785,Movie,Kung Fu Yoga,Stanley Tong Gwai-Lai,"Jackie Chan, Aarif Rahman, Zhang Yixing, Miya Muqi, Sonu Sood","China, Hong Kong, Iceland, India, South Korea, United Arab Emirates",2017-01-27,2017,5.9,"Comedy, Mystery, Family, Action, Adventure",zh,15.127,385,5.9,65000000,254212245,3.91
450322,Movie,The Man Who Invented Christmas,Bharat Nalluri,"Dan Stevens, Christopher Plummer, Jonathan Pryce, Justin Edwards, Morfydd Clark","Ireland, Canada",2017-10-12,2017,6.8,"Drama, History, Comedy, Family",en,15.107,819,6.8,17000000,8100000,0.48
467012,Movie,Satan's Slaves,Joko Anwar,"Tara Basro, Endy Arfian, Nasar Anuz, M. Adhiyat, Ayu Laksmi","Indonesia, South Korea",2017-09-28,2017,6.6,"Drama, Horror, Mystery",id,14.957,268,6.6,147983,3888635,26.28
424998,Movie,The Case for Christ,Jon Gunn,"Mike Vogel, Erika Christensen, Faye Dunaway, Robert Forster, Frankie Faison",United States of America,2017-04-07,2017,6.8,Drama,en,14.859,280,6.8,3000000,18200000,6.07
453354,Movie,Ava,Léa Mysius,"Noée Abita, Laure Calamy, Juan Cano, Tamara Cano, Ismaël Capelot",France,2017-06-21,2017,6.3,Drama,fr,14.85,251,6.3,3000000,500000,0.17
354861,Movie,Father Figures,Lawrence Sher,"Owen Wilson, Ed Helms, J.K. Simmons, Katt Williams, Terry Bradshaw",United States of America,2017-12-21,2017,5.8,Comedy,en,14.806,633,5.8,25000000,25601244,1.02
347629,Movie,Thank You for Your Service,Jason Hall,"Miles Teller, Haley Bennett, Joe Cole, Amy Schumer, Beulah Koale",United States of America,2017-10-26,2017,6.5,"Drama, War",en,14.775,378,6.5,20000000,9995692,0.5
398924,Movie,A Bag of Marbles,Christian Duguay,"Dorian Le Clech, Batyste Fleurial, Patrick Bruel, Elsa Zylberstein, Bernard Campan","Belgium, Canada, Czech Republic, France",2017-01-18,2017,7.8,"War, Drama",fr,14.762,858,7.8,21400000,10898998,0.51
408648,Movie,Batman and Harley Quinn,Sam Liu,"Kevin Conroy, Melissa Rauch, Paget Brewster, Loren Lester, Kevin Michael Richardson",United States of America,2017-08-14,2017,6.1,"Adventure, Action, Animation, Science Fiction, Comedy, Crime, Fantasy",en,14.579,614,6.1,3500000,39091,0.01
289222,Movie,The Zookeeper's Wife,Niki Caro,"Jessica Chastain, Daniel Brühl, Johan Heldenbergh, Michael McElhatton, Timothy Radford","Czech Republic, United Kingdom, United States of America",2017-03-24,2017,7.3,"Drama, History, War",en,14.455,1502,7.3,20000000,26152835,1.31
397538,Movie,Borg vs McEnroe,Janus Metz,"Sverrir Gudnason, Shia LaBeouf, Stellan Skarsgård, Tuva Novotny, Leo Borg","Denmark, Finland, Sweden, Czech Republic",2017-09-08,2017,6.9,"Drama, History",sv,14.348,1151,6.9,7500000,16657800,2.22
416186,Movie,Godard Mon Amour,Michel Hazanavicius,"Louis Garrel, Stacy Martin, Bérénice Bejo, Micha Lescot, Grégory Gadebois","Myanmar, France",2017-06-24,2017,6.6,"Drama, Romance, Comedy",fr,14.186,357,6.6,12840746,82264,0.01
295693,Movie,The Boss Baby,Tom McGrath,"Alec Baldwin, Steve Buscemi, Miles Bakshi, Jimmy Kimmel, Lisa Kudrow",United States of America,2017-03-23,2017,6.446,"Animation, Comedy, Family",en,14.148,7131,6.446,125000000,527965936,4.22
345922,Movie,Fist Fight,Richie Keen,"Charlie Day, Ice Cube, Tracy Morgan, Jillian Bell, Christina Hendricks",United States of America,2017-02-16,2017,6.1,Comedy,en,14.128,1247,6.1,22000000,41087017,1.87
427900,Movie,Home Again,Hallie Meyers-Shyer,"Reese Witherspoon, Pico Alexander, Michael Sheen, Candice Bergen, Nat Wolff",United States of America,2017-09-07,2017,6.1,"Comedy, Drama, Romance",en,14.047,1200,6.1,12000000,27020284,2.25
413362,Movie,"Roman J. Israel, Esq.",Dan Gilroy,"Denzel Washington, Colin Farrell, Carmen Ejogo, Lynda Gravatt, Amanda Warren","United Arab Emirates, United States of America, Canada, China",2017-11-17,2017,6.3,"Drama, Crime, Thriller",en,14.024,1290,6.3,22000000,13025860,0.59
425336,Movie,Loving Pablo,Fernando León de Aranoa,"Javier Bardem, Penélope Cruz, Peter Sarsgaard, Julieth Restrepo, Óscar Jaenada","Bulgaria, Spain",2017-10-12,2017,6.3,"Crime, Drama",es,14.001,998,6.3,4667008,17535962,3.76
418437,Movie,Unforgettable,Denise Di Novi,"Rosario Dawson, Katherine Heigl, Geoff Stults, Isabella Kai, Alex Quijano",United States of America,2017-03-06,2017,5.891,"Drama, Thriller",en,13.777,645,5.891,12000000,17800000,1.48
336000,Movie,The Glass Castle,Destin Daniel Cretton,"Brie Larson, Woody Harrelson, Naomi Watts, Max Greenfield, Sarah Snook","Hong Kong, United States of America",2017-08-11,2017,7.1,Drama,en,13.626,832,7.1,9000000,22088533,2.45
414453,Movie,Columbus,Kogonada,"John Cho, Haley Lu Richardson, Michelle Forbes, Rory Culkin, Parker Posey",United States of America,2017-08-04,2017,7.1,Drama,en,13.587,402,7.1,700000,1015744,1.45
436391,Movie,The Battleship Island,Ryoo Seung-wan,"Hwang Jung-min, So Ji-sub, Song Joong-ki, Lee Jung-hyun, Kim Su-an",South Korea,2017-07-26,2017,7.1,"Action, History, Drama, War",ko,13.538,263,7.1,21000000,46183383,2.2
404733,Movie,Overdrive,Antonio Negret,"Scott Eastwood, Freddie Thorp, Ana de Armas, Gaia Weiss, Clemens Schick","Belgium, France, United States of America",2017-06-16,2017,6.1,"Thriller, Action, Mystery",en,13.48,951,6.1,28210303,11247280,0.4
401898,Movie,Thelma,Joachim Trier,"Eili Harboe, Kaya Wilkins, Henrik Rafaelsen, Ellen Dorrit Petersen, Grethe Eltervåg","Denmark, France, Norway, Sweden",2017-09-15,2017,6.8,"Drama, Mystery, Thriller",no,13.467,1036,6.8,5700000,1500000,0.26
434119,Movie,Confidential Assignment,Kim Sung-hoon,"Hyun Bin, Yoo Hai-jin, Kim Joo-hyuk, Jang Young-nam, Lee Dong-hwi",South Korea,2017-01-18,2017,6.84,"Action, Drama",ko,13.448,131,6.84,8520000,56100000,6.58
435901,Movie,About Love,Vladimir Bortko,"Anna Chipovskaya, Aleksey Chadov, Dmitriy Pevtsov, Aleksandr Lykov, Mariya Mironova",Russia,2017-03-23,2017,5.5,"Romance, Drama, Thriller",ru,13.415,22,5.5,2000000,182710,0.09
461714,Movie,China Salesman,Tan Bing,"Li Dongxue, Mike Tyson, Janicke Askevold, Steven Seagal, Li Ai",China,2017-06-16,2017,5.5,"Action, Thriller",en,13.273,99,5.5,15119234,1637776,0.11
313943,Movie,Revolt,Joe Miale,"Lee Pace, Bérénice Marlohe, Jason Flemyng, Sibulele Gcilitshana, Wandile Molebatsi",United Kingdom,2017-07-01,2017,5.5,"Science Fiction, Action",en,13.113,373,5.5,4000000,24416,0.01
430474,Movie,Deep,Julio Soto Gurpide,"Justin Felbinger, Jess Harnell, Phil LaMarr, Dwight Schultz, Elisabeth Gray","Belgium, China, Spain, Switzerland, United Kingdom, United States of America",2017-05-11,2017,6.0,"Animation, Family, Adventure",en,13.054,141,6.0,6000000,10972300,1.83
316154,Movie,The Bad Batch,Ana Lily Amirpour,"Suki Waterhouse, Jason Momoa, Yolonda Ross, Keanu Reeves, Giovanni Ribisi",United States of America,2017-06-23,2017,5.3,"Drama, Horror, Science Fiction",en,13.044,1090,5.3,6000000,180851,0.03
371638,Movie,The Disaster Artist,James Franco,"Dave Franco, James Franco, Seth Rogen, Ari Graynor, Alison Brie",United States of America,2017-03-12,2017,7.109,"Comedy, Drama",en,13.041,3545,7.109,10000000,29820616,2.98
301355,Movie,Message from the King,Fabrice Du Welz,"Chadwick Boseman, Luke Evans, Alfred Molina, Teresa Palmer, Natalie Martinez","Belgium, Canada, United Kingdom, United States of America",2017-05-10,2017,6.3,"Action, Mystery, Thriller",en,12.905,453,6.3,10000000,315132,0.03
451955,Movie,Double Lover,François Ozon,"Marine Vacth, Jérémie Renier, Jacqueline Bisset, Myriam Boyer, Dominique Reymond","Belgium, France",2017-05-26,2017,6.1,"Romance, Thriller, Drama",fr,12.675,527,6.1,7110000,4248574,0.6
455551,Movie,The Recall,Mauro Borrelli,"Wesley Snipes, RJ Mitte, Jedidiah Goodacre, Laura Bilgeri, Niko Pepaj",Canada,2017-06-02,2017,4.6,"Science Fiction, Horror",en,12.627,341,4.6,5000000,1319566,0.26
383709,Movie,Wonderstruck,Todd Haynes,"Oakes Fegley, Millicent Simmonds, Julianne Moore, Michelle Williams, Cory Michael Smith",United States of America,2017-10-13,2017,6.0,Drama,en,12.556,403,6.0,7000000,1947099,0.28
407448,Movie,Detroit,Kathryn Bigelow,"John Boyega, Will Poulter, Anthony Mackie, Algee Smith, Hannah Murray",United States of America,2017-07-28,2017,7.275,"Crime, Drama, Thriller, History",en,12.467,1642,7.275,34000000,23400000,0.69
459202,Movie,Boo 2! A Madea Halloween,Tyler Perry,"Tyler Perry, Cassi Davis, Patrice Lovely, Diamond White, Yousef Erakat",United States of America,2017-10-20,2017,5.7,Comedy,en,12.442,479,5.7,25000000,48333932,1.93
395993,Movie,Stronger,David Gordon Green,"Jake Gyllenhaal, Tatiana Maslany, Miranda Richardson, Richard Lane Jr., Nate Richman","Hong Kong, United States of America",2017-09-22,2017,7.0,Drama,en,12.439,1487,7.0,30000000,8484418,0.28
420648,Movie,The Bar,Álex de la Iglesia,"Blanca Suárez, Mario Casas, Carmen Machi, Secun de la Rosa, Jaime Ordóñez",Spain,2017-02-15,2017,6.3,"Horror, Thriller, Comedy",es,12.317,1304,6.3,6045750,3662671,0.61
315064,Movie,Animal Crackers,"Tony Bancroft, Scott Christian Sava, Jaime Maestro","Emily Blunt, John Krasinski, Lydia Rose Taylor, Ian McKellen, Sylvester Stallone","Australia, China, South Korea, Spain, United States of America",2017-06-23,2017,6.216,"Comedy, Animation, Adventure, Family",en,12.187,192,6.216,17000000,13285512,0.78
430424,Movie,See You Up There,Albert Dupontel,"Nahuel Pérez Biscayart, Albert Dupontel, Laurent Lafitte, Niels Arestrup, Émilie Dequenne","Canada, France",2017-10-25,2017,7.8,"Drama, Crime, War",fr,12.163,1283,7.8,23000000,15100000,0.66
453191,Movie,The Big Bad Fox and Other Tales,"Benjamin Renner, Patrick Imbert","Guillaume Darnault, Damien Witecka, Kamel Abdessadok, Antoine Schoumsky, Céline Ronté","Belgium, France",2017-06-21,2017,7.7,"Family, Animation, Comedy",fr,12.095,291,7.7,3000000,19030780,6.34
330947,Movie,Song to Song,Terrence Malick,"Ryan Gosling, Rooney Mara, Michael Fassbender, Natalie Portman, Cate Blanchett",United States of America,2017-03-17,2017,5.5,"Romance, Drama",en,12.088,870,5.5,10000000,1710528,0.17
398177,Movie,Just Getting Started,Ron Shelton,"Morgan Freeman, Tommy Lee Jones, Rene Russo, Joe Pantoliano, Glenne Headly","Canada, United States of America",2017-12-01,2017,4.9,"Action, Comedy",en,11.922,239,4.9,22000000,6069605,0.28
441909,Movie,Tiger Zinda Hai,Ali Abbas Zafar,"Salman Khan, Katrina Kaif, Girish Karnad, Paresh Rawal, Angad Bedi","Austria, India",2017-12-18,2017,6.1,"Action, Adventure, Thriller",hi,11.816,149,6.1,20000000,87530000,4.38
432602,Movie,An Inconvenient Sequel: Truth to Power,"Jon Shenk, Bonni Cohen","Al Gore, Barack Obama, Donald Trump, Angela Merkel, Justin Trudeau",United States of America,2017-07-28,2017,6.6,Documentary,en,11.792,163,6.6,1000000,5398976,5.4
398174,Movie,Film Stars Don't Die in Liverpool,Paul McGuigan,"Annette Bening, Jamie Bell, Julie Walters, Stephen Graham, Kenneth Cranham",United Kingdom,2017-11-17,2017,6.4,"Romance, Drama",en,11.69,169,6.4,10000000,3179847,0.32
413765,Movie,David Lynch: The Art Life,"Jon Nguyen, Olivia Neergaard-Holm, Rick Barnes","David Lynch, Lula Lynch, Edwina Lynch, Donald Lynch, Peggy Reavey",United States of America,2017-02-15,2017,6.9,Documentary,en,11.617,195,6.9,179554,311470,1.73
438740,Movie,Salyut-7,Klim Shipenko,"Vladimir Vdovichenkov, Pavel Derevyanko, Aleksandr Samoylenko, Vitaliy Khaev, Oksana Fandera",Russia,2017-09-22,2017,7.1,"Action, Drama, Adventure",ru,11.605,458,7.1,15000000,13767037,0.92
440642,Movie,The Spacewalker,Dmitry Kiselev,"Evgeny Mironov, Konstantin Khabenskiy, Vladimir Ilin, Anatoliy Kotenyov, Aleksandra Ursulyak",Russia,2017-04-06,2017,7.0,"Adventure, Drama, History, Thriller",ru,11.589,312,7.0,7075038,9868942,1.39
444539,Movie,The Bookshop,Isabel Coixet,"Emily Mortimer, Bill Nighy, Patricia Clarkson, Hunter Tremayne, Honor Kneafsey","Germany, Spain, United Kingdom",2017-11-10,2017,6.488,Drama,en,11.55,433,6.488,5400000,12055868,2.23
423899,Movie,Victoria & Abdul,Stephen Frears,"Judi Dench, Ali Fazal, Tim Pigott-Smith, Eddie Izzard, Adeel Akhtar","India, United Kingdom, United States of America",2017-09-13,2017,6.9,"Drama, History",en,11.501,1154,6.9,22000000,65400000,2.97
432068,Movie,C'est la vie!,"Olivier Nakache, Éric Toledano","Jean-Pierre Bacri, Gilles Lellouche, Jean-Paul Rouve, Vincent Macaigne, Alban Ivanov",France,2017-10-04,2017,7.0,Comedy,fr,11.323,1477,7.0,17200000,23800000,1.38
437103,Movie,1987: When the Day Comes,Jang Joon-hwan,"Kim Yun-seok, Ha Jung-woo, Yoo Hai-jin, Kim Tae-ri, Park Hee-soon",South Korea,2017-12-27,2017,8.101,"Drama, History, Thriller",ko,11.322,154,8.101,12308000,49380115,4.01
456570,Movie,Hindi Medium,Saket Chaudhary,"Irrfan Khan, Saba Qamar, Sanjana Sanghi, Deepak Dobriyal, Mallika Dua",India,2017-05-19,2017,7.3,"Comedy, Drama",hi,11.259,174,7.3,3213790,52390000,16.3
456048,Movie,The Humanity Bureau,Rob W. King,"Nicolas Cage, Sarah Lind, Jakob Davies, Hugh Dillon, Vicellous Shannon",United States of America,2017-07-11,2017,4.8,"Science Fiction, Thriller",en,11.156,366,4.8,6000000,17544173,2.92
412678,Movie,Killing Salazar,Keoni Waxman,"Steven Seagal, Luke Goss, Georges St-Pierre, Bruce Crawford, Lauro David Chartrand-DelValle","Romania, United States of America",2017-01-23,2017,5.0,"Crime, Action, Adventure, Thriller",en,11.088,52,5.0,7000000,37766,0.01
397852,Movie,Rendel,Jesse Haaja,"Kris Gummerus, Rami Rusinen, Renne Korppila, Matti Onnismaa, Johnny Vivash",Finland,2017-09-22,2017,5.53,"Action, Fantasy, Crime",fi,11.085,248,5.53,1686858,1891907,1.12
426338,Movie,Holy Camp!,"Javier Calvo, Javier Ambrossi","Macarena García, Anna Castillo, Belén Cuesta, Gracia Olayo, Richard Collins-Moore",Spain,2017-09-29,2017,6.8,"Comedy, Romance",es,11.014,353,6.8,3144622,2963886,0.94
392982,Movie,Marshall,Reginald Hudlin,"Chadwick Boseman, Josh Gad, Kate Hudson, Sterling K. Brown, James Cromwell","Hong Kong, United States of America",2017-10-13,2017,7.2,Drama,en,10.951,620,7.2,12000000,10051659,0.84
345923,Movie,All I See Is You,Marc Forster,"Blake Lively, Jason Clarke, Ahna O'Reilly, Miquel Fernández, Xavi Sánchez",United States of America,2017-08-10,2017,5.2,"Mystery, Thriller, Drama",en,10.884,585,5.2,30000000,646946,0.02
382614,Movie,The Book of Henry,Colin Trevorrow,"Jaeden Martell, Naomi Watts, Maddie Ziegler, Jacob Tremblay, Sarah Silverman",United States of America,2017-06-16,2017,7.5,"Drama, Crime, Thriller",en,10.705,1294,7.5,10000000,4596705,0.46
345914,Movie,The House,Andrew J. Cohen,"Amy Poehler, Will Ferrell, Jason Mantzoukas, Ryan Simpkins, Nick Kroll",United States of America,2017-06-29,2017,5.6,Comedy,en,10.702,915,5.6,40000000,34200000,0.86
353569,Movie,Table 19,Jeffrey Blitz,"Anna Kendrick, Craig Robinson, June Squibb, Lisa Kudrow, Stephen Merchant",United States of America,2017-03-03,2017,5.9,"Comedy, Drama",en,10.701,960,5.9,5000000,5042014,1.01
448779,Movie,The Jungle Bunch,David Alaux,"Philippe Bozo, Emmanuel Curtil, Laurent Morteau, Pascal Casanova, Céline Monsarrat",France,2017-07-26,2017,6.3,"Adventure, Comedy, Family, Animation",fr,10.598,154,6.3,7300000,12400000,1.7
416160,Movie,The Vault,Dan Bush,"James Franco, Taryn Manning, Francesca Eastwood, Scott Haze, Q'orianka Kilcher",United States of America,2017-09-01,2017,4.9,"Horror, Thriller",en,10.404,394,4.9,5000000,5728,0.0
455558,Movie,9/11,Martin Guigui,"Charlie Sheen, Whoopi Goldberg, Luis Guzmán, Gina Gershon, Wood Harris","Canada, United States of America",2017-09-07,2017,5.1,"Drama, Thriller",en,10.398,215,5.1,5500000,200229,0.04
428495,Movie,The Nile Hilton Incident,Tarik Saleh,"Fares Fares, Mari Malek, Yasser Ali Maher, Slimane Dazi, Hania Amar","Denmark, France, Germany, Morocco, Sweden",2017-06-19,2017,6.6,"Thriller, Drama, Crime",en,10.254,353,6.6,4250000,81089,0.02
398929,Movie,Alibi.com,Philippe Lacheau,"Philippe Lacheau, Élodie Fontan, Julien Arruti, Tarek Boudali, Nathalie Baye",France,2017-02-15,2017,6.473,"Comedy, Family",fr,10.181,1684,6.473,7546570,29370592,3.89
429189,Movie,Wonder Wheel,Woody Allen,"Jim Belushi, Juno Temple, Justin Timberlake, Kate Winslet, Max Casella",United States of America,2017-12-01,2017,6.4,"Drama, Romance",en,10.08,1317,6.4,25000000,15366466,0.61
451945,Movie,BPM (Beats per Minute),Robin Campillo,"Nahuel Pérez Biscayart, Arnaud Valois, Adèle Haenel, Antoine Reinartz, Félix Maritaud",France,2017-08-23,2017,7.707,Drama,fr,10.043,1341,7.707,6600000,7632420,1.16
438457,Movie,The Ballad of Lefty Brown,Jared Moshé,"Bill Pullman, Peter Fonda, Kathy Baker, Jim Caviezel, Tommy Flanagan",United States of America,2017-12-15,2017,6.2,Western,en,10.032,177,6.2,8000000,7856,0.0
433356,Movie,The Ottoman Lieutenant,Joseph Ruben,"Hera Hilmar, Michiel Huisman, Josh Hartnett, Ben Kingsley, Haluk Bilginer","Turkey, United States of America",2017-03-28,2017,6.1,"Romance, Drama, War",en,9.974,256,6.1,40000000,413844,0.01
411019,Movie,I Am Not Your Negro,Raoul Peck,"Samuel L. Jackson, James Baldwin, Martin Luther King Jr., Malcolm X, Medgar Evers","Belgium, France, United States of America",2017-02-03,2017,7.727,Documentary,en,9.775,479,7.727,1000000,7123919,7.12
405204,Movie,Tom of Finland,Dome Karukoski,"Pekka Strang, Lauri Tilkanen, Jessica Grabowsky, Taisto Oksanen, Seumas F. Sargent","Iceland, Finland, United States of America, Sweden, Denmark, Germany",2017-02-24,2017,6.7,Drama,fi,9.696,128,6.7,4200000,1792414,0.43
440777,Movie,Female Fight Squad,Miguel A. Ferrer,"Amy Johnston, Cortney Palm, Rey Goyos, Sean Faris, Dolph Lundgren",United States of America,2017-03-16,2017,6.3,Action,en,9.587,93,6.3,2000000,22253,0.01
480881,Movie,Let There Be Light,Kevin Sorbo,"Kevin Sorbo, Sam Sorbo, Dionne Warwick, Sean Hannity, Daniel Roebuck",United States of America,2017-10-27,2017,5.6,Drama,en,9.546,65,5.6,3000000,7240000,2.41
425942,Movie,Black Snow,Martín Hodara,"Ricardo Darín, Leonardo Sbaraglia, Laia Costa, Dolores Fonzi, Federico Luppi","Spain, Argentina",2017-01-19,2017,6.1,"Mystery, Drama, Crime, Thriller",es,9.501,196,6.1,4000000,1440000,0.36
340101,Movie,Their Finest,Lone Scherfig,"Gemma Arterton, Sam Claflin, Bill Nighy, Jack Huston, Helen McCrory","France, Sweden, United Kingdom",2017-02-19,2017,6.7,"Romance, War, Drama",en,9.211,413,6.7,11795877,3603484,0.31
400728,Movie,Unknown Soldier,Aku Louhimies,"Eero Aho, Johannes Holopainen, Jussi Vatanen, Aku Hirviniemi, Hannes Suominen","Iceland, Finland, Belgium",2017-10-27,2017,7.5,"War, Drama",fi,9.052,193,7.5,8000000,15550000,1.94
456565,Movie,Judwaa 2,David Dhawan,"Varun Dhawan, Jacqueline Fernandez, Taapsee Pannu, Anupam Kher, Upasna Singh",India,2017-09-29,2017,5.4,"Action, Comedy, Romance",hi,8.905,104,5.4,10000000,34500000,3.45
441906,Movie,Jab Harry Met Sejal,Imtiaz Ali,"Shah Rukh Khan, Anushka Sharma, Aru Krishansh Verma, Chandan Roy Sanyal, Evelyn Sharma",India,2017-08-04,2017,6.5,"Comedy, Drama, Romance",hi,8.596,191,6.5,16600000,15360368,0.93
441889,Movie,Secret Superstar,Advait Chandan,"Zaira Wasim, Aamir Khan, Meher Vij, Raj Arjun, Tirth Sharma",India,2017-10-19,2017,7.3,"Drama, Music",hi,8.439,170,7.3,286284,137416709,480.0
398947,Movie,Little Spirou,Nicolas Bary,"Sacha Pinault, Natacha Régnier, Pierre Richard, François Damiens, Philippe Katerine","Belgium, France",2017-09-27,2017,5.2,"Comedy, Family",fr,8.379,93,5.2,9850941,3503943,0.36
447076,Movie,Adrift,Sérgio Graciano,"Dalila Carmo, Afonso Pimentel, Dânia Neto, Diogo Amaral, Catarina Gouveia",Portugal,2017-05-18,2017,4.2,"Adventure, Drama, Thriller",pt,8.354,46,4.2,535220,199509,0.37
443319,Movie,Phoenix Forgotten,Justin Barber,"Florence Hartigan, Luke Spencer Roberts, Chelsea Lopez, Justin Matthews, Clint Jordan","United Kingdom, United States of America",2017-04-21,2017,6.0,"Horror, Mystery, Science Fiction",en,8.321,276,6.0,2800000,3600000,1.29
431017,Movie,Let the Sunshine In,Claire Denis,"Juliette Binoche, Xavier Beauvois, Philippe Katerine, Josiane Balasko, Sandrine Dumas","Belgium, France",2017-09-27,2017,5.2,"Comedy, Drama, Romance",fr,8.048,199,5.2,2978000,4192590,1.41
333384,Movie,Lowriders,Ricardo de Montreuil,"Gabriel Chavarria, Demián Bichir, Theo Rossi, Tony Revolori, Melissa Benoist",United States of America,2017-04-28,2017,6.7,"Drama, Action, Crime",en,8.007,110,6.7,916000,6179955,6.75
426030,Movie,Finding Your Feet,Richard Loncraine,"Imelda Staunton, Celia Imrie, Timothy Spall, Joanna Lumley, David Hayman","Italy, United Kingdom, United States of America",2017-12-26,2017,7.1,"Comedy, Drama, Family, Music, Romance",en,7.974,171,7.1,7154497,15500000,2.17
426230,Movie,Band Aid,Zoe Lister-Jones,"Zoe Lister-Jones, Adam Pally, Fred Armisen, Susie Essman, Retta",United States of America,2017-06-02,2017,6.4,"Comedy, Drama, Music",en,7.958,162,6.4,10000000,248370,0.02
403390,Movie,Bitter Harvest,George Mendeluk,"Max Irons, Samantha Barks, Terence Stamp, Barry Pepper, Tamer Hassan",Canada,2017-01-31,2017,6.0,"War, Drama, History, Romance",en,7.851,80,6.0,20000000,557241,0.03
483165,Movie,The Fixies: Top Secret,"Vasiko Bedoshvili, Andrey Kolpin, Ivan Pshonkin","Aleksandr Pushnoy, Dmitri Nazarov, Larisa Brokhman, Prokhor Chekhovskoy, Varvara Obidor",Russia,2017-10-28,2017,6.9,"Comedy, Family, Animation, Adventure",ru,7.815,59,6.9,6000000,8220990,1.37
436830,Movie,Gold,Agustín Díaz Yanes,"Óscar Jaenada, Raúl Arévalo, Bárbara Lennie, Jose Coronado, Juan José Ballesta",Spain,2017-11-10,2017,5.6,"Drama, History, Action, Adventure",es,7.814,185,5.6,7130000,1528185,0.21
434245,Movie,The Stronghold,Yuriy Kovalyov,"Danyil Kamenskyi, Nataliia Sumska, Yeva Kosheva, Roman Lutskyi, Slava Krasovska",Ukraine,2017-10-12,2017,7.2,"Action, Adventure, Comedy, Family, Fantasy, History",uk,7.73,223,7.2,2000000,2745966,1.37
462115,Movie,Dead Trigger,"Scott Windhauser, Mike Cuff","Dolph Lundgren, Autumn Reeser, Romeo, Isaiah Washington, Chris Galya",United States of America,2017-07-19,2017,3.7,"Action, Horror",en,7.649,45,3.7,10000000,151493,0.02
437583,Movie,November,Rainer Sarnet,"Rea Lest, Jörgen Liik, Arvo Kukumägi, Heino Kalm, Meelis Rämmeld","Estonia, Poland, Netherlands",2017-02-03,2017,7.1,"Drama, Fantasy, Romance, Horror",et,7.553,153,7.1,1550000,19084,0.01
271404,Movie,Beyond Skyline,Liam O'Donnell,"Frank Grillo, Bojana Novaković, Iko Uwais, Yayan Ruhian, Callan Mulvey","Canada, China, Hong Kong, Indonesia, Singapore, United Kingdom, United States of America",2017-10-26,2017,5.281,"Action, Science Fiction, Adventure",en,7.495,1031,5.281,14000000,992181,0.07
473234,Movie,Arjun Reddy,Sandeep Reddy Vanga,"Vijay Deverakonda, Shalini Pandey, Rahul Ramakrishna, Kamal Kamaraju, Kanchana",India,2017-08-25,2017,7.2,"Drama, Romance",te,7.49,101,7.2,780000,8000000,10.26
449927,Movie,Chasing the Dragon,"Wong Jing, Jason Kwan","Donnie Yen Chi-Tan, Andy Lau Tak-Wah, Kent Cheng Jak-Si, Wilfred Lau Ho-Lung, Felix Wong Yat-Wah","Hong Kong, China",2017-09-28,2017,6.9,"Action, Crime, Thriller",cn,7.488,116,6.9,200000000,87965942,0.44
467106,Movie,Bareilly Ki Barfi,Ashwiny Iyer Tiwari,"Kriti Sanon, Ayushmann Khurrana, Rajkummar Rao, Rohit Choudhary, Pankaj Tripathi",India,2017-08-17,2017,6.8,"Comedy, Romance",hi,7.261,171,6.8,2740700,8050806,2.94
468284,Movie,The Insult,Ziad Doueiri,"Adel Karam, Kamel El Basha, Diamand Abou Abboud, Rita Hayek, Christine Choueiri","France, Lebanon",2017-09-14,2017,7.5,"Drama, Crime",fr,7.133,456,7.5,3000000,1001305,0.33
442405,Movie,The Ghazi Attack,Sankalp Reddy,"Kay Kay Menon, Rana Daggubati, Atul Kulkarni, Taapsee Pannu, Amitabh Bachchan",India,2017-02-17,2017,7.0,"Action, War, Thriller, History",te,7.028,89,7.0,1900000,4300000,2.26
464458,Movie,Ittefaq,Abhay Chopra,"Akshaye Khanna, Sidharth Malhotra, Sonakshi Sinha, Mandira Bedi, Mir Sarwar",India,2017-11-03,2017,6.9,"Crime, Thriller, Mystery",hi,6.974,104,6.9,4400000,7900000,1.8
439154,Movie,The Midwife,Martin Provost,"Catherine Frot, Catherine Deneuve, Olivier Gourmet, Quentin Dolmaire, Mylène Demongeot","Belgium, France",2017-03-22,2017,6.1,Drama,fr,6.929,139,6.1,7000000,7286136,1.04
441875,Movie,Toilet: A Love Story,Shree Narayan Singh,"Akshay Kumar, Bhumi Pednekar, Anupam Kher, Sudhir Pandey, Rajesh Sharma",India,2017-08-11,2017,6.8,"Comedy, Drama, Romance",hi,6.811,192,6.8,3700000,13800000,3.73
299536,Movie,Avengers: Infinity War,"Joe Russo, Anthony Russo","Robert Downey Jr., Chris Evans, Chris Hemsworth, Josh Brolin, Mark Ruffalo",United States of America,2018-04-25,2018,8.2,"Adventure, Action, Science Fiction",en,285.584,30231,8.2,300000000,2052415039,6.84
335983,Movie,Venom,Ruben Fleischer,"Tom Hardy, Michelle Williams, Riz Ahmed, Scott Haze, Reid Scott","China, United States of America",2018-09-28,2018,6.829,"Science Fiction, Action",en,129.051,16383,6.829,116000000,856085151,7.38
324857,Movie,Spider-Man: Into the Spider-Verse,"Bob Persichetti, Peter Ramsey, Rodney Rothman","Shameik Moore, Jake Johnson, Hailee Steinfeld, Mahershala Ali, Brian Tyree Henry",United States of America,2018-12-06,2018,8.397,"Animation, Action, Adventure, Science Fiction",en,127.259,15936,8.397,90000000,384298736,4.27
337167,Movie,Fifty Shades Freed,James Foley,"Dakota Johnson, Jamie Dornan, Eric Johnson, Eloise Mumford, Rita Ora",United States of America,2018-01-17,2018,6.7,"Drama, Romance",en,113.653,8055,6.7,55000000,371985018,6.76
351286,Movie,Jurassic World: Fallen Kingdom,J.A. Bayona,"Chris Pratt, Bryce Dallas Howard, Rafe Spall, Justice Smith, Daniella Pineda",United States of America,2018-06-06,2018,6.54,"Action, Adventure, Science Fiction, Thriller",en,112.467,11937,6.54,170000000,1310466296,7.71
333339,Movie,Ready Player One,Steven Spielberg,"Tye Sheridan, Olivia Cooke, Ben Mendelsohn, Lena Waithe, T.J. Miller",United States of America,2018-03-28,2018,7.591,"Adventure, Action, Science Fiction",en,110.481,15835,7.591,175000000,607274134,3.47
284054,Movie,Black Panther,Ryan Coogler,"Chadwick Boseman, Michael B. Jordan, Lupita Nyong'o, Danai Gurira, Martin Freeman",United States of America,2018-02-13,2018,7.375,"Action, Adventure, Science Fiction",en,95.547,22404,7.375,200000000,1349926083,6.75
449443,Movie,Den of Thieves,Christian Gudegast,"Gerard Butler, Pablo Schreiber, O'Shea Jackson Jr., Meadow Williams, Maurice Compte",United States of America,2018-01-18,2018,6.833,"Action, Crime, Thriller, Drama",en,94.664,3005,6.833,30000000,80509622,2.68
493922,Movie,Hereditary,Ari Aster,"Toni Collette, Alex Wolff, Gabriel Byrne, Milly Shapiro, Ann Dowd",United States of America,2018-06-07,2018,7.292,"Horror, Mystery, Thriller",en,85.093,7819,7.292,10000000,87825916,8.78
447332,Movie,A Quiet Place,John Krasinski,"Emily Blunt, John Krasinski, Millicent Simmonds, Noah Jupe, Cade Woodward",United States of America,2018-04-03,2018,7.399,"Horror, Drama, Science Fiction",en,77.204,14400,7.399,17000000,340955294,20.06
353081,Movie,Mission: Impossible - Fallout,Christopher McQuarrie,"Tom Cruise, Henry Cavill, Ving Rhames, Simon Pegg, Rebecca Ferguson",United States of America,2018-07-13,2018,7.429,"Action, Adventure",en,74.575,8361,7.429,178000000,791658205,4.45
345940,Movie,The Meg,Jon Turteltaub,"Jason Statham, Li Bingbing, Rainn Wilson, Cliff Curtis, Ruby Rose","China, United States of America",2018-08-09,2018,6.251,"Action, Science Fiction, Horror",en,73.245,7730,6.251,150000000,530517320,3.54
400535,Movie,Sicario: Day of the Soldado,Stefano Sollima,"Benicio del Toro, Josh Brolin, Isabela Merced, Jeffrey Donovan, Catherine Keener","Mexico, United States of America",2018-06-27,2018,6.9,"Action, Crime, Thriller",en,73.065,3653,6.9,35000000,75836683,2.17
360920,Movie,The Grinch,"Yarrow Cheney, Scott Mosier","Benedict Cumberbatch, Rashida Jones, Kenan Thompson, Cameron Seely, Angela Lansbury",United States of America,2018-11-08,2018,6.9,"Animation, Family, Comedy, Fantasy",en,72.944,4121,6.9,75000000,508600000,6.78
490132,Movie,Green Book,Peter Farrelly,"Viggo Mortensen, Mahershala Ali, Linda Cardellini, Sebastian Maniscalco, Dimiter D. Marinov",United States of America,2018-11-16,2018,8.236,"Drama, History",en,72.737,11840,8.236,23000000,321752656,13.99
439079,Movie,The Nun,Corin Hardy,"Taissa Farmiga, Demián Bichir, Bonnie Aarons, Jonas Bloquet, Ingrid Bisu",United States of America,2018-09-05,2018,5.892,Horror,en,72.536,6740,5.892,22000000,366082797,16.64
383498,Movie,Deadpool 2,David Leitch,"Ryan Reynolds, Josh Brolin, Morena Baccarin, Julian Dennison, Zazie Beetz",United States of America,2018-05-10,2018,7.489,"Action, Comedy, Adventure",en,70.984,18205,7.489,110000000,785896632,7.14
480530,Movie,Creed II,Steven Caple Jr.,"Michael B. Jordan, Sylvester Stallone, Tessa Thompson, Wood Harris, Russell Hornsby",United States of America,2018-11-21,2018,7.0,"Drama, Action",en,70.011,5467,7.0,50000000,214200000,4.28
260513,Movie,Incredibles 2,Brad Bird,"Craig T. Nelson, Holly Hunter, Sarah Vowell, Huck Milner, Samuel L. Jackson",United States of America,2018-06-14,2018,7.5,"Action, Adventure, Animation, Family",en,64.538,12977,7.5,200000000,1242805359,6.21
420634,Movie,Terrifier,Damien Leone,"David Howard Thornton, Jenna Kanell, Samantha Scaffidi, Catherine Corcoran, Pooya Mohseni",United States of America,2018-01-25,2018,6.354,"Horror, Thriller",en,64.31,2622,6.354,35000,421798,12.05
336843,Movie,Maze Runner: The Death Cure,Wes Ball,"Dylan O'Brien, Kaya Scodelario, Thomas Brodie-Sangster, Ki Hong Lee, Dexter Darden",United States of America,2018-01-10,2018,7.094,"Science Fiction, Action, Adventure, Thriller",en,62.64,7891,7.094,62000000,288175335,4.65
345887,Movie,The Equalizer 2,Antoine Fuqua,"Denzel Washington, Pedro Pascal, Ashton Sanders, Orson Bean, Bill Pullman",United States of America,2018-07-19,2018,6.768,"Action, Thriller, Crime",en,60.65,5470,6.768,62000000,190400157,3.07
500664,Movie,Upgrade,Leigh Whannell,"Logan Marshall-Green, Betty Gabriel, Harrison Gilbertson, Melanie Vallejo, Benedict Hardie","Australia, United States of America",2018-05-31,2018,7.5,"Action, Thriller, Science Fiction",en,55.337,4480,7.5,5000000,16706680,3.34
404368,Movie,Ralph Breaks the Internet,"Rich Moore, Phil Johnston","John C. Reilly, Sarah Silverman, Gal Gadot, Taraji P. Henson, Bill Hader",United States of America,2018-11-20,2018,7.171,"Family, Animation, Comedy, Adventure",en,52.007,7649,7.171,175000000,529323962,3.02
300668,Movie,Annihilation,Alex Garland,"Natalie Portman, Jennifer Jason Leigh, Gina Rodriguez, Tessa Thompson, Tuva Novotny","United Kingdom, United States of America",2018-02-22,2018,6.4,"Science Fiction, Horror",en,51.77,8734,6.4,40000000,43070915,1.08
427641,Movie,Rampage,Brad Peyton,"Dwayne Johnson, Naomie Harris, Malin Åkerman, Jeffrey Dean Morgan, Jake Lacy",United States of America,2018-04-11,2018,6.5,"Action, Adventure, Science Fiction",en,51.011,7125,6.5,120000000,428028233,3.57
400155,Movie,Hotel Transylvania 3: Summer Vacation,Genndy Tartakovsky,"Adam Sandler, Andy Samberg, Selena Gomez, Kathryn Hahn, Jim Gaffigan",United States of America,2018-06-28,2018,6.9,"Animation, Comedy, Family, Fantasy",en,48.432,4459,6.9,80000000,528600000,6.61
268896,Movie,Pacific Rim: Uprising,Steven S. DeKnight,"John Boyega, Scott Eastwood, Cailee Spaeny, Jing Tian, Rinko Kikuchi",United States of America,2018-03-21,2018,6.1,"Action, Fantasy, Science Fiction, Adventure",en,48.283,5010,6.1,150000000,290061297,1.93
518068,Movie,Along with the Gods: The Last 49 Days,Kim Yong-hwa,"Ha Jung-woo, Ju Ji-hoon, Kim Hyang-gi, Don Lee, Kim Dong-wook",South Korea,2018-08-01,2018,8.078,"Action, Adventure, Fantasy, Thriller",ko,46.532,680,8.078,18300000,112790210,6.16
348350,Movie,Solo: A Star Wars Story,Ron Howard,"Alden Ehrenreich, Joonas Suotamo, Woody Harrelson, Emilia Clarke, Donald Glover",United States of America,2018-05-15,2018,6.6,"Science Fiction, Adventure, Action",en,46.466,8643,6.6,250000000,392952373,1.57
424694,Movie,Bohemian Rhapsody,Bryan Singer,"Rami Malek, Gwilym Lee, Ben Hardy, Joseph Mazzello, Lucy Boynton","United Kingdom, United States of America",2018-10-24,2018,7.979,"Music, Drama",en,46.096,17009,7.979,52000000,918355943,17.66
338970,Movie,Tomb Raider,Roar Uthaug,"Alicia Vikander, Dominic West, Walton Goggins, Daniel Wu, Kristin Scott Thomas","Japan, United Kingdom, United States of America",2018-03-05,2018,6.4,"Action, Adventure, Fantasy",en,45.405,7884,6.4,94000000,274650803,2.92
346910,Movie,The Predator,Shane Black,"Boyd Holbrook, Trevante Rhodes, Sterling K. Brown, Jacob Tremblay, Keegan-Michael Key","Canada, United States of America",2018-09-05,2018,5.6,"Science Fiction, Action, Adventure",en,44.408,4726,5.6,88000000,160542134,1.82
297802,Movie,Aquaman,James Wan,"Jason Momoa, Amber Heard, Willem Dafoe, Patrick Wilson, Nicole Kidman",United States of America,2018-12-07,2018,6.878,"Action, Adventure, Fantasy",en,43.756,14210,6.878,160000000,1152028393,7.2
530254,Movie,The Witch: Part 1. The Subversion,Park Hoon-jung,"Kim Da-mi, Cho Min-soo, Park Hee-soon, Choi Woo-shik, Go Min-si","Hong Kong, South Korea",2018-06-27,2018,7.859,"Action, Mystery, Science Fiction",ko,43.617,609,7.859,5500000,24340302,4.43
505262,Movie,My Hero Academia: Two Heroes,Kenji Nagasaki,"Daiki Yamashita, Kenta Miyake, Mirai Shida, Katsuhisa Namase, Nobuhiko Okamoto",Japan,2018-08-03,2018,7.9,"Animation, Action, Adventure, Fantasy",ja,43.316,1021,7.9,12000000,27507549,2.29
442249,Movie,The First Purge,Gerard McMurray,"Y'lan Noel, Lex Scott Davis, Joivan Wade, Steve Harris, Mugga",United States of America,2018-07-04,2018,6.0,"Action, Horror, Thriller",en,42.962,4021,6.0,13000000,137056262,10.54
447665,Movie,Kickboxer: Retaliation,Dimitri Logothetis,"Alain Moussi, Christopher Lambert, Jean-Claude Van Damme, Mike Tyson, Sara Malakul Lane",United States of America,2018-01-26,2018,5.4,"Action, Drama",en,42.37,299,5.4,13000000,4537,0.0
402900,Movie,Ocean's Eight,Gary Ross,"Sandra Bullock, Cate Blanchett, Sarah Paulson, Anne Hathaway, Awkwafina",United States of America,2018-06-07,2018,7.0,"Crime, Comedy, Action",en,42.362,8358,7.0,70000000,297718711,4.25
347375,Movie,Mile 22,Peter Berg,"Mark Wahlberg, Lauren Cohan, Iko Uwais, John Malkovich, Ronda Rousey","China, Colombia, United States of America",2018-08-16,2018,6.2,"Action, Thriller",en,40.828,2243,6.2,35000000,66308758,1.89
424783,Movie,Bumblebee,Travis Knight,"Hailee Steinfeld, John Cena, Jorge Lendeborg Jr., John Ortiz, Jason Ian Drucker","China, United States of America",2018-11-22,2018,6.7,"Action, Adventure, Science Fiction",en,40.721,6214,6.7,135000000,467989645,3.47
363088,Movie,Ant-Man and the Wasp,Peyton Reed,"Paul Rudd, Evangeline Lilly, Michael Douglas, Hannah John-Kamen, Randall Park",United States of America,2018-07-04,2018,6.9,"Action, Adventure, Science Fiction",en,40.044,13451,6.9,140000000,622674139,4.45
438799,Movie,Overlord,Julius Avery,"Jovan Adepo, Wyatt Russell, Pilou Asbæk, Mathilde Ollivier, John Magaro",United States of America,2018-11-01,2018,6.7,"Horror, War, Science Fiction",en,39.462,2893,6.7,38000000,41657844,1.1
406563,Movie,Insidious: The Last Key,Adam Robitel,"Lin Shaye, Leigh Whannell, Angus Sampson, Kirk Acevedo, Caitlin Gerard",United States of America,2018-01-03,2018,6.3,"Horror, Thriller",en,38.525,2933,6.3,10000000,172811971,17.28
332562,Movie,A Star Is Born,Bradley Cooper,"Lady Gaga, Bradley Cooper, Sam Elliott, Andrew Dice Clay, Rafi Gavron",United States of America,2018-10-03,2018,7.5,"Music, Drama, Romance",en,37.741,11734,7.5,36000000,436388866,12.12
429351,Movie,12 Strong,Nicolai Fuglsig,"Chris Hemsworth, Michael Shannon, Michael Peña, Navid Negahban, Trevante Rhodes",United States of America,2018-01-18,2018,6.334,"War, Drama, Action, History",en,36.226,2993,6.334,35000000,67450815,1.93
428078,Movie,Mortal Engines,Christian Rivers,"Hera Hilmar, Robert Sheehan, Hugo Weaving, Jihae, Ronan Raftery","New Zealand, United States of America",2018-11-27,2018,6.216,"Adventure, Science Fiction",en,35.727,4742,6.216,100000000,83869818,0.84
401981,Movie,Red Sparrow,Francis Lawrence,"Jennifer Lawrence, Joel Edgerton, Matthias Schoenaerts, Charlotte Rampling, Jeremy Irons",United States of America,2018-02-28,2018,6.5,"Thriller, Mystery",en,34.195,6030,6.5,69000000,151572634,2.2
455207,Movie,Crazy Rich Asians,Jon M. Chu,"Constance Wu, Henry Golding, Michelle Yeoh, Gemma Chan, Lisa Lu",United States of America,2018-08-15,2018,7.1,"Comedy, Romance",en,32.817,3684,7.1,30000000,238539198,7.95
451915,Movie,Beautiful Boy,Felix van Groeningen,"Steve Carell, Timothée Chalamet, Maura Tierney, Amy Ryan, Christian Convery",United States of America,2018-10-12,2018,7.6,Drama,en,32.49,2594,7.6,25000000,7700000,0.31
419743,Movie,Disobedience,Sebastián Lelio,"Rachel Weisz, Rachel McAdams, Alessandro Nivola, Allan Corduner, Anton Lesser","Ireland, United Kingdom, United States of America",2018-04-24,2018,6.9,"Drama, Romance",en,32.36,1206,6.9,6000000,8000000,1.33
440471,Movie,Escape Plan 2: Hades,Steven C. Miller,"Sylvester Stallone, Dave Bautista, Jesse Metcalfe, 50 Cent, Huang Xiaoming","China, United Kingdom, United States of America",2018-06-05,2018,5.154,"Action, Thriller",en,32.033,1459,5.154,20000000,17592626,0.88
381719,Movie,Peter Rabbit,Will Gluck,"James Corden, Rose Byrne, Domhnall Gleeson, Margot Robbie, Elizabeth Debicki","Australia, United States of America",2018-02-07,2018,6.7,"Animation, Adventure, Family",en,30.979,1790,6.7,50000000,351266433,7.03
424139,Movie,Halloween,David Gordon Green,"Jamie Lee Curtis, Judy Greer, Andi Matichak, James Jude Courtney, Nick Castle",United States of America,2018-10-18,2018,6.6,"Horror, Thriller, Crime, Drama",en,30.544,4774,6.6,10000000,259939869,25.99
467938,Movie,Revenge,Coralie Fargeat,"Matilda Lutz, Kevin Janssens, Vincent Colombe, Guillaume Bouchède, Jean-Louis Tribes","Belgium, France",2018-02-07,2018,6.5,"Action, Thriller, Horror, Drama",fr,30.114,1824,6.5,2900000,938055,0.32
445651,Movie,The Darkest Minds,Jennifer Yuh Nelson,"Amandla Stenberg, Harris Dickinson, Patrick Gibson, Skylan Brooks, Mandy Moore",United States of America,2018-07-25,2018,7.0,"Action, Adventure, Drama",en,29.639,2827,7.0,34000000,41142379,1.21
399402,Movie,Hunter Killer,Donovan Marsh,"Gerard Butler, Gary Oldman, Toby Stephens, Common, Linda Cardellini","France, United States of America",2018-10-19,2018,6.895,"Action, Adventure, Thriller",en,29.506,2201,6.895,40000000,31672678,0.79
454619,Movie,Overboard,Rob Greenberg,"Anna Faris, Eugenio Derbez, Eva Longoria, John Hannah, Swoosie Kurtz",United States of America,2018-04-13,2018,6.6,"Romance, Comedy",en,28.988,1384,6.6,12000000,91244913,7.6
463272,Movie,Johnny English Strikes Again,David Kerr,"Rowan Atkinson, Olga Kurylenko, Ben Miller, Emma Thompson, Jake Lacy","United Kingdom, United States of America",2018-09-13,2018,6.3,"Action, Adventure, Comedy",en,28.955,2529,6.3,25000000,158972570,6.36
338952,Movie,Fantastic Beasts: The Crimes of Grindelwald,David Yates,"Eddie Redmayne, Katherine Waterston, Dan Fogler, Alison Sudol, Johnny Depp","United Kingdom, United States of America",2018-11-14,2018,6.8,"Fantasy, Adventure",en,28.804,10937,6.8,200000000,654900000,3.27
459910,Movie,Braven,Lin Oeding,"Jason Momoa, Stephen Lang, Garret Dillahunt, Zahn McClarnon, Jill Wagner",Canada,2018-02-01,2018,6.2,"Drama, Action, Thriller",en,27.999,1031,6.2,5000000,854319,0.17
361292,Movie,Suspiria,Luca Guadagnino,"Dakota Johnson, Tilda Swinton, Mia Goth, Angela Winkler, Ingrid Caven","Italy, United States of America",2018-10-26,2018,6.905,"Horror, Mystery, Drama",en,27.505,2556,6.905,20000000,7900000,0.4
426543,Movie,The Nutcracker and the Four Realms,"Lasse Hallström, Joe Johnston","Mackenzie Foy, Jayden Fowora-Knight, Tom Sweet, Keira Knightley, Helen Mirren",United States of America,2018-10-26,2018,6.1,"Fantasy, Adventure, Family",en,27.177,2155,6.1,120000000,173961069,1.45
460019,Movie,Truth or Dare,Jeff Wadlow,"Lucy Hale, Violett Beane, Tyler Posey, Hayden Szeto, Aurora Perrineau",United States of America,2018-04-12,2018,5.9,"Thriller, Horror",en,26.81,4044,5.9,3500000,95330493,27.24
458423,Movie,Mamma Mia! Here We Go Again,Ol Parker,"Lily James, Amanda Seyfried, Meryl Streep, Cher, Andy García","United Kingdom, United States of America",2018-07-18,2018,7.095,"Comedy, Romance",en,26.198,3381,7.095,75000000,395607854,5.27
369972,Movie,First Man,Damien Chazelle,"Ryan Gosling, Claire Foy, Jason Clarke, Kyle Chandler, Corey Stoll",United States of America,2018-10-10,2018,7.0,"History, Drama",en,26.066,5314,7.0,70000000,105713218,1.51
399174,Movie,Isle of Dogs,Wes Anderson,"Bryan Cranston, Koyu Rankin, Bob Balaban, Edward Norton, Bill Murray","Germany, United States of America",2018-03-23,2018,7.8,"Adventure, Comedy, Animation",en,26.061,4961,7.8,62770198,64337744,1.02
504172,Movie,The Mule,Clint Eastwood,"Clint Eastwood, Bradley Cooper, Laurence Fishburne, Michael Peña, Dianne Wiest","Canada, United States of America",2018-12-14,2018,6.854,"Crime, Drama",en,25.928,5009,6.854,50000000,174800000,3.5
454992,Movie,The Spy Who Dumped Me,Susanna Fogel,"Mila Kunis, Kate McKinnon, Justin Theroux, Sam Heughan, Lolly Adefope",United States of America,2018-08-02,2018,6.399,"Comedy, Action, Adventure",en,25.917,2236,6.399,40000000,33562069,0.84
567604,Movie,Once Upon a Deadpool,David Leitch,"Ryan Reynolds, Josh Brolin, Morena Baccarin, Julian Dennison, Zazie Beetz",United States of America,2018-12-11,2018,7.09,"Comedy, Action, Adventure",en,25.881,791,7.09,110000000,51349833,0.47
447200,Movie,Skyscraper,Rawson Marshall Thurber,"Dwayne Johnson, Neve Campbell, Chin Han, Roland Møller, Noah Taylor","Canada, Japan, United States of America",2018-07-11,2018,6.319,"Action, Thriller, Adventure",en,25.822,5040,6.319,125000000,292400000,2.34
491418,Movie,Instant Family,Sean Anders,"Mark Wahlberg, Rose Byrne, Allyn Rachel, Isabela Merced, Julie Hagerty",United States of America,2018-11-13,2018,7.516,"Comedy, Drama",en,25.62,2999,7.516,48000000,121000000,2.52
417261,Movie,Forever My Girl,Bethany Ashton Wolf,"Alex Roe, Jessica Rothe, John Benjamin Hickey, Abby Ryder Fortson, Peter Cambor",United States of America,2018-01-26,2018,7.6,"Romance, Drama",en,25.274,1226,7.6,3500000,16367326,4.68
442062,Movie,Goosebumps 2: Haunted Halloween,Ari Sandel,"Jeremy Ray Taylor, Madison Iseman, Caleel Harris, Wendi McLendon-Covey, Ken Jeong","United Kingdom, United States of America",2018-10-11,2018,6.1,"Comedy, Fantasy, Horror",en,25.159,1538,6.1,35000000,93320380,2.67
463821,Movie,The House with a Clock in Its Walls,Eli Roth,"Jack Black, Cate Blanchett, Owen Vaccaro, Kyle MacLachlan, Renée Elise Goldsberry","Canada, India, United States of America",2018-09-15,2018,6.2,"Fantasy, Family, Comedy",en,24.948,2173,6.2,42000000,131523093,3.13
424781,Movie,Sorry to Bother You,Boots Riley,"LaKeith Stanfield, Tessa Thompson, Jermaine Fowler, Omari Hardwick, Terry Crews",United States of America,2018-07-06,2018,6.8,"Fantasy, Science Fiction, Comedy",en,24.839,1582,6.8,3200000,18200000,5.69
445571,Movie,Game Night,"John Francis Daley, Jonathan Goldstein","Jason Bateman, Rachel McAdams, Kyle Chandler, Sharon Horgan, Billy Magnussen",United States of America,2018-02-15,2018,6.9,"Mystery, Comedy, Crime",en,24.575,5831,6.9,37000000,117501013,3.18
455980,Movie,Tag,Jeff Tomsic,"Ed Helms, Jon Hamm, Jeremy Renner, Jake Johnson, Hannibal Buress",United States of America,2018-05-30,2018,6.7,"Comedy, Action",en,24.565,3184,6.7,28000000,75100000,2.68
460555,Movie,Operation Red Sea,Dante Lam Chiu-Yin,"Zhang Yi, Johnny Huang, Hai Qing, Du Jiang, Zhang Hanyu","China, Hong Kong, Morocco",2018-02-16,2018,7.373,"Action, Thriller, War, Adventure",zh,24.56,390,7.373,70000000,579200000,8.27
399360,Movie,Alpha,Albert Hughes,"Kodi Smit-McPhee, Jóhannes Haukur Jóhannesson, Marcin Kowalczyk, Jens Hultén, Natassia Malthe","Canada, United States of America",2018-08-17,2018,6.522,"Adventure, Drama",en,24.494,2563,6.522,51000000,99630675,1.95
399035,Movie,The Commuter,Jaume Collet-Serra,"Liam Neeson, Patrick Wilson, Sam Neill, Jonathan Banks, Vera Farmiga","United States of America, France",2018-01-11,2018,6.365,"Action, Thriller, Mystery",en,24.489,4396,6.365,30000000,119942387,4.0
484247,Movie,A Simple Favor,Paul Feig,"Anna Kendrick, Blake Lively, Henry Golding, Rupert Friend, Linda Cardellini","Canada, United States of America",2018-08-29,2018,6.6,"Crime, Thriller, Comedy",en,24.214,4200,6.6,20000000,97644617,4.88
438808,Movie,White Boy Rick,Yann Demange,"Richie Merritt, Matthew McConaughey, Jennifer Jason Leigh, Bel Powley, RJ Cyler",United States of America,2018-09-14,2018,6.3,"Crime, Drama",en,24.038,1096,6.3,29000000,26000000,0.9
505058,Movie,Unfriended: Dark Web,Stephen Susco,"Colin Woodell, Betty Gabriel, Rebecca Rittenhouse, Andrew Lees, Connor Del Rio",United States of America,2018-07-19,2018,6.3,"Horror, Thriller, Mystery",en,23.727,1540,6.3,1000000,16000000,16.0
446021,Movie,Bad Times at the El Royale,Drew Goddard,"Jeff Bridges, Cynthia Erivo, Lewis Pullman, Dakota Johnson, Cailee Spaeny",United States of America,2018-10-04,2018,6.842,"Thriller, Mystery, Crime, Drama",en,23.577,3605,6.842,32000000,31882724,1.0
419478,Movie,Midnight Sun,Scott Speer,"Bella Thorne, Patrick Schwarzenegger, Rob Riggle, Quinn Shephard, Ken Tremblett",United States of America,2018-03-22,2018,7.8,"Romance, Drama",en,23.574,3446,7.8,2800000,27365467,9.77
507076,Movie,Climax,Gaspar Noé,"Sofia Boutella, Romain Guillermic, Souheila Yacoub, Kiddy Smile, Claude-Emmanuelle Gajan-Maull","Belgium, France, United States of America",2018-09-19,2018,7.1,"Horror, Drama",fr,23.406,2127,7.1,2900000,1700000,0.59
474335,Movie,Uncle Drew,Charles Stone III,"Kyrie Irving, Lil Rel Howery, Shaquille O'Neal, Chris Webber, Reggie Miller",United States of America,2018-06-27,2018,6.7,Comedy,en,23.343,556,6.7,19000000,17700000,0.93
375262,Movie,The Favourite,Yorgos Lanthimos,"Emma Stone, Olivia Colman, Rachel Weisz, Nicholas Hoult, Joe Alwyn","Ireland, United Kingdom, United States of America",2018-11-23,2018,7.5,"Drama, Comedy, Thriller, History",en,23.209,5549,7.5,15000000,95918706,6.39
449176,Movie,"Love, Simon",Greg Berlanti,"Nick Robinson, Logan Miller, Alexandra Shipp, Katherine Langford, Jorge Lendeborg Jr.",United States of America,2018-02-16,2018,7.997,"Comedy, Drama, Romance",en,23.134,6069,7.997,17000000,66316289,3.9
398173,Movie,The House That Jack Built,Lars von Trier,"Matt Dillon, Bruno Ganz, Uma Thurman, Siobhan Fallon Hogan, Sofie Gråbøl","Denmark, France, Germany, Sweden",2018-07-05,2018,7.1,"Drama, Horror, Crime, Thriller",en,23.001,2803,7.1,9800000,5566776,0.57
491584,Movie,Burning,Lee Chang-dong,"Yoo Ah-in, Steven Yeun, Jun Jong-seo, Kim Soo-kyung, Choi Seung-ho","Japan, South Korea",2018-05-17,2018,7.4,"Mystery, Drama, Thriller",ko,22.606,1629,7.4,7280000,6591038,0.91
460885,Movie,Mandy,Panos Cosmatos,"Nicolas Cage, Andrea Riseborough, Linus Roache, Ned Dennehy, Olwen Fouéré","Belgium, United Kingdom, United States of America",2018-09-13,2018,6.2,"Fantasy, Action, Horror",en,22.294,1935,6.2,6000000,1653784,0.28
300681,Movie,Replicas,Jeffrey Nachmanoff,"Keanu Reeves, Alice Eve, Thomas Middleditch, John Ortiz, Nyasha Hatendi","Canada, China, Puerto Rico, United Kingdom, United States of America",2018-10-25,2018,6.032,"Science Fiction, Thriller, Drama",en,22.102,1378,6.032,30000000,8100000,0.27
513691,Movie,The Debt Collector,Jesse V. Johnson,"Scott Adkins, Louis Mandylor, Michael Paré, Tony Todd, Vladimir Kulich","United Kingdom, United States of America",2018-06-05,2018,5.8,"Action, Comedy",en,21.899,214,5.8,3000000,28645,0.01
474395,Movie,Teen Titans Go! To the Movies,"Aaron Horvath, Peter Rida Michail","Greg Cipes, Scott Menville, Khary Payton, Tara Strong, Hynden Walch",United States of America,2018-07-27,2018,7.2,"Animation, Action, Comedy, Science Fiction",en,21.735,1119,7.2,10000000,52390236,5.24
470044,Movie,The Hate U Give,George Tillman Jr.,"Amandla Stenberg, Regina Hall, Russell Hornsby, K.J. Apa, Common",United States of America,2018-10-19,2018,8.1,"Crime, Drama",en,21.236,2137,8.1,23000000,34934009,1.52
458594,Movie,Peppermint,Pierre Morel,"Jennifer Garner, John Gallagher Jr., John Ortiz, Juan Pablo Raba, Annie Ilonzeh","China, United States of America",2018-09-06,2018,6.7,"Action, Thriller",en,21.094,2079,6.7,25000000,53918723,2.16
430040,Movie,The Hurricane Heist,Rob Cohen,"Toby Kebbell, Maggie Grace, Ryan Kwanten, Ralph Ineson, Melissa Bolona","United Kingdom, United States of America",2018-02-28,2018,5.7,"Action, Adventure, Crime, Thriller",en,21.06,1022,5.7,35000000,32517248,0.93
412988,Movie,The Happytime Murders,Brian Henson,"Melissa McCarthy, Bill Barretta, Leslie David Baker, Elizabeth Banks, Joel McHale","China, United States of America",2018-08-22,2018,5.8,"Action, Comedy, Crime",en,20.709,1009,5.8,40000000,27500000,0.69
495193,Movie,Benji,Brandon Camp,"Gabriel Bateman, Darby Camp, Kiele Sanchez, Gralen Bryant Banks, Will Rothhaar","United Arab Emirates, United States of America",2018-03-16,2018,6.9,"Drama, Comedy, Family, Crime",en,20.676,302,6.9,6000000,585333,0.1
440161,Movie,The Sisters Brothers,Jacques Audiard,"John C. Reilly, Joaquin Phoenix, Jake Gyllenhaal, Riz Ahmed, Rebecca Root","France, United States of America, Spain, Belgium, Romania",2018-09-19,2018,6.8,"Western, Drama, Comedy",en,20.643,1929,6.8,38000000,13143056,0.35
395990,Movie,Death Wish,Eli Roth,"Bruce Willis, Vincent D'Onofrio, Dean Norris, Elisabeth Shue, Camila Morrone",United States of America,2018-03-02,2018,6.2,"Action, Crime, Thriller, Drama",en,20.492,2584,6.2,30000000,34017028,1.13
446894,Movie,Smallfoot,Karey Kirkpatrick,"Channing Tatum, James Corden, Zendaya, Common, LeBron James",United States of America,2018-09-20,2018,6.787,"Family, Animation, Adventure, Fantasy, Comedy",en,20.191,1527,6.787,80000000,214115531,2.68
400650,Movie,Mary Poppins Returns,Rob Marshall,"Emily Blunt, Lin-Manuel Miranda, Ben Whishaw, Emily Mortimer, Pixie Davies",United States of America,2018-12-13,2018,6.5,"Fantasy, Family, Comedy",en,20.162,3330,6.5,130000000,348807090,2.68
474392,Movie,Samson,Bruce Macdonald,"Taylor James, Jackson Rathbone, Billy Zane, Caitlin Leahy, Frances Sholto-Douglas",United States of America,2018-02-16,2018,5.8,"Action, Drama, Adventure",en,19.904,231,5.8,3500000,4900000,1.4
434555,Movie,The Possession of Hannah Grace,Diederik Van Rooijen,"Shay Mitchell, Kirby Johnson, Grey Damon, Stana Katic, Louis Herthum",United States of America,2018-11-29,2018,5.601,"Horror, Drama",en,19.781,1357,5.601,9500000,43000000,4.53
371608,Movie,The Strangers: Prey at Night,Johannes Roberts,"Bailee Madison, Christina Hendricks, Martin Henderson, Lewis Pullman, Damian Maffei","United States of America, United Kingdom",2018-03-07,2018,5.7,"Horror, Thriller",en,19.748,1386,5.7,12500000,31039126,2.48
375588,Movie,Robin Hood,Otto Bathurst,"Taron Egerton, Jamie Foxx, Ben Mendelsohn, Eve Hewson, Jamie Dornan",United States of America,2018-11-03,2018,5.9,"Adventure, Action, Thriller, Fantasy",en,19.547,2990,5.9,100000000,86493046,0.86
220882,Movie,London Fields,Mathew Cullen,"Amber Heard, Theo James, Jim Sturgess, Billy Bob Thornton, Johnny Depp","United Kingdom, United States of America",2018-09-20,2018,5.1,"Crime, Thriller",en,19.461,270,5.1,8000000,487420,0.06
407439,Movie,Mary Magdalene,Garth Davis,"Rooney Mara, Joaquin Phoenix, Chiwetel Ejiofor, Ariane Labed, Ryan Corr","Australia, Italy, United Kingdom, United States of America",2018-03-15,2018,6.3,"Drama, History",en,19.356,527,6.3,20000000,11710110,0.59
470229,Movie,Summer of 84,"François Simard, Anouk Whissell, Yoann-Karl Whissell","Graham Verchere, Judah Lewis, Caleb Emery, Cory Gruter-Andrew, Tiera Skovbye","United States of America, Canada",2018-08-10,2018,6.9,"Drama, Horror, Mystery",en,19.185,1336,6.9,1500000,42027,0.03
370567,Movie,Sherlock Gnomes,John Stevenson,"Johnny Depp, Emily Blunt, James McAvoy, Chiwetel Ejiofor, Mary J. Blige","United Kingdom, United States of America",2018-03-15,2018,5.7,"Animation, Family, Fantasy, Comedy, Adventure, Mystery",en,19.029,718,5.7,59000000,90497778,1.53
506680,Movie,Unbroken: Path to Redemption,Harold Cronk,"Samuel Hunt, Merritt Patterson, Bob Gunton, Will Graham, David Sakurai",United States of America,2018-09-14,2018,6.6,Drama,en,19.015,145,6.6,6000000,6200000,1.03
437586,Movie,mid90s,Jonah Hill,"Sunny Suljic, Katherine Waterston, Lucas Hedges, Na-kel Smith, Olan Prenatt",United States of America,2018-10-19,2018,7.493,"Drama, Comedy",en,18.952,1621,7.493,1700000,9303022,5.47
429300,Movie,Adrift,Baltasar Kormákur,"Shailene Woodley, Sam Claflin, Jeffrey Thomas, Elizabeth Hawthorne, Grace Palmer","China, Iceland, United States of America",2018-05-31,2018,6.8,"Thriller, Romance, Adventure",en,18.84,2603,6.8,35000000,59945012,1.71
416234,Movie,Winchester,"Michael Spierig, Peter Spierig","Jason Clarke, Helen Mirren, Sarah Snook, Finn Scicluna-O'Prey, Emm Wiseman","Australia, United States of America",2018-02-02,2018,5.889,"Horror, Thriller",en,18.742,1750,5.889,3500000,44019588,12.58
460668,Movie,I Feel Pretty,"Abby Kohn, Marc Silverstein","Amy Schumer, Michelle Williams, Tom Hopper, Rory Scovel, Adrian Martinez","China, United States of America",2018-04-19,2018,6.4,"Comedy, Romance",en,18.627,2048,6.4,32000000,94539426,2.95
498248,Movie,Mia and the White Lion,Gilles de Maistre,"Daniah De Villiers, Mélanie Laurent, Langley Kirkwood, Ryan Mac Lennan, Lionel Newton","South Africa, Germany, France",2018-08-02,2018,7.3,"Adventure, Family, Drama",fr,18.602,867,7.3,9600000,35487190,3.7
517814,Movie,Capernaum,Nadine Labaki,"Zain Al Rafeea, Yordanos Shifera, Boluwatife Treasure Bankole, Kawsar Al Haddad, Fadi Kamel Yousef","France, Lebanon, United Kingdom, United States of America",2018-09-20,2018,8.157,Drama,ar,18.439,1749,8.157,4000000,64978931,16.24
446807,Movie,The Girl in the Spider's Web,Fede Álvarez,"Claire Foy, Sverrir Gudnason, LaKeith Stanfield, Sylvia Hoeks, Stephen Merchant","Germany, United Kingdom, United States of America",2018-10-25,2018,6.1,"Action, Crime, Thriller",en,18.406,1381,6.1,43000000,35164920,0.82
453201,Movie,The 15:17 to Paris,Clint Eastwood,"Ray Corasani, Spencer Stone, Anthony Sadler, Alek Skarlatos, Judy Greer",United States of America,2018-02-07,2018,5.4,"Drama, Thriller",en,18.376,1605,5.4,30000000,57076286,1.9
396806,Movie,Anon,Andrew Niccol,"Clive Owen, Amanda Seyfried, Colm Feore, Mark O'Brien, Sonya Walger","United States of America, United Kingdom",2018-05-03,2018,5.971,"Science Fiction, Crime, Mystery, Thriller",en,18.364,1592,5.971,20000000,1197741,0.06
453755,Movie,Arctic,Joe Penna,"Mads Mikkelsen, Maria Thelma Smáradóttir, Tintrinai Thikhasuk","Iceland, United States of America",2018-11-21,2018,6.5,"Drama, Adventure",en,18.353,1228,6.5,2000000,4100000,2.05
396461,Movie,Under the Silver Lake,David Robert Mitchell,"Andrew Garfield, Riley Keough, Topher Grace, Callie Hernandez, Don McManus",United States of America,2018-08-08,2018,6.373,"Crime, Drama, Mystery",en,18.237,1429,6.373,8500000,2053469,0.24
467660,Movie,Unsane,Steven Soderbergh,"Claire Foy, Joshua Leonard, Jay Pharoah, Juno Temple, Aimee Mullins",United States of America,2018-03-22,2018,6.3,"Horror, Thriller",en,18.164,1524,6.3,1500000,14293601,9.53
527729,Movie,Asterix: The Secret of the Magic Potion,"Alexandre Astier, Louis Clichy","Christian Clavier, Guillaume Briat, Alex Lutz, Alexandre Astier, Élie Semoun",France,2018-05-12,2018,6.8,"Family, Animation, Comedy, Adventure",fr,18.13,1240,6.8,36000000,74488686,2.07
437557,Movie,Blockers,Kay Cannon,"Leslie Mann, John Cena, Ike Barinholtz, Kathryn Newton, Geraldine Viswanathan","China, Japan, United States of America",2018-03-14,2018,6.3,Comedy,en,18.101,2001,6.3,21000000,94017294,4.48
470878,Movie,I Can Only Imagine,"Andrew Erwin, Jon Erwin","J. Michael Finley, Dennis Quaid, Cloris Leachman, Brody Rose, Madeline Carroll",United States of America,2018-02-14,2018,7.5,"Music, Drama",en,18.06,475,7.5,7000000,86026201,12.29
534780,Movie,Andhadhun,Sriram Raghavan,"Ayushmann Khurrana, Tabu, Radhika Apte, Manav Vij, Zakir Hussain",India,2018-10-05,2018,7.6,"Crime, Mystery, Thriller, Comedy",hi,18.045,525,7.6,4500000,40000000,8.89
503616,Movie,Second Act,Peter Segal,"Jennifer Lopez, Vanessa Hudgens, Leah Remini, Milo Ventimiglia, Treat Williams",United States of America,2018-11-22,2018,6.3,"Romance, Comedy",en,18.003,1200,6.3,16000000,72282227,4.52
376865,Movie,High Life,Claire Denis,"Robert Pattinson, Juliette Binoche, André 3000, Mia Goth, Agata Buzek","France, Germany, Poland, United Kingdom, United States of America",2018-09-26,2018,5.738,"Science Fiction, Drama, Mystery",en,17.779,1107,5.738,8933400,2133033,0.24
487558,Movie,BlacKkKlansman,Spike Lee,"John David Washington, Adam Driver, Topher Grace, Laura Harrier, Alec Baldwin",United States of America,2018-08-09,2018,7.5,"Crime, Comedy, Drama",en,17.695,7597,7.5,15000000,93411426,6.23
339380,Movie,On the Basis of Sex,Mimi Leder,"Felicity Jones, Armie Hammer, Justin Theroux, Sam Waterston, Kathy Bates",United States of America,2018-12-25,2018,7.4,"Drama, History",en,17.54,1037,7.4,20000000,38755968,1.94
434355,Movie,Taxi 5,Franck Gastambide,"Franck Gastambide, Malik Bentalha, Bernard Farcy, Salvatore Esposito, Édouard Montoute",France,2018-04-07,2018,5.4,"Action, Comedy",fr,17.435,1019,5.4,24625000,64497208,2.62
420814,Movie,Christopher Robin,Marc Forster,"Ewan McGregor, Hayley Atwell, Kumud Pant, Bronte Carmichael, Jim Cummings","United Kingdom, United States of America",2018-08-01,2018,7.302,"Adventure, Comedy, Family, Fantasy",en,17.341,2742,7.302,75000000,99138899,1.32
489999,Movie,Searching,Aneesh Chaganty,"John Cho, Michelle La, Debra Messing, Joseph Lee, Sara Sohn","Russia, United States of America",2018-08-24,2018,7.6,"Drama, Mystery, Thriller",en,17.34,3908,7.6,1000000,75462037,75.46
459616,Movie,The Brand New Adventures of Aladdin,Lionel Steketee,"Kev Adams, Jamel Debbouze, Ramzy Bedia, Eric Judor, Noémie Lenoir",France,2018-10-03,2018,4.807,"Comedy, Fantasy, Adventure",fr,17.185,388,4.807,18900000,19000000,1.01
439015,Movie,Slender Man,Sylvain White,"Javier Botet, Joey King, Julia Goldani Telles, Jaz Sinclair, Annalise Basso",United States of America,2018-05-17,2018,4.3,"Horror, Mystery, Thriller",en,17.078,2021,4.3,10000000,11817275,1.18
517991,Movie,The Spy Gone North,Yoon Jong-bin,"Hwang Jung-min, Lee Sung-min, Cho Jin-woong, Ju Ji-hoon, Jeong So-ri",South Korea,2018-08-08,2018,7.38,"Drama, History, Thriller",ko,16.84,192,7.38,17000000,3175,0.0
535389,Movie,The Great Battle,Kim Kwang-sik,"Zo In-sung, Nam Joo-hyuk, Park Sung-woong, Bae Sung-woo, Um Tae-goo",South Korea,2018-09-19,2018,6.784,"War, History, Action",ko,16.773,167,6.784,13305000,41509280,3.12
506072,Movie,Prospect,"Zeek Earl, Christopher Caldwell","Sophie Thatcher, Pedro Pascal, Jay Duplass, Andre Royo, Sheila Vand","Canada, United States of America, United Kingdom",2018-10-02,2018,6.2,Science Fiction,en,16.739,852,6.2,4000000,22777,0.01
399796,Movie,Life of the Party,Ben Falcone,"Melissa McCarthy, Matt Walsh, Molly Gordon, Gillian Jacobs, Luke Benward",United States of America,2018-05-10,2018,6.1,Comedy,en,16.553,989,6.1,30000000,61700416,2.06
432527,Movie,Padmaavat,Sanjay Leela Bhansali,"Deepika Padukone, Ranveer Singh, Shahid Kapoor, Jim Sarbh, Aayam Mehta",India,2018-01-25,2018,6.9,"Drama, History, Romance",hi,16.538,273,6.9,31000000,81673897,2.63
465136,Movie,Every Day,Michael Sucsy,"Angourie Rice, Justice Smith, Debby Ryan, Maria Bello, Lucas Jade Zumann","Switzerland, United Kingdom, United States of America",2018-02-22,2018,7.2,"Romance, Fantasy",en,16.478,2227,7.2,4900000,10400000,2.12
493551,Movie,Operation Finale,Chris Weitz,"Oscar Isaac, Ben Kingsley, Mélanie Laurent, Peter Strauss, Nick Kroll",United States of America,2018-08-29,2018,6.7,"Drama, History, Thriller",en,16.417,1005,6.7,24000000,17506878,0.73
426426,Movie,Roma,Alfonso Cuarón,"Yalitza Aparicio, Marina de Tavira, Diego Cortina Autrey, Carlos Peralta, Marco Graf","United Kingdom, United States of America",2018-11-21,2018,7.6,Drama,es,16.379,3920,7.6,15000000,1140769,0.08
457136,Movie,Mary Queen of Scots,Josie Rourke,"Saoirse Ronan, Margot Robbie, Jack Lowden, Joe Alwyn, David Tennant","United Kingdom, United States of America",2018-12-07,2018,6.6,"Drama, History",en,16.151,1799,6.6,25000000,46712809,1.87
523931,Movie,Megalodon,James Thomas,"Michael Madsen, Scott C. Roe, Ego Mikitas, Paulina Nguyen, Dominic Pace",United States of America,2018-08-10,2018,5.5,"Action, Science Fiction, Horror, TV Movie",en,15.987,289,5.5,130178,5303,0.04
464502,Movie,Acrimony,Tyler Perry,"Taraji P. Henson, Lyriq Bent, Crystle Stewart, Danielle Nicolet, Ptosha Storey",United States of America,2018-03-30,2018,6.7,"Drama, Thriller",en,15.727,381,6.7,20000000,34800000,1.74
401469,Movie,Widows,Steve McQueen,"Viola Davis, Michelle Rodriguez, Elizabeth Debicki, Cynthia Erivo, Colin Farrell","United Kingdom, United States of America",2018-11-06,2018,6.5,"Crime, Thriller",en,15.683,2318,6.5,42000000,73900000,1.76
477489,Movie,Just a Breath Away,Daniel Roby,"Romain Duris, Olga Kurylenko, Fantine Harduin, Michel Robin, Anna Gaylor","Canada, France",2018-04-04,2018,6.323,"Drama, Science Fiction, Thriller",fr,15.437,806,6.323,13749400,2842040,0.21
425505,Movie,Kin,"Jonathan Baker, Josh Baker","Myles Truitt, Jack Reynor, Dennis Quaid, Zoë Kravitz, James Franco",United States of America,2018-08-29,2018,6.122,"Science Fiction, Action, Adventure, Thriller",en,15.403,829,6.122,30000000,10023153,0.33
454286,Movie,God's Not Dead: A Light in Darkness,Michael Mason,"David A.R. White, John Corbett, Jennifer Taylor, Benjamin Ochieng, Tatum O'Neal",United States of America,2018-03-30,2018,6.6,Drama,en,15.332,214,6.6,5700000,7414178,1.3
407451,Movie,A Wrinkle in Time,Ava DuVernay,"Storm Reid, Oprah Winfrey, Reese Witherspoon, Mindy Kaling, Levi Miller",United States of America,2018-03-08,2018,5.1,"Adventure, Science Fiction, Family, Fantasy",en,15.17,1797,5.1,103000000,132675864,1.29
406761,Movie,Hotel Artemis,Drew Pearce,"Jodie Foster, Sterling K. Brown, Sofia Boutella, Jeff Goldblum, Brian Tyree Henry","United Kingdom, United States of America",2018-06-07,2018,6.1,"Thriller, Science Fiction, Action, Crime, Drama",en,15.154,1559,6.1,15000000,12371132,0.82
476968,Movie,"Paul, Apostle of Christ",Andrew Hyatt,"Jim Caviezel, James Faulkner, Olivier Martinez, Joanne Whalley, John Lynch",United States of America,2018-03-23,2018,7.6,Drama,en,14.807,362,7.6,5000000,25915966,5.18
489925,Movie,Eighth Grade,Bo Burnham,"Elsie Fisher, Josh Hamilton, Emily Robinson, Jake Ryan, Daniel Zolghadri",United States of America,2018-01-19,2018,7.2,"Comedy, Drama",en,14.78,1545,7.2,2000000,13539709,6.77
437543,Movie,The Monkey King 3,Soi Cheang,"Aaron Kwok Fu-Shing, William Feng, Zhao Liying, Xiao Shenyang, Lo Chung-Him","China, Hong Kong",2018-02-16,2018,5.5,"Adventure, Fantasy, Action, Family",zh,14.657,49,5.5,87000000,115089944,1.32
465914,Movie,If Beale Street Could Talk,Barry Jenkins,"KiKi Layne, Stephan James, Regina King, Teyonah Parris, Colman Domingo",United States of America,2018-12-14,2018,6.9,"Romance, Drama",en,14.505,1141,6.9,12000000,20572691,1.71
387592,Movie,Early Man,Nick Park,"Eddie Redmayne, Tom Hiddleston, Maisie Williams, Timothy Spall, Miriam Margolyes","France, United Kingdom, United States of America",2018-01-26,2018,6.1,"Family, Comedy, Animation, Adventure",en,14.455,809,6.1,50000000,53431158,1.07
489931,Movie,American Animals,Bart Layton,"Evan Peters, Barry Keoghan, Blake Jenner, Jared Abrahamson, Warren Lipka","United Kingdom, United States of America",2018-06-01,2018,6.7,"Drama, Crime, Documentary",en,14.36,1116,6.7,3000000,2847319,0.95
297725,Movie,The Man Who Killed Don Quixote,Terry Gilliam,"Adam Driver, Jonathan Pryce, Stellan Skarsgård, Jordi Mollà, Joana Ribeiro","Belgium, France, Portugal, Spain, United Kingdom, United States of America",2018-05-19,2018,6.8,"Adventure, Comedy",en,14.327,1015,6.8,19116000,2433457,0.13
444149,Movie,Hellraiser: Judgment,Gary J. Tunnicliffe,"Damon Carney, Randy Wayne, Paul T. Taylor, Alexandra Harris, Gary J. Tunnicliffe",United States of America,2018-02-13,2018,5.2,"Horror, Thriller",en,14.318,315,5.2,350000,426290,1.22
429197,Movie,Vice,Adam McKay,"Christian Bale, Amy Adams, Steve Carell, Sam Rockwell, Alison Pill",United States of America,2018-12-25,2018,7.0,"Comedy, Drama",en,14.308,3375,7.0,60000000,76100000,1.27
458737,Movie,First Reformed,Paul Schrader,"Ethan Hawke, Amanda Seyfried, Cedric the Entertainer, Victoria Hill, Philip Ettinger",United States of America,2018-05-18,2018,7.0,Drama,en,14.232,1344,7.0,3500000,3988612,1.14
471474,Movie,Batman: Gotham by Gaslight,Sam Liu,"Bruce Greenwood, Jennifer Carpenter, Anthony Stewart Head, Scott Patterson, John DiMaggio",United States of America,2018-01-12,2018,6.7,"Thriller, Action, Animation, Science Fiction",en,14.22,707,6.7,1000000,3469151,3.47
429476,Movie,Hell Fest,Gregory Plotkin,"Amy Forsyth, Reign Edwards, Bex Taylor-Klaus, Christian James, Roby Attal",United States of America,2018-09-27,2018,5.7,"Horror, Thriller",en,13.977,814,5.7,5500000,18160930,3.3
339103,Movie,Gotti,Kevin Connolly,"John Travolta, Spencer Rocco Lofranco, Kelly Preston, Pruitt Taylor Vince, William DeMeo",United States of America,2018-06-14,2018,5.3,"Crime, Drama, History, Thriller",en,13.9,609,5.3,10000000,4343227,0.43
505954,Movie,T-34,Alexey Sidorov,"Alexander Petrov, Victor Dobronravov, Irina Starshenbaum, Vinzenz Kiefer, Petr Skvortsov",Russia,2018-12-27,2018,7.2,"Action, Drama, History, War",ru,13.811,853,7.2,8000000,36220872,4.53
426613,Movie,The Miseducation of Cameron Post,Desiree Akhavan,"Chloë Grace Moretz, Sasha Lane, Forrest Goodluck, John Gallagher Jr., Jennifer Ehle","United Kingdom, United States of America",2018-07-18,2018,6.9,Drama,en,13.749,969,6.9,900000,2019874,2.24
340022,Movie,Gringo,Nash Edgerton,"David Oyelowo, Joel Edgerton, Charlize Theron, Amanda Seyfried, Sharlto Copley",United States of America,2018-03-08,2018,5.9,"Comedy, Action, Crime",en,13.707,751,5.9,10000000,11001627,1.1
418879,Movie,The Current War,Alfonso Gomez-Rejon,"Benedict Cumberbatch, Michael Shannon, Nicholas Hoult, Katherine Waterston, Tom Holland","Russia, United Kingdom, United States of America",2018-02-01,2018,6.7,"Drama, History",en,13.427,1080,6.7,30000000,12217160,0.41
454293,Movie,Night School,Malcolm D. Lee,"Kevin Hart, Tiffany Haddish, Rob Riggle, Romany Malco, Taran Killam","United States of America, China",2018-09-27,2018,6.143,Comedy,en,13.287,1679,6.143,29000000,33157615,1.14
489929,Movie,Destination Wedding,Victor Levin,"Winona Ryder, Keanu Reeves, DJ Dallenbach, Ted Dubost, D. Rosh Wright",United States of America,2018-08-02,2018,5.8,"Romance, Comedy, Drama",en,13.243,760,5.8,7000000,2183025,0.31
506863,Movie,Hurricane,David Blair,"Iwan Rheon, Milo Gibson, Stefanie Martini, Marcin Dorociński, Kryštof Hádek",United Kingdom,2018-09-07,2018,5.9,"War, Drama, Action",en,13.224,173,5.9,10000000,2137751,0.21
397722,Movie,Thoroughbreds,Cory Finley,"Olivia Cooke, Anya Taylor-Joy, Anton Yelchin, Paul Sparks, Francie Swift",United States of America,2018-03-09,2018,6.4,"Drama, Thriller",en,13.128,1164,6.4,5000000,2830775,0.57
446696,Movie,Life Itself,Dan Fogelman,"Oscar Isaac, Olivia Wilde, Annette Bening, Antonio Banderas, Mandy Patinkin","Spain, United States of America",2018-09-21,2018,7.2,"Drama, Romance",en,13.056,567,7.2,10000000,7997774,0.8
446101,Movie,Assassination Nation,Sam Levinson,"Odessa Young, Hari Nef, ABRA, Suki Waterhouse, Anika Noni Rose","Canada, United States of America",2018-09-21,2018,6.3,"Thriller, Horror, Comedy",en,12.936,840,6.3,7000000,2900000,0.41
456929,Movie,Champions,Javier Fesser,"Javier Gutiérrez, Athenea Mata, Juan Margallo, José de Luna, Sergio Olmo",Spain,2018-04-06,2018,7.5,"Comedy, Family, Drama",es,12.89,736,7.5,4920975,20121318,4.09
351044,Movie,Welcome to Marwen,Robert Zemeckis,"Steve Carell, Leslie Mann, Merritt Wever, Janelle Monáe, Diane Kruger","Canada, Japan, United States of America",2018-12-21,2018,6.522,"Drama, Comedy",en,12.883,1149,6.522,39000000,13061491,0.33
438689,Movie,Siberia,Matthew Ross,"Keanu Reeves, Ana Ularu, Pasha D. Lychnikoff, Boris Gulyarin, Ashley St. George","Germany, Canada, United States of America",2018-07-13,2018,4.7,"Crime, Romance, Thriller",en,12.881,574,4.7,2000000,2006704,1.0
354279,Movie,Charming,Ross Venokur,"Demi Lovato, Wilmer Valderrama, Sia, Nia Vardalos, Ashley Tisdale","Canada, United States of America",2018-03-26,2018,6.4,"Animation, Adventure, Comedy, Family, Fantasy, Music",en,12.817,258,6.4,20000000,8751856,0.44
500475,Movie,SuperFly,Director X.,"Trevor Jackson, Jason Mitchell, Michael Kenneth Williams, Lex Scott Davis, Jennifer Morrison",United States of America,2018-06-13,2018,6.8,"Action, Crime",en,12.81,381,6.8,16000000,20545116,1.28
505513,Movie,Detective Chinatown 2,Chen Sicheng,"Wang Baoqiang, Liu Haoran, Xiao Yang, Natasha Liu Bordizzo, Shang Yuxian",China,2018-02-16,2018,6.175,"Comedy, Mystery",zh,12.704,114,6.175,63000000,544185156,8.64
514619,Movie,Nobody's Fool,Tyler Perry,"Tiffany Haddish, Tika Sumpter, Omari Hardwick, Amber Riley, Whoopi Goldberg",United States of America,2018-10-31,2018,6.2,"Comedy, Romance",en,12.636,282,6.2,19000000,29200000,1.54
401545,Movie,Everybody Knows,Asghar Farhadi,"Penélope Cruz, Javier Bardem, Ricardo Darín, Bárbara Lennie, Inma Cuesta","Spain, France, Italy",2018-05-09,2018,6.5,"Crime, Mystery, Thriller",es,12.627,984,6.5,11318430,17997350,1.59
425148,Movie,Show Dogs,Raja Gosnell,"Will Arnett, Ludacris, Natasha Lyonne, Jordin Sparks, Gabriel Iglesias","United Kingdom, United States of America",2018-05-18,2018,6.0,"Adventure, Crime, Family, Comedy",en,12.616,249,6.0,5500000,38830219,7.06
485296,Movie,Redbad,Roel Reiné,"Gijs Naber, Jonathan Banks, Lisa Smit, Søren Malling, Derek de Lint",Netherlands,2018-06-28,2018,6.316,"Adventure, History, War, Drama",nl,12.601,207,6.316,8155000,482806,0.06
457915,Movie,Superlopez,Javier Ruiz Caldera,"Dani Rovira, Alexandra Jiménez, Julián López, Maribel Verdú, Pedro Casablanc",Spain,2018-11-23,2018,5.4,Comedy,es,12.449,260,5.4,5200000,12496155,2.4
496328,Movie,Sanju,Rajkumar Hirani,"Ranbir Kapoor, Paresh Rawal, Vicky Kaushal, Anushka Sharma, Dia Mirza","India, United States of America",2018-06-29,2018,7.2,"Drama, Comedy",hi,12.398,194,7.2,21918618,67414985,3.08
426563,Movie,Holmes & Watson,Etan Cohen,"Will Ferrell, John C. Reilly, Rebecca Hall, Kelly Macdonald, Rob Brydon",United States of America,2018-12-25,2018,4.3,"Comedy, Mystery, Crime",en,12.199,860,4.3,42000000,40500000,0.96
381237,Movie,Office Uprising,Lin Oeding,"Brenton Thwaites, Jane Levy, Karan Soni, Zachary Levi, Ian Harding",United States of America,2018-06-19,2018,5.3,"Comedy, Horror, Action",en,12.198,237,5.3,2500000,165623,0.07
476764,Movie,The Front Runner,Jason Reitman,"Hugh Jackman, Vera Farmiga, J.K. Simmons, Mark O'Brien, Molly Ephraim","Canada, United States of America",2018-11-06,2018,5.9,"Drama, History",en,12.157,358,5.9,25000000,3300000,0.13
502682,Movie,Book Club,Bill Holderman,"Diane Keaton, Jane Fonda, Candice Bergen, Mary Steenburgen, Craig T. Nelson",United States of America,2018-05-18,2018,6.243,"Romance, Comedy, Drama",en,12.137,787,6.243,10000000,78720293,7.87
440298,Movie,Cold War,Paweł Pawlikowski,"Joanna Kulig, Tomasz Kot, Borys Szyc, Agata Kulesza, Cédric Kahn","Poland, United Kingdom, France, Belgium, India",2018-06-08,2018,7.4,"Romance, Music, Drama",pl,12.129,1483,7.4,4954500,18754051,3.79
50022,Movie,Super Troopers 2,Jay Chandrasekhar,"Jay Chandrasekhar, Kevin Heffernan, Steve Lemme, Erik Stolhanske, Paul Soter",United States of America,2018-04-19,2018,5.865,"Comedy, Crime, Mystery",en,12.068,470,5.865,13500000,31626386,2.34
473149,Movie,Traffik,Deon Taylor,"Paula Patton, Omar Epps, Missi Pyle, Laz Alonso, Luke Goss",United States of America,2018-04-20,2018,6.137,"Horror, Thriller",en,11.881,456,6.137,4000000,5132274,1.28
443009,Movie,"Don't Worry, He Won't Get Far on Foot",Gus Van Sant,"Joaquin Phoenix, Jonah Hill, Rooney Mara, Jack Black, Tony Greenhand","France, United States of America",2018-04-04,2018,6.7,"Comedy, Drama",en,11.775,689,6.7,3500000,4200000,1.2
429202,Movie,Vox Lux,Brady Corbet,"Natalie Portman, Raffey Cassidy, Jude Law, Stacy Martin, Jennifer Ehle",United States of America,2018-09-07,2018,5.8,"Drama, Music",en,11.626,487,5.8,7000000,1300000,0.19
472553,Movie,Zoo,Colin McIvor,"Art Parkinson, Emily Flain, Toby Jones, Ian O'Reilly, Ian McElhinney","United Kingdom, Ireland",2018-06-08,2018,6.7,"Family, War, History",en,11.516,99,6.7,4000000,231719,0.06
463319,Movie,Shadow,Zhang Yimou,"Deng Chao, Sun Li, Ryan Zheng, Wang Qianyuan, Wang Jingchun","China, Hong Kong",2018-09-30,2018,6.7,"Action, War",zh,11.5,392,6.7,44005000,91708374,2.08
442064,Movie,Proud Mary,Babak Najafi,"Taraji P. Henson, Jahi Di'Allo Winston, Danny Glover, Billy Brown, Neal McDonough",United States of America,2018-01-12,2018,5.492,"Thriller, Action, Crime",en,11.499,502,5.492,14000000,21753365,1.55
472451,Movie,Boy Erased,Joel Edgerton,"Lucas Hedges, Nicole Kidman, Russell Crowe, Joel Edgerton, Joe Alwyn","Australia, China, United States of America",2018-09-24,2018,7.0,Drama,en,11.439,1416,7.0,15000000,7900000,0.53
479226,Movie,The Purity of Vengeance,Christoffer Boe,"Nikolaj Lie Kaas, Fares Fares, Johanne Louise Schmidt, Søren Pilmark, Fanny Leander Bornedal","Denmark, Germany, Norway, Sweden",2018-10-04,2018,7.2,"Crime, Thriller, Mystery, Drama",da,11.243,491,7.2,6000000,470000,0.08
340613,Movie,The Wife,Björn Runge,"Glenn Close, Jonathan Pryce, Christian Slater, Max Irons, Harry Lloyd","Sweden, Switzerland, United Kingdom, United States of America",2018-08-02,2018,7.1,Drama,en,11.183,1071,7.1,7000000,20000000,2.86
546230,Movie,Paskal,Adrian Teh,"Hairul Azreen, Ammar Alfian Aziz, Henley Hii, Taufiq Hanafi, Gambit Saifullah",Malaysia,2018-09-27,2018,7.644,"Action, War, Drama, History, Adventure, Crime",ms,11.182,73,7.644,2243662,6748935,3.01
466411,Movie,Speed Kills,"Jodi Scurfield, John Luessenhop","John Travolta, Katheryn Winnick, Jennifer Esposito, Matthew Modine, James Remar","Puerto Rico, United States of America",2018-11-16,2018,5.5,"Crime, Drama, Thriller",en,11.028,130,5.5,15000000,5812,0.0
417670,Movie,Loro 1,Paolo Sorrentino,"Toni Servillo, Elena Sofia Ricci, Riccardo Scamarcio, Kasia Smutniak, Ricky Memphis","France, Italy",2018-04-24,2018,6.8,Drama,it,10.972,527,6.8,21000000,4746815,0.23
432301,Movie,Chappaquiddick,John Curran,"Jason Clarke, Kate Mara, Ed Helms, Bruce Dern, Jim Gaffigan","Sweden, United States of America",2018-04-06,2018,6.087,"History, Drama, Thriller",en,10.855,263,6.087,34000000,17904202,0.53
514277,Movie,Mara,Clive Tonge,"Olga Kurylenko, Javier Botet, Mitch Eakins, Lance E. Nichols, Rosie Fellner","United Kingdom, United States of America",2018-08-22,2018,5.7,"Crime, Horror, Thriller",en,10.664,389,5.7,5000000,661769,0.13
394741,Movie,Stan & Ollie,Jon S. Baird,"Steve Coogan, John C. Reilly, Shirley Henderson, Nina Arianda, Rufus Jones","Canada, United Kingdom, United States of America",2018-12-28,2018,7.0,"Comedy, Drama",en,10.616,1053,7.0,10000000,24420923,2.44
391714,Movie,On Chesil Beach,Dominic Cooke,"Saoirse Ronan, Billy Howle, Anne-Marie Duff, Adrian Scarborough, Emily Watson",United Kingdom,2018-01-19,2018,6.2,"Drama, Romance",en,10.498,364,6.2,745971,3335913,4.47
432165,Movie,The Pagan King,Aigars Grauba,"Edvin Endre, Aistė Diržiūtė, James Bloor, Artūrs Skrastiņš, Dainis Grūbe","United Kingdom, Latvia",2018-01-17,2018,6.41,"History, Adventure, Action",lv,10.459,78,6.41,2400000,18598,0.01
491629,Movie,Raazi,Meghna Gulzar,"Alia Bhatt, Vicky Kaushal, Rajit Kapoor, Shishir Sharma, Ashwath Bhatt",India,2018-05-10,2018,7.2,"Thriller, Action, Drama, History",hi,10.437,166,7.2,4500000,23800000,5.29
458027,Movie,The Last Warrior,Rustam Mosafir,"Aleksey Faddeev, Vitaly Kravchenko, Aleksandr Kuznetsov, Vasilisa Izmaylova, Aleksandr Patsevich",Russia,2018-01-18,2018,5.9,"Action, Drama, Fantasy, History, Adventure",ru,10.075,116,5.9,2500000,1053002,0.42
300906,Movie,Atrocious,Lex Ortega,"Lex Ortega, Carlos Valencia, Orlando Moguel, Aleyda Gallardo, Carlos Padilla",Mexico,2018-10-26,2018,6.486,"Horror, Thriller",es,9.995,70,6.486,7000,74,0.01
407890,Movie,Lean on Pete,Andrew Haigh,"Charlie Plummer, Amy Seimetz, Travis Fimmel, Steve Buscemi, Jason Beem",United Kingdom,2018-04-06,2018,6.9,"Drama, Adventure",en,9.904,336,6.9,8000000,2400000,0.3
414001,Movie,The Mercy,James Marsh,"Colin Firth, Rachel Weisz, David Thewlis, Mark Gatiss, Genevieve Gaunt",United Kingdom,2018-02-09,2018,5.9,"Drama, Adventure",en,9.869,281,5.9,18000000,4536348,0.25
454283,Movie,Action Point,Tim Kirkby,"Johnny Knoxville, Chris Pontius, Clover Nee, Eleanor Worthington-Cox, Susan Yeagley","South Africa, United States of America",2018-06-01,2018,5.4,Comedy,en,9.773,343,5.4,19000000,5059608,0.27
492452,Movie,Ben Is Back,Peter Hedges,"Julia Roberts, Lucas Hedges, Courtney B. Vance, Kathryn Newton, Rachel Bay Jones",United States of America,2018-12-05,2018,6.6,Drama,en,9.707,922,6.6,13000000,12616995,0.97
497814,Movie,Breaking In,James McTeigue,"Gabrielle Union, Billy Burke, Richard Cabral, Ajiona Alexus, Levi Meaden",United States of America,2018-05-05,2018,6.0,"Thriller, Crime, Action",en,9.638,665,6.0,6000000,49078000,8.18
396321,Movie,Puppet Master: The Littlest Reich,"Sonny Laguna, Tommy Wiklund","Thomas Lennon, Jenny Pellicer, Michael Paré, Barbara Crampton, Udo Kier","United Kingdom, United States of America",2018-08-17,2018,5.6,"Horror, Comedy, Fantasy",en,9.516,149,5.6,2500000,780846,0.31
457435,Movie,Return of the Hero,Laurent Tirard,"Jean Dujardin, Mélanie Laurent, Christophe Montenez, Fabienne Galula, Noémie Merlant","Belgium, France",2018-02-14,2018,6.259,"History, Comedy",fr,9.182,610,6.259,10800000,7362730,0.68
541660,Movie,Loro,Paolo Sorrentino,"Toni Servillo, Elena Sofia Ricci, Riccardo Scamarcio, Kasia Smutniak, Euridice Axén","France, Italy",2018-09-13,2018,6.689,Drama,it,9.174,304,6.689,21000000,1681525,0.08
533991,Movie,Stree,Amar Kaushik,"Rajkummar Rao, Shraddha Kapoor, Aparshakti Khurana, Abhishek Banerjee, Pankaj Tripathi",India,2018-08-31,2018,6.9,"Horror, Comedy",hi,9.155,156,6.9,1700000,22000000,12.94
433694,Movie,Sgt. Stubby: An American Hero,Richard Lanni,"Logan Lerman, Helena Bonham Carter, Gérard Depardieu, Jim Pharr, Jordan Beck","Canada, France, Ireland, United Kingdom, United States of America",2018-04-13,2018,7.8,"Animation, Adventure, Family, History, War",en,9.108,197,7.8,25000000,4900000,0.2
470333,Movie,Hearts Beat Loud,Brett Haley,"Nick Offerman, Kiersey Clemons, Blythe Danner, Toni Collette, Sasha Lane",United States of America,2018-06-08,2018,7.0,"Music, Drama, Comedy, Family",en,9.037,257,7.0,2000000,2115765,1.06
517331,Movie,The Realm,Rodrigo Sorogoyen,"Antonio de la Torre, Josep Maria Pou, Mónica López, Bárbara Lennie, Nacho Fresneda","France, Spain",2018-09-28,2018,7.103,"Thriller, Mystery, Drama",es,8.828,434,7.103,4552700,1932261,0.42
472138,Movie,Thugs of Hindostan,Vijay Krishna Acharya,"Amitabh Bachchan, Aamir Khan, Katrina Kaif, Fatima Sana Shaikh, Mohammed Zeeshan Ayyub","India, Malta, Thailand",2018-11-07,2018,5.4,"Adventure, Action",hi,8.781,109,5.4,31000000,3136000,0.1
507505,Movie,El Angel,Luis Ortega,"Lorenzo Ferro, Chino Darín, Mercedes Morán, Daniel Fanego, Luis Gnecco","Argentina, Spain",2018-08-09,2018,7.4,"Drama, Crime",es,8.737,549,7.4,3000000,10452324,3.48
454545,Movie,"Help, I Shrunk My Parents",Tim Trageser,"Oskar Keymer, Lina Hüesker, Otto Waalkes, Andrea Sawatzki, Axel Stein","Austria, Germany",2018-01-18,2018,5.244,"Comedy, Adventure, Family",de,8.645,45,5.244,7600000,8400000,1.11
503314,Movie,Dragon Ball Super: Broly,Tatsuya Nagamine,"Masako Nozawa, Aya Hisakawa, Ryo Horikawa, Toshio Furukawa, Takeshi Kusao",Japan,2018-12-14,2018,7.9,"Action, Science Fiction, Animation",ja,8.602,2953,7.9,1000000,125002821,125.0
482712,Movie,The Apparition,Xavier Giannoli,"Vincent Lindon, Galatea Bellugi, Patrick d'Assumçao, Anatole Taubman, Elina Löwensohn","Belgium, France",2018-02-14,2018,6.1,Drama,fr,8.579,145,6.1,9661157,3562793,0.37
429203,Movie,The Old Man & the Gun,David Lowery,"Robert Redford, Casey Affleck, Sissy Spacek, Danny Glover, Tom Waits",United States of America,2018-09-27,2018,6.434,"Comedy, Crime, Drama",en,8.521,1392,6.434,15800000,11277120,0.71
373449,Movie,2.0,Shankar,"Rajinikanth, Akshay Kumar, Amy Jackson, Sudhanshu Pandey, Adil Hussain",India,2018-11-29,2018,5.9,"Action, Science Fiction, Fantasy",ta,8.222,155,5.9,77000000,114629169,1.49
434358,Movie,Belle and Sebastian 3: The Last Chapter,Clovis Cornillac,"Félix Bossuet, Clovis Cornillac, Tchéky Karyo, Thierry Neuvic, Margaux Chatelier",France,2018-02-07,2018,6.6,"Adventure, Family",fr,8.209,178,6.6,13500000,33895230,2.51
493623,Movie,Hichki,Siddharth P. Malhotra,"Rani Mukerji, Neeraj Kabi, Rohit Saraf, Sachin Pilgaonkar, Asif Basra",India,2018-03-23,2018,7.6,"Drama, Comedy",hi,8.142,138,7.6,2000000,25629954,12.81
518764,Movie,Animal World,Yan Han,"Li Yifeng, Michael Douglas, Zhou Dongyu, Cao Bingkun, Wang Ge",China,2018-06-29,2018,7.0,"Drama, Action, Adventure, Thriller",zh,8.127,234,7.0,125000,69885700,559.09
477510,Movie,Dog Days,Ken Marino,"Nina Dobrev, Vanessa Hudgens, Adam Pally, Eva Longoria, Rob Corddry",United States of America,2018-08-10,2018,6.7,"Romance, Comedy",en,7.986,274,6.7,10000000,6842356,0.68
506464,Movie,The Awakener,Gustavo Bonafé,"Kiko Pissolato, Tainá Medina, Samuel de Assis, Carlos Betão, Eduardo Moscovis",Brazil,2018-11-01,2018,6.3,"Thriller, Action, Crime, Drama",pt,7.967,134,6.3,3500000,2000000,0.57
544627,Movie,Dark Figure of Crime,Kim Tae-gyoon,"Kim Yun-seok, Ju Ji-hoon, Moon Jeong-hee, Jin Sun-kyu, Jung Jong-joon",South Korea,2018-10-03,2018,6.732,"Crime, Drama",ko,7.839,82,6.732,7120949,29433930,4.13
378107,Movie,Another Day of Life,"Raúl de la Fuente, Damian Nenow","Artur Queiroz, Luis Alberto Ferreira, Joaquim António Lopes Farrusco, Kerry Shale, Daniel Flynn","Belgium, Germany, Hungary, Poland, Spain",2018-10-26,2018,7.453,"Animation, Documentary, History",en,7.713,107,7.453,5000000,134801,0.03
387836,Movie,Martians vs Mexicans,"Rodolfo Riva Palacio Alatriste, Gabriel Riva Palacio Alatriste","Adal Ramones, Omar Chaparro, Martha Higareda, Angélica Vale, Eduardo Manzano",Mexico,2018-03-09,2018,7.944,"Animation, Comedy",es,7.562,89,7.944,900000,1180000,1.31
447856,Movie,Pad Man,R. Balki,"Akshay Kumar, Radhika Apte, Sonam Kapoor Ahuja, Jyoti Subhash, Mrinmayee Godbole","India, United States of America, Hong Kong",2018-02-09,2018,7.4,"Comedy, Drama",hi,7.31,208,7.4,10000000,23000000,2.3
450766,Movie,The Forgiven,Roland Joffé,"Forest Whitaker, Eric Bana, Jeff Gum, Debbie Sherman, Terry Norton","South Africa, United Kingdom",2018-03-09,2018,6.1,"Thriller, Drama",en,7.099,92,6.1,15000000,42213,0.0
459713,Movie,Mahanati,Nag Ashwin,"Keerthy Suresh, Dulquer Salmaan, Samantha Ruth Prabhu, Vijay Deverakonda, Prakash Raj",India,2018-05-09,2018,7.6,Drama,te,6.999,47,7.6,4346100,11589600,2.67
420818,Movie,The Lion King,Jon Favreau,"Chiwetel Ejiofor, John Oliver, Donald Glover, James Earl Jones, John Kani",United States of America,2019-07-12,2019,7.1,"Adventure, Drama, Family, Animation",en,190.405,10237,7.1,260000000,1662020819,6.39
299534,Movie,Avengers: Endgame,"Anthony Russo, Joe Russo","Robert Downey Jr., Chris Evans, Mark Ruffalo, Chris Hemsworth, Scarlett Johansson",United States of America,2019-04-24,2019,8.2,"Adventure, Science Fiction, Action",en,133.255,26065,8.2,356000000,2799439100,7.86
496243,Movie,Parasite,Bong Joon Ho,"Song Kang-ho, Lee Sun-kyun, Cho Yeo-jeong, Choi Woo-shik, Park So-dam",South Korea,2019-05-30,2019,8.5,"Comedy, Thriller, Drama",ko,130.55,18728,8.5,11363000,257591776,22.67
581528,Movie,"The Gangster, the Cop, the Devil",Lee Won-tae,"Don Lee, Kim Moo-yul, Kim Sung-kyu, Heo Dong-won, Yoo Jae-myung",South Korea,2019-05-15,2019,7.8,"Crime, Action, Thriller",ko,127.21,1229,7.8,6500000,25775371,3.97
615453,Movie,Ne Zha,Yang Yu,"Lü Yanting, Joseph, Han Mo, Chen Hao, Lü Qi",China,2019-07-26,2019,7.896,"Animation, Fantasy, Adventure",zh,112.031,462,7.896,22000000,742718496,33.76
181812,Movie,Star Wars: The Rise of Skywalker,J.J. Abrams,"Carrie Fisher, Mark Hamill, Daisy Ridley, Adam Driver, John Boyega",United States of America,2019-12-18,2019,6.3,"Adventure, Action, Science Fiction",en,92.728,10059,6.3,416000000,1074144248,2.58
384018,Movie,Fast & Furious Presents: Hobbs & Shaw,David Leitch,"Dwayne Johnson, Jason Statham, Idris Elba, Vanessa Kirby, Helen Mirren",United States of America,2019-08-01,2019,6.85,"Action, Adventure, Comedy",en,91.909,7295,6.85,200000000,760098996,3.8
166428,Movie,How to Train Your Dragon: The Hidden World,Dean DeBlois,"Jay Baruchel, America Ferrera, F. Murray Abraham, Cate Blanchett, Gerard Butler",United States of America,2019-01-03,2019,7.7,"Animation, Family, Adventure",en,87.906,6521,7.7,129000000,524580592,4.07
475557,Movie,Joker,Todd Phillips,"Joaquin Phoenix, Robert De Niro, Zazie Beetz, Frances Conroy, Brett Cullen","Canada, United States of America",2019-10-01,2019,8.1,"Crime, Thriller, Drama",en,83.229,26169,8.1,55000000,1078958629,19.62
429617,Movie,Spider-Man: Far From Home,Jon Watts,"Tom Holland, Jake Gyllenhaal, Samuel L. Jackson, Marisa Tomei, Jon Favreau",United States of America,2019-06-28,2019,7.4,"Action, Adventure, Science Fiction",en,83.134,15924,7.4,160000000,1131927996,7.07
537915,Movie,After,Jenny Gage,"Josephine Langford, Hero Fiennes Tiffin, Shane Paul McGhie, Khadijha Red Thunder, Dylan Arnold",United States of America,2019-04-11,2019,7.122,"Romance, Drama",en,81.05,8294,7.122,14000000,69497587,4.96
458156,Movie,John Wick: Chapter 3 - Parabellum,Chad Stahelski,"Keanu Reeves, Halle Berry, Ian McShane, Laurence Fishburne, Mark Dacascos",United States of America,2019-05-15,2019,7.443,"Action, Thriller, Crime",en,76.976,10829,7.443,55000000,326709727,5.94
330457,Movie,Frozen II,"Jennifer Lee, Chris Buck","Kristen Bell, Idina Menzel, Josh Gad, Jonathan Groff, Evan Rachel Wood",United States of America,2019-11-20,2019,7.2,"Family, Animation, Adventure, Comedy, Fantasy",en,74.461,9830,7.2,150000000,1453683476,9.69
474350,Movie,It Chapter Two,Andy Muschietti,"James McAvoy, Jessica Chastain, Bill Hader, Isaiah Mustafa, Jay Ryan",United States of America,2019-09-04,2019,6.839,"Horror, Thriller",en,72.391,8851,6.839,79000000,473123154,5.99
522938,Movie,Rambo: Last Blood,Adrian Grünberg,"Sylvester Stallone, Paz Vega, Sergio Peris-Mencheta, Adriana Barraza, Yvette Monreal","China, United States of America",2019-09-19,2019,6.534,"Action, Thriller, Drama",en,69.929,3950,6.534,50000000,91500000,1.83
546554,Movie,Knives Out,Rian Johnson,"Daniel Craig, Chris Evans, Ana de Armas, Jamie Lee Curtis, Michael Shannon",United States of America,2019-11-27,2019,7.844,"Comedy, Crime, Mystery",en,67.875,12661,7.844,40000000,312897920,7.82
521029,Movie,Annabelle Comes Home,Gary Dauberman,"Mckenna Grace, Madison Iseman, Katie Sarife, Michael Cimino, Vera Farmiga",United States of America,2019-06-26,2019,6.401,Horror,en,66.754,3559,6.401,27000000,231252591,8.56
299537,Movie,Captain Marvel,"Ryan Fleck, Anna Boden","Brie Larson, Samuel L. Jackson, Ben Mendelsohn, Jude Law, Annette Bening",United States of America,2019-03-06,2019,6.8,"Action, Adventure, Science Fiction",en,66.195,15891,6.8,152000000,1131416446,7.44
399579,Movie,Alita: Battle Angel,Robert Rodriguez,"Rosa Salazar, Christoph Waltz, Jennifer Connelly, Mahershala Ali, Ed Skrein",United States of America,2019-01-31,2019,7.238,"Action, Science Fiction, Adventure",en,64.962,9302,7.238,170000000,405000000,2.38
512200,Movie,Jumanji: The Next Level,Jake Kasdan,"Dwayne Johnson, Kevin Hart, Jack Black, Karen Gillan, Awkwafina",United States of America,2019-12-04,2019,6.898,"Adventure, Comedy, Fantasy",en,64.843,8789,6.898,125000000,801693929,6.41
290859,Movie,Terminator: Dark Fate,Tim Miller,"Linda Hamilton, Arnold Schwarzenegger, Mackenzie Davis, Natalia Reyes, Gabriel Luna","China, Hungary, Spain, United States of America",2019-10-23,2019,6.4,"Science Fiction, Action, Adventure, Thriller",en,61.09,5203,6.4,185000000,261119292,1.41
420817,Movie,Aladdin,Guy Ritchie,"Will Smith, Mena Massoud, Naomi Scott, Marwan Kenzari, Navid Negahban",United States of America,2019-05-22,2019,7.095,"Adventure, Fantasy, Romance, Family",en,60.814,10146,7.095,183000000,1054300000,5.76
420809,Movie,Maleficent: Mistress of Evil,Joachim Rønning,"Angelina Jolie, Elle Fanning, Harris Dickinson, Michelle Pfeiffer, Sam Riley",United States of America,2019-10-16,2019,7.303,"Family, Fantasy, Adventure, Action",en,60.54,6170,7.303,185000000,491730089,2.66
530385,Movie,Midsommar,Ari Aster,"Florence Pugh, Jack Reynor, William Jackson Harper, Will Poulter, Vilhelm Blomgren","Sweden, United States of America",2019-07-03,2019,7.2,"Horror, Drama, Mystery",en,60.256,7286,7.2,9000000,48015416,5.34
466272,Movie,Once Upon a Time... in Hollywood,Quentin Tarantino,"Leonardo DiCaprio, Brad Pitt, Margot Robbie, Emile Hirsch, Margaret Qualley","China, United Kingdom, United States of America",2019-07-24,2019,7.4,"Comedy, Drama, Thriller",en,57.722,13690,7.4,95000000,392105159,4.13
301528,Movie,Toy Story 4,Josh Cooley,"Tom Hanks, Tim Allen, Annie Potts, Tony Hale, Keegan-Michael Key",United States of America,2019-06-19,2019,7.5,"Family, Adventure, Animation, Comedy, Fantasy",en,57.5,9913,7.5,175000000,1073841394,6.14
619264,Movie,The Platform,Galder Gaztelu-Urrutia,"Ivan Massagué, Antonia San Juan, Zorion Eguileor, Emilio Buale, Alexandra Masangkay",Spain,2019-11-08,2019,7.0,"Drama, Science Fiction, Thriller",es,57.107,7266,7.0,1203235,1090116,0.91
373571,Movie,Godzilla: King of the Monsters,Michael Dougherty,"Kyle Chandler, Vera Farmiga, Millie Bobby Brown, Ken Watanabe, Zhang Ziyi","China, Japan, United States of America",2019-05-29,2019,6.693,"Science Fiction, Action",en,55.566,6261,6.693,170000000,387300138,2.28
359724,Movie,Ford v Ferrari,James Mangold,"Matt Damon, Christian Bale, Jon Bernthal, Caitríona Balfe, Josh Lucas",United States of America,2019-11-13,2019,8.0,"Drama, Action, History",en,51.828,8172,8.0,97600000,225508210,2.31
527641,Movie,Five Feet Apart,Justin Baldoni,"Haley Lu Richardson, Cole Sprouse, Moisés Arias, Kimberly Hebert Gregory, Parminder Nagra",United States of America,2019-03-14,2019,8.242,"Romance, Drama",en,49.15,5680,8.242,7000000,92600000,13.23
479455,Movie,Men in Black: International,F. Gary Gray,"Chris Hemsworth, Tessa Thompson, Rebecca Ferguson, Kumail Nanjiani, Rafe Spall","China, United States of America",2019-06-12,2019,5.909,"Comedy, Science Fiction, Action",en,46.828,4975,5.909,110000000,253890701,2.31
157433,Movie,Pet Sematary,"Dennis Widmyer, Kevin Kölsch","Jason Clarke, Amy Seimetz, John Lithgow, Jeté Laurence, Hugo Lavoie",United States of America,2019-04-04,2019,5.7,"Horror, Thriller",en,45.979,3229,5.7,21000000,113118226,5.39
567609,Movie,Ready or Not,"Matt Bettinelli-Olpin, Tyler Gillett","Samara Weaving, Adam Brody, Mark O'Brien, Henry Czerny, Andie MacDowell",United States of America,2019-08-21,2019,7.039,"Horror, Comedy",en,45.898,4694,7.039,6000000,57600000,9.6
320288,Movie,Dark Phoenix,Simon Kinberg,"Sophie Turner, James McAvoy, Nicholas Hoult, Tye Sheridan, Michael Fassbender",United States of America,2019-06-05,2019,5.973,"Science Fiction, Action, Adventure",en,44.875,6606,5.973,200000000,252442974,1.26
287947,Movie,Shazam!,David F. Sandberg,"Zachary Levi, Mark Strong, Asher Angel, Jack Dylan Grazer, Adam Brody",United States of America,2019-03-29,2019,7.0,"Action, Comedy, Fantasy",en,44.614,9634,7.0,80000000,367799011,4.6
412117,Movie,The Secret Life of Pets 2,Chris Renaud,"Patton Oswalt, Kevin Hart, Eric Stonestreet, Jenny Slate, Tiffany Haddish",United States of America,2019-05-24,2019,6.955,"Adventure, Animation, Comedy, Family",en,43.598,3099,6.955,80000000,429434163,5.37
338967,Movie,Zombieland: Double Tap,Ruben Fleischer,"Woody Harrelson, Jesse Eisenberg, Emma Stone, Abigail Breslin, Zoey Deutch",United States of America,2019-10-09,2019,6.923,"Comedy, Horror, Action",en,43.371,5794,6.923,42000000,122800000,2.92
522681,Movie,Escape Room,Adam Robitel,"Taylor Russell, Logan Miller, Jay Ellis, Deborah Ann Woll, Nik Dodani",United States of America,2019-01-03,2019,6.5,"Horror, Thriller, Mystery",en,42.393,4725,6.5,9000000,155712077,17.3
503919,Movie,The Lighthouse,Robert Eggers,"Robert Pattinson, Willem Dafoe, Valeriia Karaman, Logan Hawkes, Kyla Nicolle","Brazil, United States of America",2019-10-18,2019,7.5,"Drama, Fantasy, Thriller",en,42.247,5009,7.5,11000000,18262464,1.66
530915,Movie,1917,Sam Mendes,"George MacKay, Dean-Charles Chapman, Mark Strong, Andrew Scott, Richard Madden","India, Spain, United Kingdom, United States of America",2019-12-25,2019,8.0,"War, History, Thriller, Drama",en,41.902,12611,8.0,100000000,394638258,3.95
398978,Movie,The Irishman,Martin Scorsese,"Robert De Niro, Al Pacino, Joe Pesci, Harvey Keitel, Ray Romano",United States of America,2019-11-01,2019,7.6,"Crime, Drama, History",en,41.776,6928,7.6,159000000,968853,0.01
480414,Movie,The Curse of La Llorona,Michael Chaves,"Linda Cardellini, Raymond Cruz, Patricia Velásquez, Roman Christou, Jaynee-Lynne Kinchen",United States of America,2019-04-17,2019,5.7,Horror,en,40.924,2468,5.7,9000000,123233739,13.69
331482,Movie,Little Women,Greta Gerwig,"Saoirse Ronan, Emma Watson, Florence Pugh, Eliza Scanlen, Laura Dern",United States of America,2019-12-25,2019,7.9,"Drama, Romance, History",en,40.594,6368,7.9,40000000,216600000,5.42
447404,Movie,Pokémon Detective Pikachu,Rob Letterman,"Ryan Reynolds, Justice Smith, Kathryn Newton, Suki Waterhouse, Omar Chaparro","Japan, United States of America",2019-05-03,2019,6.92,"Action, Adventure, Fantasy",en,40.373,6927,6.92,150000000,449762638,3.0
454640,Movie,The Angry Birds Movie 2,Thurop Van Orman,"Jason Sudeikis, Josh Gad, Danny McBride, Leslie Jones, Bill Hader","Finland, United States of America",2019-08-02,2019,7.067,"Animation, Action, Fantasy, Adventure, Comedy, Family",en,39.458,1729,7.067,65000000,137792047,2.12
423204,Movie,Angel Has Fallen,Ric Roman Waugh,"Gerard Butler, Morgan Freeman, Jada Pinkett Smith, Nick Nolte, Danny Huston",United States of America,2019-08-21,2019,6.593,"Action, Thriller",en,39.387,3554,6.593,40000000,146661977,3.67
554596,Movie,"No manches, Frida 2: paraíso destruido",Nacho G. Velilla,"Omar Chaparro, Martha Higareda, Carla Adell, Fernanda Castillo, Regina Pavón",Mexico,2019-03-15,2019,7.9,Comedy,es,39.345,888,7.9,5000000,26500000,5.3
450465,Movie,Glass,M. Night Shyamalan,"James McAvoy, Bruce Willis, Samuel L. Jackson, Sarah Paulson, Anya Taylor-Joy",United States of America,2019-01-16,2019,6.7,"Thriller, Drama, Science Fiction",en,39.123,8584,6.7,20000000,246999039,12.35
499701,Movie,Dora and the Lost City of Gold,James Bobin,"Isabela Merced, Jeffrey Wahlberg, Madeleine Madden, Eugenio Derbez, Michael Peña","Australia, United States of America",2019-08-08,2019,6.6,"Adventure, Comedy, Family, Fantasy",en,38.96,1727,6.6,49000000,120600000,2.46
456740,Movie,Hellboy,Neil Marshall,"David Harbour, Milla Jovovich, Ian McShane, Sasha Lane, Daniel Dae Kim","Bulgaria, United States of America, France, Canada",2019-04-10,2019,5.6,"Fantasy, Horror, Action, Adventure",en,38.678,3471,5.6,50000000,55065289,1.1
517093,Movie,Balkan Line,Andrey Volgin,"Anton Pampushnyy, Gosha Kutsenko, Miloš Biković, Milena Radulović, Gojko Mitić","Russia, Serbia",2019-03-21,2019,7.5,"Drama, Action, War",ru,38.533,529,7.5,3500000,4944386,1.41
531428,Movie,Portrait of a Lady on Fire,Céline Sciamma,"Noémie Merlant, Adèle Haenel, Luàna Bajrami, Valeria Golino, Christel Baras",France,2019-09-18,2019,8.1,"Drama, Romance, History",fr,37.309,2625,8.1,5740000,9923127,1.73
531309,Movie,Brightburn,David Yarovesky,"Jackson A. Dunn, Elizabeth Banks, David Denman, Matt Jones, Meredith Hagner",United States of America,2019-05-09,2019,6.1,"Horror, Science Fiction, Thriller, Mystery",en,36.84,3175,6.1,6000000,33224654,5.54
484641,Movie,Anna,Luc Besson,"Sasha Luss, Helen Mirren, Luke Evans, Cillian Murphy, Lera Abova","France, Guadaloupe, Russia, Serbia, United States of America",2019-06-19,2019,6.7,"Action, Adventure, Thriller",en,35.696,2746,6.7,34000000,31626978,0.93
458897,Movie,Charlie's Angels,Elizabeth Banks,"Kristen Stewart, Naomi Scott, Ella Balinska, Elizabeth Banks, Patrick Stewart",United States of America,2019-11-14,2019,6.4,"Action, Adventure, Comedy",en,34.864,2994,6.4,48000000,73279888,1.53
522162,Movie,Midway,Roland Emmerich,"Ed Skrein, Patrick Wilson, Woody Harrelson, Luke Evans, Mandy Moore","Canada, Hong Kong, United States of America",2019-11-06,2019,7.123,"Action, War, History",en,34.846,2518,7.123,100000000,127400000,1.27
329996,Movie,Dumbo,Tim Burton,"Colin Farrell, Michael Keaton, Danny DeVito, Eva Green, Alan Arkin","Australia, Canada, United Kingdom, United States of America",2019-03-27,2019,6.606,"Family, Fantasy, Adventure",en,34.327,4342,6.606,170000000,353284621,2.08
511987,Movie,Crawl,Alexandre Aja,"Kaya Scodelario, Barry Pepper, Morfydd Clark, Ross Anderson, Jose Palma","Canada, Serbia, United States of America",2019-07-11,2019,6.324,"Horror, Thriller, Action",en,34.256,3140,6.324,13500000,91500000,6.78
431580,Movie,Abominable,Jill Culton,"Chloe Bennet, Albert Tsai, Eddie Izzard, Tenzing Norgay Trainor, Joseph Izzo","China, Japan, United States of America",2019-09-19,2019,7.5,"Family, Animation, Adventure, Comedy",en,33.217,2068,7.5,75000000,190304772,2.54
487297,Movie,What Men Want,Adam Shankman,"Taraji P. Henson, Aldis Hodge, Josh Brener, Tracy Morgan, Shane Paul McGhie",United States of America,2019-02-08,2019,6.2,"Comedy, Romance",en,32.758,1467,6.2,20000000,69766483,3.49
417384,Movie,Scary Stories to Tell in the Dark,André Øvredal,"Zoe Colletti, Dean Norris, Michael Garza, Gabriel Rush, Gil Bellows","Canada, Hong Kong, United States of America",2019-08-08,2019,6.5,"Horror, Adventure, Mystery",en,32.561,2672,6.5,25000000,104545505,4.18
473033,Movie,Uncut Gems,"Benny Safdie, Josh Safdie","Adam Sandler, LaKeith Stanfield, Julia Fox, Kevin Garnett, Idina Menzel",United States of America,2019-08-30,2019,7.156,"Drama, Thriller, Crime",en,32.323,4837,7.156,19000000,50023780,2.63
481084,Movie,The Addams Family,"Conrad Vernon, Greg Tiernan","Oscar Isaac, Charlize Theron, Chloë Grace Moretz, Finn Wolfhard, Nick Kroll","Canada, United States of America",2019-10-10,2019,6.61,"Family, Animation, Comedy, Fantasy",en,31.832,2358,6.61,40000000,204394183,5.11
637920,Movie,Miracle in Cell No. 7,Mehmet Ada Öztekin,"Aras Bulut İynemli, Nisa Sofiya Aksongur, İlker Aksum, Mesut Akusta, Yıldıray Şahinler",Turkey,2019-10-10,2019,8.3,Drama,tr,31.123,4435,8.3,10000000,28000000,2.8
458723,Movie,Us,Jordan Peele,"Lupita Nyong'o, Winston Duke, Elisabeth Moss, Tim Heidecker, Shahadi Wright Joseph",United States of America,2019-03-14,2019,6.964,"Horror, Thriller",en,29.67,7437,6.964,20000000,256067149,12.8
480105,Movie,47 Meters Down: Uncaged,Johannes Roberts,"Sophie Nélisse, Corinne Foxx, Brianne Tju, Sistine Rose Stallone, Brec Bassinger","United Kingdom, United States of America",2019-08-15,2019,5.7,Horror,en,28.94,1424,5.7,12000000,47582563,3.97
533444,Movie,Waves,Trey Edward Shults,"Kelvin Harrison, Jr., Taylor Russell, Renée Elise Goldsberry, Sterling K. Brown, Lucas Hedges","Canada, United States of America",2019-11-15,2019,7.4,"Romance, Drama",en,28.909,712,7.4,6000000,2576990,0.43
522924,Movie,The Art of Racing in the Rain,Simon Curtis,"Kevin Costner, Milo Ventimiglia, Jackie Minns, Marcus Hondro, Ian Lake",United States of America,2019-08-08,2019,8.2,"Drama, Romance",en,28.269,1509,8.2,18000000,33800000,1.88
522518,Movie,A Dog's Journey,Gail Mancuso,"Marg Helgenberger, Betty Gilpin, Henry Lau, Kathryn Prescott, Dennis Quaid","Canada, China, India, United States of America",2019-05-03,2019,8.1,"Family, Adventure, Drama",en,27.731,1537,8.1,16000000,78871079,4.93
515001,Movie,Jojo Rabbit,Taika Waititi,"Roman Griffin Davis, Thomasin McKenzie, Scarlett Johansson, Taika Waititi, Sam Rockwell","New Zealand, United States of America",2019-10-18,2019,8.0,"Comedy, War, Drama",en,27.601,9688,8.0,14000000,82468705,5.89
453405,Movie,Gemini Man,Ang Lee,"Will Smith, Mary Elizabeth Winstead, Clive Owen, Benedict Wong, Douglas Hodge","China, United States of America",2019-10-02,2019,6.282,"Science Fiction, Action, Adventure, Thriller",en,27.456,5168,6.282,140000000,173469516,1.24
573699,Movie,White Snake,"Amp Wong, Zhao Ji","Zhang Zhe, Yang Tianxiang, Tang Xiaoxi, Liu Ziling, Zhang Yaohan",China,2019-01-11,2019,7.7,"Romance, Animation, Fantasy",zh,26.948,486,7.7,11936735,61631776,5.16
514439,Movie,Breakthrough,Roxann Dawson,"Chrissy Metz, Josh Lucas, Topher Grace, Mike Colter, Marcel Ruiz",United States of America,2019-04-10,2019,7.6,Drama,en,26.829,1085,7.6,14000000,49200000,3.51
501170,Movie,Doctor Sleep,Mike Flanagan,"Ewan McGregor, Kyliegh Curran, Rebecca Ferguson, Cliff Curtis, Zahn McClarnon",United States of America,2019-10-30,2019,7.144,"Horror, Thriller, Fantasy",en,25.899,4496,7.144,45000000,72381712,1.61
540901,Movie,Hustlers,Lorene Scafaria,"Constance Wu, Jennifer Lopez, Julia Stiles, Keke Palmer, Lili Reinhart",United States of America,2019-09-12,2019,6.5,"Drama, Comedy, Crime",en,25.432,2952,6.5,20000000,157563598,7.88
535292,Movie,21 Bridges,Brian Kirk,"Chadwick Boseman, Sienna Miller, J.K. Simmons, Stephan James, Taylor Kitsch","United States of America, China",2019-10-24,2019,6.8,"Crime, Action, Drama",en,25.408,1983,6.8,33000000,49900000,1.51
431693,Movie,Spies in Disguise,"Nick Bruno, Troy Quane","Will Smith, Tom Holland, Ben Mendelsohn, Rashida Jones, Karen Gillan",United States of America,2019-12-04,2019,7.583,"Animation, Action, Adventure, Comedy, Family",en,25.402,2815,7.583,100000000,171616764,1.72
438650,Movie,Cold Pursuit,Hans Petter Moland,"Liam Neeson, Tom Bateman, Tom Jackson, Laura Dern, Nicholas Holmes","Canada, France, Norway, United Kingdom, United States of America",2019-02-07,2019,5.83,"Action, Crime, Thriller, Comedy, Drama",en,25.397,2617,5.83,60000000,76419755,1.27
428045,Movie,Iron Mask,Oleg Stepchenko,"Jason Flemyng, Jackie Chan, Charles Dance, Arnold Schwarzenegger, Yao Xingtong","China, Russia",2019-08-16,2019,6.1,"Action, Adventure, Family, Fantasy",ru,25.224,483,6.1,49000000,8685794,0.18
280217,Movie,The Lego Movie 2: The Second Part,Mike Mitchell,"Chris Pratt, Elizabeth Banks, Will Arnett, Tiffany Haddish, Stephanie Beatriz","Canada, Denmark, United States of America",2019-02-06,2019,6.666,"Action, Adventure, Animation, Comedy, Family",en,25.197,2241,6.666,99000000,199603202,2.02
508763,Movie,A Dog's Way Home,Charles Martin Smith,"Ashley Judd, Jonah Hauer-King, Edward James Olmos, Alexandra Shipp, Chris Bauer","China, United States of America",2019-01-10,2019,7.4,"Drama, Adventure, Family",en,24.968,1117,7.4,18000000,17643857,0.98
416144,Movie,Hotel Mumbai,Anthony Maras,"Dev Patel, Armie Hammer, Nazanin Boniadi, Tilda Cobham-Hervey, Anupam Kher","Australia, India, Singapore, United States of America, Indonesia",2019-03-14,2019,7.548,"Thriller, History, Drama, Action",en,24.859,1590,7.548,25000000,16900000,0.68
440472,Movie,The Upside,Neil Burger,"Kevin Hart, Bryan Cranston, Nicole Kidman, Golshifteh Farahani, Aja Naomi King",United States of America,2019-01-10,2019,7.1,"Comedy, Drama",en,24.361,1299,7.1,37500000,125000000,3.33
492188,Movie,Marriage Story,Noah Baumbach,"Adam Driver, Scarlett Johansson, Laura Dern, Alan Alda, Ray Liotta",United Kingdom,2019-09-28,2019,7.7,Drama,en,23.902,7009,7.7,18000000,2300000,0.13
484468,Movie,The Wolf's Call,Antonin Baudry,"François Civil, Omar Sy, Mathieu Kassovitz, Reda Kateb, Paula Beer",France,2019-02-20,2019,7.553,"Thriller, Action, Adventure",fr,23.799,2027,7.553,22400000,12652790,0.56
512196,Movie,Happy Death Day 2U,Christopher Landon,"Jessica Rothe, Israel Broussard, Ruby Modine, Suraj Sharma, Rachel Matthews",United States of America,2019-02-13,2019,6.3,"Comedy, Horror, Science Fiction",en,23.738,3420,6.3,9000000,64600152,7.18
504608,Movie,Rocketman,Dexter Fletcher,"Taron Egerton, Jamie Bell, Richard Madden, Bryce Dallas Howard, Gemma Jones","United Kingdom, United States of America",2019-05-17,2019,7.327,"Music, Drama",en,23.615,4703,7.327,40000000,167300000,4.18
599975,Movie,Countdown,Justin Dec,"Elizabeth Lail, Jordan Calloway, Talitha Eliana Bateman, Peter Facinelli, Dillon Lane",United States of America,2019-10-24,2019,6.2,"Horror, Thriller",en,22.914,2144,6.2,6500000,48021766,7.39
458305,Movie,Vivarium,Lorcan Finnegan,"Imogen Poots, Jesse Eisenberg, Jonathan Aris, Senan Jennings, Éanna Hardwicke","Belgium, Denmark, Ireland, United States of America",2019-09-07,2019,6.062,"Science Fiction, Thriller, Mystery, Horror",en,22.91,2176,6.062,4000000,488000,0.12
525661,Movie,Bombshell,Jay Roach,"Charlize Theron, Margot Robbie, Nicole Kidman, John Lithgow, Allison Janney","Canada, United States of America",2019-12-13,2019,6.8,Drama,en,22.789,3012,6.8,32000000,61404394,1.92
461130,Movie,Code 8,Jeff Chan,"Robbie Amell, Stephen Amell, Kari Matchett, Penny Eizenga, Lawrence Bayne","Canada, United Kingdom, United States of America",2019-12-06,2019,6.3,"Science Fiction, Action, Crime",en,22.298,2017,6.3,15000000,157209,0.01
548473,Movie,Color Out of Space,Richard Stanley,"Nicolas Cage, Joely Richardson, Madeleine Arthur, Elliot Knight, Tommy Chong","Malaysia, Portugal, United States of America",2019-09-07,2019,6.041,"Horror, Science Fiction, Mystery, Thriller",en,22.144,1502,6.041,6000000,1023510,0.17
552178,Movie,Dark Waters,Todd Haynes,"Mark Ruffalo, Anne Hathaway, Tim Robbins, Bill Pullman, Bill Camp",United States of America,2019-11-22,2019,7.543,"Drama, Thriller",en,22.028,2245,7.543,20000000,13601384,0.68
581387,Movie,Ashfall,"Kim Byung-seo, Lee Hae-jun","Lee Byung-hun, Ha Jung-woo, Don Lee, Jeon Hye-jin, Bae Suzy",South Korea,2019-12-19,2019,6.813,"Action, Adventure, Thriller",ko,21.916,583,6.813,17700000,61321941,3.46
449562,Movie,The Hustle,Chris Addison,"Rebel Wilson, Anne Hathaway, Kumud Pant, Alex Sharp, Ingrid Oliver","Spain, United States of America",2019-05-09,2019,6.2,"Comedy, Crime",en,21.915,2527,6.2,21000000,97400000,4.64
533642,Movie,Child's Play,Lars Klevberg,"Mark Hamill, Gabriel Bateman, Aubrey Plaza, Brian Tyree Henry, Tim Matheson","Canada, United States of America",2019-06-19,2019,6.0,"Horror, Thriller",en,21.822,1926,6.0,10000000,44902237,4.49
292011,Movie,Richard Jewell,Clint Eastwood,"Paul Walter Hauser, Jon Hamm, Kathy Bates, Sam Rockwell, Olivia Wilde",United States of America,2019-12-13,2019,7.4,Drama,en,21.314,2529,7.4,45000000,33900000,0.75
480042,Movie,Escape Plan: The Extractors,John Herzfeld,"Sylvester Stallone, Dave Bautista, 50 Cent, Max Zhang Jin, Harry Shum Jr.","China, United States of America",2019-06-20,2019,5.4,"Action, Thriller",en,21.287,859,5.4,3600000,1766092,0.49
500852,Movie,Miss Bala,Catherine Hardwicke,"Gina Rodriguez, Ismael Cruz Cordova, Aislinn Derbez, Matt Lauria, Damián Alcázar","Mexico, United States of America",2019-02-01,2019,6.4,Action,en,20.714,548,6.4,15000000,15200000,1.01
400157,Movie,Wonder Park,Dylan Brown,"Brianna Denski, Norbert Leo Butz, Ken Hudson Campbell, Mila Kunis, John Oliver","Spain, United States of America",2019-03-13,2019,6.5,"Comedy, Animation, Adventure, Family, Fantasy",en,20.622,705,6.5,100000000,119559110,1.2
535581,Movie,The Dead Don't Die,Jim Jarmusch,"Bill Murray, Adam Driver, Tom Waits, Chloë Sevigny, Steve Buscemi","United States of America, Sweden, Japan",2019-05-15,2019,5.4,"Comedy, Horror",en,20.617,2597,5.4,11000000,15800000,1.44
302349,Movie,Iron Sky: The Coming Race,Timo Vuorensola,"Lara Rossi, Vladimir Burlakov, Kit Dale, Julia Dietze, Stephanie Paul","Finland, Germany",2019-01-25,2019,5.128,"Action, Comedy, Fantasy, Science Fiction",en,20.562,407,5.128,17500000,392166,0.02
519010,Movie,Pain and Glory,Pedro Almodóvar,"Antonio Banderas, Asier Etxeandia, Leonardo Sbaraglia, Nora Navas, Julieta Serrano",Spain,2019-03-22,2019,7.4,Drama,es,20.323,1793,7.4,10769016,37359689,3.47
621191,Movie,Blue Story,Rapman,"Stephen Odubola, Micheal Ward, Khali Best, Karla-Simone Spence, Eric Kofi Abrefa",United Kingdom,2019-11-22,2019,7.3,"Crime, Drama, Romance",en,20.197,222,7.3,1600000,5750000,3.59
466081,Movie,The Informer,Andrea Di Stefano,"Joel Kinnaman, Rosamund Pike, Common, Ana de Armas, Clive Owen","United Kingdom, United States of America",2019-08-30,2019,6.5,"Drama, Crime, Thriller",en,20.161,862,6.5,60000000,2927708,0.05
468816,Movie,The Rising Hawk,"Akhtem Seitablaiev, John Wynn","Alex MacNicoll, Poppy Drayton, Rocky Myers, Alina Kovalenko, Robert Patrick","Ukraine, United States of America",2019-10-10,2019,5.9,"Action, History, Drama",en,20.14,129,5.9,2900000,1560697,0.54
521777,Movie,Good Boys,Gene Stupnitsky,"Jacob Tremblay, Keith L. Williams, Brady Noon, Molly Gordon, Midori Francis",United States of America,2019-08-14,2019,6.9,Comedy,en,20.076,1865,6.9,20000000,111037232,5.55
486131,Movie,Shaft,Tim Story,"Samuel L. Jackson, Jessie T. Usher, Regina Hall, Alexandra Shipp, Richard Roundtree",United States of America,2019-06-14,2019,6.5,"Action, Crime, Comedy, Mystery",en,20.056,1737,6.5,30000000,21360215,0.71
454294,Movie,The Kid Who Would Be King,Joe Cornish,"Louis Ashbourne Serkis, Dean Chaumoo, Tom Taylor, Rhianna Dorris, Denise Gough",United Kingdom,2019-01-16,2019,6.17,"Action, Adventure, Fantasy, Family",en,19.957,766,6.17,59000000,32140970,0.54
438674,Movie,Dragged Across Concrete,S. Craig Zahler,"Mel Gibson, Vince Vaughn, Tory Kittles, Michael Jai White, Jennifer Carpenter","Canada, United Kingdom, United States of America",2019-02-21,2019,6.589,"Crime, Action, Thriller",en,19.942,1007,6.589,15000000,660132,0.04
605804,Movie,The Wretched,"Drew T. Pierce, Brett Pierce","John-Paul Howard, Piper Curda, Jamison Jones, Azie Tesfai, Kevin Bigley",United States of America,2019-12-15,2019,6.053,"Horror, Mystery, Thriller",en,19.816,632,6.053,66000,3758846,56.95
527776,Movie,Overcomer,Alex Kendrick,"Alex Kendrick, Priscilla C. Shirer, Cameron Arnett, Shari Rigby, Aryn Wright-Thompson",United States of America,2019-08-22,2019,7.7,Drama,en,19.703,271,7.7,5000000,38026103,7.61
567646,Movie,Extreme Job,Lee Byeong-heon,"Ryu Seung-ryong, Lee Ha-nee, Jin Sun-kyu, Lee Dong-hwi, Gong Myeong",South Korea,2019-01-23,2019,7.1,"Action, Comedy, Crime",ko,19.631,294,7.1,8120000,124652206,15.35
549053,Movie,Last Christmas,Paul Feig,"Emilia Clarke, Henry Golding, Michelle Yeoh, Emma Thompson, Lydia Leonard","United Kingdom, United States of America",2019-11-07,2019,7.2,"Comedy, Romance",en,19.48,2429,7.2,30000000,121600000,4.05
587272,Movie,Father There Is Only One,Santiago Segura,"Santiago Segura, Toni Acosta, Martina D’Antiochia, Calma Segura, Luna Fulgencio",Spain,2019-08-02,2019,7.667,Comedy,es,19.38,735,7.667,3400000,15894372,4.67
522212,Movie,Just Mercy,Destin Daniel Cretton,"Michael B. Jordan, Brie Larson, Jamie Foxx, O'Shea Jackson Jr., Rafe Spall",United States of America,2019-12-25,2019,7.9,"Drama, Crime, History",en,18.679,2297,7.9,25000000,50401502,2.02
505600,Movie,Booksmart,Olivia Wilde,"Kaitlyn Dever, Beanie Feldstein, Jessica Williams, Jason Sudeikis, Lisa Kudrow",United States of America,2019-05-24,2019,7.0,Comedy,en,18.621,2653,7.0,6000000,24849029,4.14
413518,Movie,Pinocchio,Matteo Garrone,"Federico Ielapi, Roberto Benigni, Marine Vacth, Gigi Proietti, Massimo Ceccherini","France, Italy, United Kingdom",2019-12-19,2019,6.6,"Drama, Family, Fantasy",it,18.611,1511,6.6,12400000,17133446,1.38
502416,Movie,Ma,Tate Taylor,"Octavia Spencer, Juliette Lewis, Diana Silvers, McKaley Miller, Corey Fogelmanis","Japan, United States of America",2019-05-29,2019,5.8,"Horror, Thriller",en,18.575,2255,5.8,5000000,51749995,10.35
452832,Movie,Serenity,Steven Knight,"Matthew McConaughey, Anne Hathaway, Jason Clarke, Diane Lane, Djimon Hounsou",United Kingdom,2019-01-24,2019,5.4,"Thriller, Mystery, Drama",en,17.843,1534,5.4,25000000,14500000,0.58
449563,Movie,Isn't It Romantic,Todd Strauss-Schulson,"Rebel Wilson, Liam Hemsworth, Adam Devine, Priyanka Chopra Jonas, Betty Gilpin","Canada, United States of America",2019-02-13,2019,6.2,"Comedy, Fantasy, Romance",en,17.833,3488,6.2,31000000,48800000,1.57
532671,Movie,The Prodigy,Nicholas McCarthy,"Taylor Schilling, Jackson Robert Scott, Colm Feore, Brittany Allen, Peter Mooney","Canada, United States of America",2019-02-06,2019,6.1,"Horror, Thriller",en,17.505,986,6.1,6000000,21200000,3.53
458253,Movie,Missing Link,Chris Butler,"Hugh Jackman, Zoe Saldaña, Zach Galifianakis, Stephen Fry, Timothy Olyphant",United States of America,2019-04-04,2019,7.0,"Family, Animation, Comedy, Adventure",en,17.389,860,7.0,100000000,26565710,0.27
578189,Movie,Black and Blue,Deon Taylor,"Naomie Harris, Tyrese Gibson, Frank Grillo, Mike Colter, Reid Scott",United States of America,2019-10-25,2019,6.783,"Action, Crime, Drama, Thriller",en,17.153,874,6.783,12000000,22741061,1.9
465086,Movie,The Grudge,Nicolas Pesce,"Andrea Riseborough, Demián Bichir, John Cho, Lin Shaye, Jacki Weaver","Canada, United States of America",2019-12-31,2019,5.4,"Horror, Mystery",en,16.77,1220,5.4,10000000,42800000,4.28
468224,Movie,Tolkien,Dome Karukoski,"Nicholas Hoult, Lily Collins, Colm Meaney, Derek Jacobi, Harry Gilby",United States of America,2019-05-03,2019,7.0,"War, Drama, Romance",en,16.751,1432,7.0,20000000,8654322,0.43
554241,Movie,Playing with Fire,Andy Fickman,"John Cena, Keegan-Michael Key, John Leguizamo, Tyler Mane, Brianna Hildebrand",United States of America,2019-11-08,2019,6.6,"Family, Comedy",en,16.502,702,6.6,29900000,69412425,2.32
429471,Movie,Captive State,Rupert Wyatt,"John Goodman, Ashton Sanders, Jonathan Majors, Vera Farmiga, Kevin Dunn",United States of America,2019-03-15,2019,5.6,"Science Fiction, Action, Adventure, Thriller",en,16.299,1172,5.6,25000000,8808611,0.35
539892,Movie,Freaks,"Zach Lipovsky, Adam B. Stein","Emile Hirsch, Bruce Dern, Grace Park, Amanda Crew, Lexy Kolker","Canada, United States of America",2019-09-12,2019,6.8,Science Fiction,en,16.173,1159,6.8,2000,368410,184.2
454458,Movie,UglyDolls,Kelly Asbury,"Kelly Clarkson, Janelle Monáe, Blake Shelton, Wanda Sykes, Gabriel Iglesias","Canada, China, United States of America",2019-05-01,2019,6.612,"Animation, Music, Family, Comedy",en,16.12,439,6.612,45000000,32500000,0.72
411728,Movie,The Professor and the Madman,Farhad Safinia,"Mel Gibson, Sean Penn, Natalie Dormer, Eddie Marsan, Jennifer Ehle","France, Ireland, Mexico, United States of America",2019-03-07,2019,7.1,"History, Drama, Mystery, Thriller",en,16.12,1189,7.1,25000000,4957273,0.2
445629,Movie,Fighting with My Family,Stephen Merchant,"Florence Pugh, Lena Headey, Nick Frost, Vince Vaughn, Jack Lowden","United Kingdom, United States of America",2019-02-14,2019,6.9,Comedy,en,16.106,1728,6.9,11000000,39055536,3.55
620725,Movie,Jexi,"Scott Moore, Jon Lucas","Adam Devine, Alexandra Shipp, Rose Byrne, Ron Funches, Charlyne Yi","Canada, United States of America",2019-10-10,2019,6.8,Comedy,en,15.983,1203,6.8,5000000,9341824,1.87
515195,Movie,Yesterday,Danny Boyle,"Himesh Patel, Lily James, Sophia Di Martino, Ellise Chappell, Meera Syal","United Kingdom, United States of America",2019-06-26,2019,6.7,"Comedy, Fantasy, Music, Romance",en,15.693,3965,6.7,26000000,154608856,5.95
575094,Movie,Abigail,Aleksandr Boguslavskiy,"Tinatin (Tina) Dalakishvili, Rinal Mukhametov, Artyom Tkachenko, Ravshana Kurkova, Kseniya Kutepova",Russia,2019-08-22,2019,6.1,"Adventure, Fantasy, Mystery",en,15.658,231,6.1,7000000,1940234,0.28
480001,Movie,The Art of Self-Defense,Riley Stearns,"Jesse Eisenberg, Alessandro Nivola, Imogen Poots, Steve Terada, David Zellner",United States of America,2019-07-12,2019,6.6,"Comedy, Thriller, Drama, Mystery",en,15.592,742,6.6,1800000,2400000,1.33
538207,Movie,We Die Young,Lior Geller,"Jean-Claude Van Damme, David Castañeda, Joana Metrass, Elijah Rodriguez, Nicholas Sean Johnny","Bulgaria, United States of America",2019-05-09,2019,6.793,"Drama, Action, Crime, Thriller",en,15.57,331,6.793,4000000,143837,0.04
572164,Movie,EXIT,Lee Sang-geun,"Cho Jung-seok, Yoona, Goh Doo-shim, Park In-hwan, Kim Ji-young",South Korea,2019-07-31,2019,7.638,"Action, Comedy",ko,15.565,254,7.638,10892000,69501772,6.38
500916,Movie,Primal,Nick Powell,"Nicolas Cage, Famke Janssen, Kevin Durand, Jeremy Jay Nazario, LaMonica Garrett",United States of America,2019-12-27,2019,5.6,"Action, Adventure, Thriller",en,15.451,380,5.6,9000000,146863,0.02
536869,Movie,Cats,Tom Hooper,"Francesca Hayward, Judi Dench, Idris Elba, Jason Derulo, Jennifer Hudson","China, United Kingdom, United States of America",2019-12-19,2019,4.1,"Fantasy, Comedy, Drama",en,14.995,983,4.1,95000000,77276321,0.81
586863,Movie,Les Misérables,Ladj Ly,"Damien Bonnard, Alexis Manenti, Djebril Zonga, Steve Tientcheu, Jeanne Balibar",France,2019-11-14,2019,7.578,"Crime, Drama, Thriller",fr,14.956,1517,7.578,2500000,54606372,21.84
535845,Movie,Brian Banks,Tom Shadyac,"Aldis Hodge, Greg Kinnear, Tiffany Dupont, Sherri Shepherd, Melanie Liburd",United States of America,2019-08-09,2019,7.3,Drama,en,14.816,247,7.3,10000000,4300000,0.43
508664,Movie,Danger Close: The Battle of Long Tan,Kriv Stenders,"Travis Fimmel, Luke Bracey, Daniel Webber, Alexander England, Aaron Glenane","Australia, United Kingdom",2019-08-08,2019,6.8,"War, Action, Drama, History",en,14.801,327,6.8,23934823,2078370,0.09
585268,Movie,War,Siddharth Anand,"Hrithik Roshan, Tiger Shroff, Ashutosh Rana, Anupriya Goenka, Soni Razdan",India,2019-10-02,2019,6.8,"Action, Thriller, Adventure",hi,14.644,329,6.8,16000000,67450000,4.22
505436,Movie,Serial (Bad) Weddings 2,Philippe de Chauveron,"Christian Clavier, Chantal Lauby, Ary Abittan, Medi Sadoun, Frédéric Chau",France,2019-01-30,2019,5.9,Comedy,fr,14.583,1270,5.9,18500000,87761988,4.74
514921,Movie,The Aeronauts,Tom Harper,"Eddie Redmayne, Felicity Jones, Tom Courtenay, Phoebe Fox, Himesh Patel","United Kingdom, United States of America",2019-11-04,2019,6.8,"Adventure, Drama, Romance",en,14.471,1113,6.8,40000000,3485251,0.09
539651,Movie,Don't Let Go,Jacob Aaron Estes,"David Oyelowo, Storm Reid, Mykelti Williamson, Alfred Molina, Brian Tyree Henry",United States of America,2019-08-30,2019,6.8,"Science Fiction, Thriller, Mystery, Horror",en,14.367,390,6.8,5000000,5300000,1.06
513045,Movie,Stuber,Michael Dowse,"Dave Bautista, Kumail Nanjiani, Mira Sorvino, Natalie Morales, Iko Uwais",United States of America,2019-07-11,2019,6.631,"Action, Comedy",en,14.186,1315,6.631,16000000,32400000,2.02
526050,Movie,Little,Tina Gordon,"Regina Hall, Issa Rae, Marsai Martin, Tone Bell, Mikey Day",United States of America,2019-04-04,2019,6.9,"Comedy, Fantasy, Romance",en,14.144,719,6.9,20000000,17399000,0.87
501907,Movie,A Beautiful Day in the Neighborhood,Marielle Heller,"Matthew Rhys, Tom Hanks, Chris Cooper, Susan Kelechi Watson, Maryann Plunkett","China, United States of America",2019-09-07,2019,6.967,"Drama, History",en,14.026,1634,6.967,25000000,67900000,2.72
449924,Movie,Ip Man 4: The Finale,Wilson Yip,"Donnie Yen Chi-Tan, Wu Yue, Vanness Wu, Scott Adkins, Kent Cheng Jak-Si","China, Hong Kong",2019-12-19,2019,7.3,"Action, History, Drama",cn,13.869,1973,7.3,52000000,239000000,4.6
575769,Movie,4x4,Mariano Cohn,"Peter Lanzani, Dady Brieva, Luis Brandoni, Noelia Castaño, Valeria Mitidieri","Argentina, Spain",2019-04-04,2019,6.4,Thriller,es,13.826,126,6.4,3000000,1292773,0.43
535544,Movie,Downton Abbey,Michael Engler,"Hugh Bonneville, Laura Carmichael, Jim Carter, Raquel Cassidy, Brendan Coyle","United Kingdom, United States of America",2019-09-12,2019,7.1,"Drama, Romance, History",en,13.819,1151,7.1,20000000,194694725,9.73
419704,Movie,Ad Astra,James Gray,"Brad Pitt, Tommy Lee Jones, Ruth Negga, John Ortiz, Liv Tyler","Brazil, China, United States of America",2019-09-17,2019,6.108,"Science Fiction, Drama",en,13.339,6704,6.108,87500000,127461872,1.46
542921,Movie,While at War,Alejandro Amenábar,"Karra Elejalde, Eduard Fernández, Santi Prego, Nathalie Poza, Luis Bermejo","Argentina, Spain",2019-09-27,2019,7.1,"Drama, History, War",es,13.244,282,7.1,4735684,12277353,2.59
428836,Movie,Ophelia,Claire McCarthy,"Daisy Ridley, Naomi Watts, Clive Owen, George MacKay, Tom Felton","United Kingdom, United States of America",2019-06-28,2019,7.1,"Drama, Romance, History",en,13.094,570,7.1,12000000,242115,0.02
565310,Movie,The Farewell,Lulu Wang,"Zhao Shuzhen, Awkwafina, X Mayo, Hong Lu, Hong Lin","China, United States of America",2019-07-12,2019,7.423,"Comedy, Drama",en,13.019,1428,7.423,250300,23076657,92.2
399121,Movie,An Officer and a Spy,Roman Polanski,"Jean Dujardin, Louis Garrel, Emmanuelle Seigner, Grégory Gadebois, Hervé Pierre","France, Italy",2019-09-30,2019,7.1,"History, Drama, Thriller",fr,13.005,1504,7.1,25300000,18878646,0.75
565179,Movie,The First King,Matteo Rovere,"Alessandro Borghi, Alessio Lapice, Fabrizio Rongione, Massimiliano Rossi, Tania Garribba","Belgium, Italy",2019-01-31,2019,7.1,"History, Drama",la,12.877,1108,7.1,8000000,2440478,0.31
291984,Movie,The Death & Life of John F. Donovan,Xavier Dolan,"Kit Harington, Natalie Portman, Jacob Tremblay, Susan Sarandon, Kathy Bates","Canada, United Kingdom",2019-03-13,2019,6.9,Drama,en,12.815,695,6.9,35000000,3326364,0.1
536743,Movie,Queen & Slim,Melina Matsoukas,"Daniel Kaluuya, Jodie Turner-Smith, Bokeem Woodbine, Sturgill Simpson, Flea","Canada, United States of America",2019-11-27,2019,7.137,"Crime, Drama, Romance",en,12.712,703,7.137,20000000,47803176,2.39
524348,Movie,The Report,Scott Z. Burns,"Adam Driver, Annette Bening, Jon Hamm, Sarah Goldberg, Michael C. Hall",United States of America,2019-09-12,2019,7.0,Drama,en,12.698,1042,7.0,8000000,275000,0.03
524247,Movie,The Intruder,Deon Taylor,"Michael Ealy, Joseph Sikora, Meagan Good, Alvina August, Dennis Quaid",United States of America,2019-05-03,2019,6.0,Thriller,en,12.662,578,6.0,8000000,40600000,5.08
403300,Movie,A Hidden Life,Terrence Malick,"August Diehl, Valerie Pachner, Maria Simon, Karin Neuhäuser, Tobias Moretti","Germany, United States of America",2019-08-27,2019,7.1,"History, Drama, War",en,12.593,691,7.1,9000000,4645140,0.52
520900,Movie,The Personal History of David Copperfield,Armando Iannucci,"Dev Patel, Peter Capaldi, Ben Whishaw, Tilda Swinton, Gwendoline Christie","United Kingdom, United States of America",2019-11-07,2019,6.4,Comedy,en,12.523,480,6.4,15600000,11620337,0.74
489064,Movie,3 from Hell,Rob Zombie,"Sheri Moon Zombie, Bill Moseley, Richard Brake, Emilio Rivera, Sid Haig",United States of America,2019-09-16,2019,5.8,"Horror, Thriller, Action",en,12.367,486,5.8,3000000,2295825,0.77
511322,Movie,The Good Liar,Bill Condon,"Helen Mirren, Ian McKellen, Russell Tovey, Jim Carter, Mark Lewis Jones","Canada, United Kingdom, United States of America",2019-11-08,2019,6.7,Crime,en,12.331,1152,6.7,10000000,33856058,3.39
559957,Movie,Shanghai Fortress,Teng Huatao,"Lu Han, Shu Qi, Shi Liang, Godfrey Gao, Wang Gongliang",China,2019-08-09,2019,5.469,"Science Fiction, War",zh,12.329,147,5.469,30000000,16900000,0.56
417466,Movie,Monos,Alejandro Landes,"Moisés Arias, Julianne Nicholson, Sofia Buenaventura, Karen Quintero, Julian Giraldo","Argentina, Colombia, Denmark, Germany, Netherlands, Sweden, Switzerland, Uruguay",2019-08-15,2019,6.6,"Drama, Adventure",es,12.158,395,6.6,1800000,1929915,1.07
441384,Movie,The Beach Bum,Harmony Korine,"Matthew McConaughey, Snoop Dogg, Isla Fisher, Jimmy Buffett, Zac Efron","France, Switzerland, United Kingdom, United States of America",2019-03-21,2019,5.7,Comedy,en,12.081,513,5.7,5000000,4600000,0.92
508791,Movie,The Sun Is Also a Star,Ry Russo-Young,"Yara Shahidi, Charles Melton, Hill Harper, Gbenga Akinnagbe, Jake Choi",United States of America,2019-05-16,2019,7.0,"Romance, Drama",en,11.997,595,7.0,9000000,6800000,0.76
471707,Movie,Corpus Christi,Jan Komasa,"Bartosz Bielenia, Aleksandra Konieczna, Eliza Rycembel, Tomasz Ziętek, Barbara Jonak","France, Poland",2019-09-10,2019,7.6,Drama,pl,11.908,546,7.6,1300000,9943901,7.65
487680,Movie,The Kitchen,Andrea Berloff,"Melissa McCarthy, Tiffany Haddish, Elisabeth Moss, Domhnall Gleeson, Bill Camp","United States of America, Canada",2019-08-08,2019,6.1,"Action, Crime, Drama",en,11.871,690,6.1,38000000,16000000,0.42
504562,Movie,Motherless Brooklyn,Edward Norton,"Edward Norton, Bruce Willis, Gugu Mbatha-Raw, Alec Baldwin, Willem Dafoe",United States of America,2019-10-31,2019,6.681,"Drama, Thriller",en,11.852,1459,6.681,26000000,18377736,0.71
440762,Movie,Jay and Silent Bob Reboot,Kevin Smith,"Kevin Smith, Jason Mewes, Harley Quinn Smith, Aparna Brielle, Shannon Elizabeth",United States of America,2019-10-15,2019,5.7,"Comedy, Action, Adventure",en,11.792,548,5.7,10000000,1011305,0.1
454292,Movie,Saaho,Sujeeth,"Prabhas, Shraddha Kapoor, Neil Nitin Mukesh, Chunky Pandey, Mandira Bedi",India,2019-08-29,2019,5.9,"Action, Adventure, Thriller",te,11.777,96,5.9,51000000,55000000,1.08
366668,Movie,Playmobil: The Movie,Lino DiSalvo,"Anya Taylor-Joy, Jim Gaffigan, Gabriel Bateman, Adam Lambert, Kenan Thompson","Canada, Germany, United Kingdom, United States of America",2019-06-10,2019,5.6,"Family, Animation, Comedy, Adventure",en,11.773,279,5.6,75000000,1630000,0.02
534259,Movie,Blinded by the Light,Gurinder Chadha,"Viveik Kalra, Nell Williams, Hayley Atwell, Kulvinder Ghir, Aaron Phagura","United Kingdom, United States of America",2019-08-09,2019,6.9,"Drama, Comedy",en,11.594,579,6.9,8300000,18144644,2.19
510298,Movie,Seberg,Benedict Andrews,"Kristen Stewart, Jack O'Connell, Anthony Mackie, Margaret Qualley, Zazie Beetz","United States of America, United Kingdom",2019-12-13,2019,5.9,"Thriller, Drama",en,11.58,260,5.9,8000000,592565,0.07
582186,Movie,"Oh, Ramona!",Cristina Jacob,"Bogdan Iancu, Aggy K. Adams, Basil Eidenbenz, Holly Horne, Adina Ștețcu",Romania,2019-02-14,2019,5.8,"Comedy, Romance",en,11.457,411,5.8,2800000,1200582,0.43
602545,Movie,Into the Labyrinth,Donato Carrisi,"Toni Servillo, Dustin Hoffman, Valentina Bellè, Vinicio Marchioni, Riccardo Cicogna",Italy,2019-10-30,2019,6.3,"Thriller, Mystery",it,11.229,503,6.3,4000000,2514679,0.63
477428,Movie,The Painted Bird,Václav Marhoul,"Petr Kotlár, Nina Šunevič, Alla Sokolova, Udo Kier, Michaela Doležalová","Slovakia, Czech Republic, Ukraine",2019-09-12,2019,7.138,"War, Drama, Thriller",cs,11.043,159,7.138,7800000,659535,0.08
512263,Movie,Honey Boy,Alma Har'el,"Shia LaBeouf, Lucas Hedges, Noah Jupe, Byron Bowers, Laura San Giacomo",United States of America,2019-09-28,2019,7.094,Drama,en,10.732,677,7.094,3500000,3400977,0.97
582206,Movie,The Best Is Yet to Come,"Alexandre de La Patellière, Matthieu Delaporte","Fabrice Luchini, Patrick Bruel, Zineb Triki, Pascale Arbillot, Marie Narbonne","Belgium, France",2019-12-04,2019,6.8,"Comedy, Drama",fr,10.543,304,6.8,13000000,7201952,0.55
515789,Movie,StarDog and TurboCat,Ben Smith,"Luke Evans, Nick Frost, Gemma Arterton, Bill Nighy, Ben Bailey Smith",United Kingdom,2019-12-06,2019,7.1,"Animation, Comedy, Family",en,10.528,92,7.1,2100000,585443,0.28
446159,Movie,Bacurau,"Kleber Mendonça Filho, Juliano Dornelles","Bárbara Colen, Thomás Aquino, Silvero Pereira, Sônia Braga, Udo Kier","Brazil, France",2019-08-29,2019,7.7,"Mystery, Western, Thriller",pt,10.456,1060,7.7,1430000,3554178,2.49
574370,Movie,I Can Quit Whenever I Want,Carlos Therón,"David Verdaguer, Ernesto Alterio, Ernesto Sevilla, Carlos Santos, Cristina Castaño",Spain,2019-04-12,2019,6.283,Comedy,es,10.359,173,6.283,4833490,11788968,2.44
580600,Movie,Astro Kid,Eric Tosti,"Timothé Vom Dorp, Édouard Baer, Marie-Eugénie Maréchal, Guillaume Lebon, Barbara Tissier",France,2019-04-03,2019,7.2,"Animation, Comedy, Adventure, Family",fr,10.35,194,7.2,5100000,3123088,0.61
464504,Movie,A Madea Family Funeral,Tyler Perry,"Cassi Davis, Patrice Lovely, Tyler Perry, Jen Harper, Derek Morgan",United States of America,2019-03-01,2019,5.9,Comedy,en,10.103,483,5.9,20000000,74747725,3.74
595975,Movie,La Belle Époque,Nicolas Bedos,"Daniel Auteuil, Guillaume Canet, Doria Tillier, Fanny Ardant, Pierre Arditi",France,2019-11-06,2019,7.4,"Comedy, Drama",fr,10.088,1013,7.4,11000000,13935410,1.27
561557,Movie,The Ash Lad: In Search of the Golden Castle,Mikkel Brænne Sandemose,"Vebjørn Enger, Eili Harboe, Mads Sjøgård Pettersen, Elias Holmen Sørensen, Sidse Babett Knudsen",Norway,2019-08-23,2019,6.5,"Fantasy, Adventure",no,10.086,112,6.5,7300000,2996763,0.41
567598,Movie,Greed,Michael Winterbottom,"Steve Coogan, David Mitchell, Isla Fisher, Asa Butterfield, Sophie Cookson","United Kingdom, United States of America",2019-09-07,2019,5.671,"Comedy, Drama",en,10.046,158,5.671,5500000,1460431,0.27
512954,Movie,Leaving Afghanistan,Pavel Lungin,"Kirill Pirogov, Yan Tsapnik, Vitaly Kishchenko, Fyodor Lavrov, Oleg Vasilkov",Russia,2019-05-10,2019,6.6,"Drama, Action, War",ru,9.887,88,6.6,4302540,731827,0.17
551808,Movie,Black Christmas,Sophia Takal,"Imogen Poots, Aleyse Shannon, Lily Donoghue, Brittany O'Grady, Caleb Eberhardt",United States of America,2019-12-11,2019,4.6,"Horror, Mystery, Thriller",en,9.445,561,4.6,5000000,18529730,3.71
348672,Movie,About Endlessness,Roy Andersson,"Jan-Eje Ferling, Kristina Ekmark, Martin Serner, Bengt Bergius, Anja Broms","France, Sweden, Germany, Norway",2019-11-15,2019,6.535,"Drama, Fantasy, Comedy",sv,9.393,187,6.535,4700000,434977,0.09
429416,Movie,The Jesus Rolls,John Turturro,"John Turturro, Audrey Tautou, Bobby Cannavale, Sônia Braga, Jon Hamm",United States of America,2019-10-17,2019,4.51,"Comedy, Crime, Drama",en,9.333,150,4.51,4500000,64648,0.01
613090,Movie,"Live Twice, Love Once",María Ripoll,"Inma Cuesta, Oscar Martínez, Mafalda Carbonell, Nacho López, Isabel Requena",Spain,2019-09-06,2019,7.5,"Comedy, Drama",es,9.311,341,7.5,1450000,368430,0.25
582873,Movie,Martin Eden,Pietro Marcello,"Luca Marinelli, Jessica Cressy, Carlo Cecchi, Vincenzo Nemolato, Marco Leonardi","France, Germany, Italy",2019-09-04,2019,7.0,"Romance, Drama",it,9.308,664,7.0,3800000,1681545,0.44
491283,Movie,Judy,Rupert Goold,"Renée Zellweger, Jessie Buckley, Finn Wittrock, Rufus Sewell, Michael Gambon","France, United Kingdom, United States of America",2019-09-27,2019,6.7,"Drama, History, Music",en,9.21,1186,6.7,10000000,38981322,3.9
492565,Movie,The Kid,Vincent D'Onofrio,"Ethan Hawke, Dane DeHaan, Jake Schur, Leila George, Adam Baldwin",United States of America,2019-03-08,2019,6.0,"Western, Drama, Action",en,9.142,294,6.0,8000000,1561698,0.2
576071,Movie,Unplanned,"Cary Solomon, Chuck Konzelman","Ashley Bratcher, Brooks Ryan, Robia LaMorte, Emma Elle Roberts, Robin DeMarco",United States of America,2019-03-21,2019,6.9,Drama,en,9.109,208,6.9,6000000,21600000,3.6
455957,Movie,Domino,Brian De Palma,"Nikolaj Coster-Waldau, Carice van Houten, Guy Pearce, Ériq Ebouaney, Mohammed Azaay","Belgium, Denmark, France, Italy, Netherlands",2019-05-31,2019,4.6,"Crime, Thriller",en,9.09,278,4.6,7800000,439085,0.06
574376,Movie,Eye for an Eye,Paco Plaza,"Luis Tosar, María Vázquez, Ismael Martínez, Pablo Guisa Koestinger, Daniel Currás","Belgium, France, Spain, United Kingdom, United States of America",2019-08-30,2019,6.7,"Drama, Thriller, Crime",es,8.97,309,6.7,3328289,2407571,0.72
613349,Movie,A Good Doctor,Tristan Séguéla,"Michel Blanc, Hakim Jemili, Solène Rigot, Chantal Lauby, Franck Gastambide",France,2019-12-11,2019,6.5,Comedy,fr,8.848,315,6.5,6837995,6294941,0.92
498743,Movie,Never Grow Old,Ivan Kavanagh,"Emile Hirsch, John Cusack, Déborah François, Danny Webb, Tim Ahern","Belgium, France, Ireland, Luxembourg, United Kingdom",2019-03-15,2019,6.047,Western,en,8.699,213,6.047,12000000,106796,0.01
523172,Movie,Late Night,Nisha Ganatra,"Emma Thompson, Mindy Kaling, Max Casella, Hugh Dancy, Denis O'Hare",United States of America,2019-01-25,2019,6.4,"Comedy, Drama",en,8.696,806,6.4,4000000,22384741,5.6
574321,Movie,Only the Animals,Dominik Moll,"Denis Ménochet, Laure Calamy, Damien Bonnard, Nadia Tereszkiewicz, Bastien Bouillon","France, Germany",2019-12-04,2019,6.7,"Drama, Crime",fr,8.659,281,6.7,5000000,878668,0.18
618326,Movie,Sisters in Arms,Caroline Fourest,"Dilan Gwyn, Amira Casar, Camélia Jordana, Noush Skaugen, Esther Garrel","Belgium, France, Italy, United States of America",2019-10-09,2019,7.2,"Action, War, Adventure",fr,8.632,141,7.2,5600000,540482,0.1
509733,Movie,Spy Cat,"Wolfgang Lauenstein, Christoph Lauenstein","Axel Prahl, Alexandra Neldel, Erik Borner, Sylvain Urban, Obada Adnan","Germany, Belgium",2019-04-11,2019,6.8,"Animation, Adventure, Comedy, Family",de,8.553,77,6.8,9000000,3882729,0.43
596650,Movie,Chhichhore,Nitesh Tiwari,"Sushant Singh Rajput, Shraddha Kapoor, Tahir Raj Bhasin, Varun Sharma, Naveen Polishetty",India,2019-09-05,2019,7.6,"Romance, Comedy, Drama",hi,8.519,136,7.6,6825000,29353057,4.3
543915,Movie,The Boat,Winston Azzopardi,Joe Azzopardi,"Malta, United Kingdom",2019-02-22,2019,5.4,"Thriller, Mystery, Horror",en,8.443,132,5.4,5000000,98559,0.02
553141,Movie,The Head Hunter,Jordan Downey,"Christopher Rygh, Cora Kaufman, Aisha Ricketts",United States of America,2019-04-05,2019,5.3,"Horror, Fantasy",en,8.377,294,5.3,30000,44652,1.49
616584,Movie,K-12,Melanie Martinez,"Melanie Martinez, Elita Harkov, Megan Gage, Maggie Budzyna, Zión Moreno",United States of America,2019-09-05,2019,7.8,"Music, Fantasy",en,8.295,274,7.8,6000000,359377,0.06
575828,Movie,Son of a Rich,Klim Shipenko,"Miloš Biković, Ivan Okhlobystin, Aleksandra Bortich, Aleksandr Samoylenko, Mariya Mironova",Russia,2019-11-24,2019,7.0,Comedy,ru,8.156,170,7.0,2600000,50803834,19.54
509853,Movie,The Fanatic,Fred Durst,"John Travolta, Devon Sawa, Ana Golja, James Paxton, Jessica Uberuaga","United Kingdom, United States of America",2019-08-30,2019,4.4,"Crime, Thriller",en,8.127,313,4.4,18000000,3153,0.0
606952,Movie,The Goddess of Fortune,Ferzan Özpetek,"Stefano Accorsi, Edoardo Leo, Jasmine Trinca, Serra Yılmaz, Sara Ciocca",Italy,2019-12-19,2019,7.1,Drama,it,7.985,509,7.1,4000000,8277796,2.07
524659,Movie,Crown Vic,Joel Souza,"Thomas Jane, Luke Kleintank, Josh Hopkins, David Krumholtz, Bridget Moynahan","Taiwan, United States of America",2019-11-01,2019,6.207,"Crime, Drama, Action",en,7.963,198,6.207,3600000,3868,0.0
577028,Movie,The Ninth,Nikolay Khomeriki,"Yevgeni Tsyganov, Daisy Head, Dmitry Lysenkov, Yuri Kolokolnikov, Jonathan Salway",Russia,2019-11-07,2019,6.4,"Mystery, Thriller, Crime, Horror",ru,7.727,121,6.4,7000000,958558,0.14
573150,Movie,The Goya Murders,Gerardo Herrero,"Maribel Verdú, Aura Garrido, Roberto Álamo, Ginés García Millán, Daniel Grao","Belgium, Spain",2019-10-18,2019,5.0,"Drama, Thriller",es,7.55,71,5.0,2700000,443038,0.16
501590,Movie,Synonyms,Nadav Lapid,"Tom Mercier, Quentin Dolmaire, Louise Chevillotte, Uria Hayik, Olivier Loustau","Germany, France, Israel",2019-02-28,2019,5.8,"Comedy, Drama",fr,7.521,127,5.8,2500000,242483,0.1
592336,Movie,Don't Stop Me Now,Riccardo Milani,"Paola Cortellesi, Stefano Fresi, Vinicio Marchioni, Lucia Mascino, Ricky Memphis",Italy,2019-04-18,2019,6.3,Comedy,it,7.45,372,6.3,8000000,5000000,0.62
567973,Movie,Furie,Le Van Kiet,"Veronica Ngo, Phan Thanh Nhien, Phạm Anh Khoa, Thanh Hoa, Mai Cat Vi",Vietnam,2019-02-22,2019,6.5,"Action, Drama, Thriller",vi,7.409,190,6.5,1000000,6890000,6.89
571655,Movie,Valhalla,Fenar Ahmad,"Roland Møller, Patricia Schumann, Jacob Ulrik Lohmann, Salome R. Gunnarsdottir, Dulfi Al-Jabouri","Denmark, Iceland, Norway, Sweden",2019-10-10,2019,5.2,"Adventure, Fantasy",da,7.344,130,5.2,5256817,70821,0.01
532938,Movie,The Shiny Shrimps,"Cédric Le Gallo, Maxime Govare","Nicolas Gob, Alban Lenoir, Geoffrey Couët, Michaël Abiteboul, David Baïot",France,2019-05-08,2019,6.6,Comedy,fr,7.341,435,6.6,3500000,4645750,1.33
620683,Movie,My Mom Is a Character 3,Susana Garcia,"Paulo Gustavo, Mariana Xavier, Rodrigo Pandolfo, Herson Capri, Samantha Schmütz",Brazil,2019-12-26,2019,8.2,Comedy,pt,7.241,476,8.2,2000000,39273021,19.64
491625,Movie,Gully Boy,Zoya Akhtar,"Ranveer Singh, Alia Bhatt, Siddhant Chaturvedi, Vijay Raaz, Vijay Varma",India,2019-02-14,2019,7.33,"Drama, Music",hi,6.934,185,7.33,5782853,28299498,4.89
459670,Movie,Monica and Friends: Bonds,Daniel Rezende,"Giulia Benite, Kevin Vechiatto, Laura Rauseo, Gabriel Moreira, Rodrigo Santoro",Brazil,2019-06-27,2019,7.6,"Family, Adventure, Comedy",pt,6.921,284,7.6,1803570,1357142,0.75
454626,Movie,Sonic the Hedgehog,Jeff Fowler,"Ben Schwartz, James Marsden, Tika Sumpter, Jim Carrey, Natasha Rothwell","Japan, United States of America",2020-02-12,2020,7.308,"Action, Science Fiction, Comedy, Family",en,141.864,9798,7.308,85000000,319715683,3.76
635302,Movie,Demon Slayer -Kimetsu no Yaiba- The Movie: Mugen Train,Haruo Sotozaki,"Natsuki Hanae, Akari Kito, Hiro Shimono, Yoshitsugu Matsuoka, Satoshi Hino",Japan,2020-10-16,2020,8.2,"Animation, Action, Fantasy, Thriller",ja,105.408,4020,8.2,15700000,507119058,32.3
38700,Movie,Bad Boys for Life,"Adil El Arbi, Bilall Fallah","Will Smith, Martin Lawrence, Vanessa Hudgens, Alexander Ludwig, Charles Melton",United States of America,2020-01-15,2020,7.135,"Thriller, Action, Crime",en,78.702,8354,7.135,90000000,426505244,4.74
508442,Movie,Soul,Pete Docter,"Jamie Foxx, Tina Fey, Graham Norton, Rachel House, Alice Braga",United States of America,2020-12-25,2020,8.1,"Animation, Family, Comedy, Fantasy",en,76.153,10644,8.1,150000000,121977511,0.81
524047,Movie,Greenland,Ric Roman Waugh,"Gerard Butler, Morena Baccarin, David Denman, Hope Davis, Roger Dale Floyd","United Kingdom, United States of America, Iceland",2020-07-29,2020,7.1,"Action, Thriller, Science Fiction",en,72.14,4620,7.1,34000000,52300000,1.54
529203,Movie,The Croods: A New Age,Joel Crawford,"Nicolas Cage, Emma Stone, Ryan Reynolds, Catherine Keener, Cloris Leachman",United States of America,2020-11-25,2020,7.5,"Animation, Family, Adventure, Fantasy, Comedy",en,66.705,3883,7.5,65000000,215905815,3.32
613504,Movie,After We Collided,Roger Kumble,"Josephine Langford, Hero Fiennes Tiffin, Dylan Sprouse, Louise Lombard, Charlie Weber",United States of America,2020-09-02,2020,7.2,"Romance, Drama",en,55.633,5351,7.2,14000000,47990414,3.43
587792,Movie,Palm Springs,Max Barbakow,"Andy Samberg, Cristin Milioti, J.K. Simmons, Peter Gallagher, Meredith Hagner",United States of America,2020-07-10,2020,7.3,"Comedy, Romance, Science Fiction",en,54.292,3208,7.3,5000000,164000,0.03
337401,Movie,Mulan,Niki Caro,"Liu Yifei, Donnie Yen Chi-Tan, Gong Li, Jet Li, Jason Scott Lee",United States of America,2020-09-04,2020,6.9,"Adventure, Fantasy, Action, Family",en,51.253,6730,6.9,200000000,69965374,0.35
464052,Movie,Wonder Woman 1984,Patty Jenkins,"Gal Gadot, Chris Pine, Kristen Wiig, Pedro Pascal, Robin Wright",United States of America,2020-12-16,2020,6.416,"Action, Adventure, Fantasy",en,49.71,8536,6.416,200000000,169601036,0.85
577922,Movie,Tenet,Christopher Nolan,"John David Washington, Robert Pattinson, Elizabeth Debicki, Kenneth Branagh, Dimple Kapadia","United Kingdom, United States of America",2020-08-22,2020,7.182,"Action, Thriller, Science Fiction",en,48.373,10088,7.182,205000000,365304105,1.78
495764,Movie,Birds of Prey (and the Fantabulous Emancipation of One Harley Quinn),Cathy Yan,"Margot Robbie, Rosie Perez, Mary Elizabeth Winstead, Jurnee Smollett, Ewan McGregor",United States of America,2020-02-05,2020,6.9,"Action, Crime",en,45.947,10351,6.9,75000000,205537933,2.74
400160,Movie,The SpongeBob Movie: Sponge on the Run,Tim Hill,"Tom Kenny, Bill Fagerbakke, Rodger Bumpass, Mr. Lawrence, Keanu Reeves","United States of America, France",2020-08-14,2020,7.5,"Family, Animation, Fantasy, Adventure, Comedy",en,45.635,2865,7.5,60000000,4700000,0.08
338762,Movie,Bloodshot,Dave Wilson,"Vin Diesel, Eiza González, Sam Heughan, Toby Kebbell, Talulah Riley","China, United States of America",2020-03-05,2020,6.7,"Action, Science Fiction, Adventure",en,44.673,5001,6.7,42000000,39861118,0.95
522627,Movie,The Gentlemen,Guy Ritchie,"Matthew McConaughey, Charlie Hunnam, Michelle Dockery, Jeremy Strong, Lyne Renee","United Kingdom, United States of America",2020-01-01,2020,7.7,"Action, Crime, Comedy",en,44.271,5963,7.7,22000000,115171795,5.24
590223,Movie,Love and Monsters,Michael Matthews,"Dylan O'Brien, Jessica Henwick, Michael Rooker, Dan Ewing, Ariana Greenblatt","Australia, Canada, United States of America",2020-10-16,2020,7.3,"Comedy, Action, Adventure, Fantasy, Science Fiction",en,43.089,4082,7.3,30000000,1122066,0.04
481848,Movie,The Call of the Wild,Chris Sanders,"Harrison Ford, Dan Stevens, Colin Woodell, Karen Gillan, Omar Sy","Canada, United States of America",2020-02-19,2020,7.5,"Adventure, Family, Drama",en,42.152,3767,7.5,109000000,111200000,1.02
514847,Movie,The Hunt,Craig Zobel,"Betty Gilpin, Hilary Swank, Ethan Suplee, Teri Wyble, Ike Barinholtz","Japan, United States of America",2020-03-11,2020,6.637,"Action, Thriller, Horror",en,41.796,3276,6.637,14000000,10550350,0.75
446893,Movie,Trolls World Tour,Walt Dohrn,"Anna Kendrick, Justin Timberlake, Ron Funches, Rachel Bloom, James Corden","Japan, United States of America",2020-03-11,2020,7.3,"Family, Animation, Comedy, Fantasy, Adventure, Music",en,38.943,2153,7.3,90000000,49276818,0.55
581392,Movie,Peninsula,Yeon Sang-ho,"Gang Dong-won, Lee Jung-hyun, Lee Re, Kwon Hae-hyo, Kim Min-jae",South Korea,2020-07-15,2020,6.751,"Horror, Action, Thriller, Adventure",ko,38.164,2389,6.751,17000000,42698327,2.51
570670,Movie,The Invisible Man,Leigh Whannell,"Elisabeth Moss, Aldis Hodge, Storm Reid, Michael Dorman, Harriet Dyer","Australia, United States of America",2020-02-26,2020,7.1,"Thriller, Science Fiction, Horror",en,38.133,5803,7.1,7000000,144492724,20.64
458576,Movie,Monster Hunter,Paul W. S. Anderson,"Milla Jovovich, Tony Jaa, Ron Perlman, T.I., Diego Boneta","China, Germany, Japan, United Kingdom",2020-12-03,2020,6.6,"Action, Fantasy, Adventure",en,36.45,3336,6.6,60000000,42145959,0.7
340102,Movie,The New Mutants,Josh Boone,"Blu Hunt, Maisie Williams, Anya Taylor-Joy, Charlie Heaton, Henry Zaga",United States of America,2020-04-02,2020,6.098,"Science Fiction, Horror, Action",en,35.605,3457,6.098,67000000,49169594,0.73
514207,Movie,Invasion,Fyodor Bondarchuk,"Alexander Petrov, Irina Starshenbaum, Oleg Menshikov, Rinal Mukhametov, Yura Borisov",Russia,2020-02-27,2020,6.9,"Science Fiction, Drama, Action",ru,33.552,814,6.9,8819200,32104054,3.64
516632,Movie,The Empty Man,David Prior,"James Badge Dale, Marin Ireland, Sasha Frolova, Samantha Logan, Evan Jonigkeit","South Africa, United States of America",2020-10-22,2020,6.2,"Horror, Mystery, Thriller",en,33.301,865,6.2,16000000,4796993,0.3
443791,Movie,Underwater,William Eubank,"Kristen Stewart, Vincent Cassel, Mamoudou Athie, T.J. Miller, John Gallagher Jr.",United States of America,2020-01-08,2020,6.287,"Horror, Science Fiction, Action, Adventure",en,32.736,3170,6.287,50000000,40882928,0.82
508439,Movie,Onward,Dan Scanlon,"Tom Holland, Chris Pratt, Julia Louis-Dreyfus, Octavia Spencer, Mel Rodriguez",United States of America,2020-02-29,2020,7.7,"Family, Animation, Adventure, Comedy, Fantasy",en,32.194,6212,7.7,200000000,141940042,0.71
589754,Movie,The Last Warrior: Root of Evil,Dmitriy Dyachenko,"Viktor Horinyak, Mila Syvatska, Ekaterina Vilkova, Elena Yakovleva, Konstantin Lavronenko",Russia,2020-12-24,2020,6.9,"Fantasy, Adventure, Comedy",ru,32.153,180,6.9,8400000,27658331,3.29
614696,Movie,#Alive,Cho Il,"Yoo Ah-in, Park Shin-hye, Lee Hyun-wook, Jin So-yeon, Kim Hak-seon",South Korea,2020-06-24,2020,7.234,"Action, Horror",ko,29.596,1859,7.234,6300000,13416285,2.13
448119,Movie,Dolittle,Stephen Gaghan,"Robert Downey Jr., Harry Collett, Michael Sheen, Jim Broadbent, Antonio Banderas","China, United States of America",2020-01-02,2020,6.6,"Family, Comedy, Fantasy, Adventure",en,29.009,3669,6.6,175000000,251410631,1.44
546121,Movie,Run,Aneesh Chaganty,"Sarah Paulson, Kiera Allen, Pat Healy, Sara Sohn, Erik Athavale",United States of America,2020-11-20,2020,7.3,"Thriller, Horror, Drama",en,28.364,2608,7.3,1700000,5184368,3.05
600354,Movie,The Father,Florian Zeller,"Anthony Hopkins, Olivia Colman, Mark Gatiss, Olivia Williams, Imogen Poots","France, United Kingdom",2020-12-23,2020,8.1,Drama,en,27.288,3257,8.1,6000000,21029340,3.5
723072,Movie,Host,Rob Savage,"Haley Bishop, Jemma Moore, Emma Louise Webb, Radina Drandova, Caroline Ward",United Kingdom,2020-12-04,2020,6.493,"Horror, Mystery",en,27.06,959,6.493,100000,443807,4.44
385103,Movie,Scoob!,Tony Cervone,"Will Forte, Frank Welker, Mark Wahlberg, Jason Isaacs, Ken Jeong","Canada, United States of America",2020-07-08,2020,7.0,"Animation, Comedy, Family, Mystery",en,24.489,1722,7.0,90000000,28600000,0.32
556678,Movie,Emma.,Autumn de Wilde,"Anya Taylor-Joy, Johnny Flynn, Josh O'Connor, Callum Turner, Mia Goth",United Kingdom,2020-02-13,2020,7.0,"Comedy, Romance",en,23.861,1772,7.0,10000000,25200000,2.52
625568,Movie,Unhinged,Derrick Borte,"Russell Crowe, Caren Pistorius, Gabriel Bateman, Jimmi Simpson, Austin P. McKenzie","United States of America, United Kingdom",2020-07-16,2020,6.4,"Action, Thriller, Horror",en,22.913,2323,6.4,33000000,39238300,1.19
539537,Movie,Fantasy Island,Jeff Wadlow,"Michael Peña, Maggie Q, Lucy Hale, Michael Rooker, Austin Stowell",United States of America,2020-02-12,2020,5.8,"Adventure, Fantasy, Horror, Mystery",en,22.756,2488,5.8,7000000,49500000,7.07
582014,Movie,Promising Young Woman,Emerald Fennell,"Carey Mulligan, Bo Burnham, Alison Brie, Clancy Brown, Jennifer Coolidge",United States of America,2020-12-13,2020,7.4,"Thriller, Crime, Drama",en,22.333,3303,7.4,10000000,20379604,2.04
425001,Movie,The War with Grandpa,Tim Hill,"Robert De Niro, Uma Thurman, Rob Riggle, Oakes Fegley, Laura Marano",United States of America,2020-08-27,2020,6.447,"Comedy, Family",en,22.252,971,6.447,18000000,43387445,2.41
551804,Movie,Freaky,Christopher Landon,"Vince Vaughn, Kathryn Newton, Celeste O'Connor, Misha Osherovich, Uriah Shelton",United States of America,2020-11-12,2020,6.6,"Horror, Comedy",en,22.028,1657,6.6,5000000,15100000,3.02
531499,Movie,The Tax Collector,David Ayer,"Bobby Soto, Cinthya Carmona, George Lopez, Elpidia Carrillo, Shia LaBeouf",United States of America,2020-08-07,2020,5.62,"Action, Crime, Drama",en,21.256,483,5.62,30000000,942666,0.03
590995,Movie,The Craft: Legacy,Zoe Lister-Jones,"Cailee Spaeny, Lovie Simone, Gideon Adlon, Zoey Luna, Michelle Monaghan",United States of America,2020-10-28,2020,6.1,"Horror, Drama, Fantasy",en,21.017,819,6.1,18000000,2300000,0.13
555974,Movie,Brahms: The Boy II,William Brent Bell,"Katie Holmes, Christopher Convery, Owain Yeoman, Ralph Ineson, Anjali Jay","Australia, Canada, China, United States of America",2020-02-20,2020,5.9,"Horror, Mystery, Thriller",en,20.865,1241,5.9,10000000,20311536,2.03
580175,Movie,Another Round,Thomas Vinterberg,"Mads Mikkelsen, Thomas Bo Larsen, Magnus Millang, Lars Ranthe, Maria Bonnevie","Denmark, Netherlands, Sweden",2020-09-24,2020,7.6,"Comedy, Drama",da,20.105,3347,7.6,5150000,21700000,4.21
430155,Movie,Coma,Nikita Argunov,"Rinal Mukhametov, Anton Pampushnyy, Lyubov Aksyonova, Miloš Biković, Konstantin Lavronenko",Russia,2020-01-01,2020,6.391,"Science Fiction, Adventure, Action",ru,19.798,552,6.391,2250000,9500000,4.22
441130,Movie,Wolfwalkers,"Tomm Moore, Ross Stewart","Honor Kneafsey, Eva Whittaker, Sean Bean, Simon McBurney, Tommy Tiernan","China, France, Ireland, Luxembourg, United States of America",2020-10-26,2020,8.219,"Animation, Family, Adventure, Fantasy",en,19.128,1221,8.219,12000000,1310720,0.11
492611,Movie,The Turning,Floria Sigismondi,"Mackenzie Davis, Finn Wolfhard, Brooklynn Prince, Mark Huberman, Niall Greig Fulton","India, United States of America",2020-01-23,2020,5.7,"Horror, Thriller",en,19.053,981,5.7,14000000,19428166,1.39
596161,Movie,Let Him Go,Thomas Bezucha,"Diane Lane, Kevin Costner, Kayli Carter, Lesley Manville, Will Brittain","Canada, United States of America",2020-11-05,2020,6.8,"Thriller, Crime, Western",en,18.929,694,6.8,21000000,7997460,0.38
435615,Movie,Possessor,Brandon Cronenberg,"Andrea Riseborough, Christopher Abbott, Jennifer Jason Leigh, Sean Bean, Tuppence Middleton","Australia, Canada, United Kingdom, United States of America",2020-10-02,2020,6.348,"Horror, Thriller, Science Fiction",en,18.773,892,6.348,2500000,911000,0.36
585244,Movie,I Still Believe,"Andrew Erwin, Jon Erwin","K.J. Apa, Britt Robertson, Nathan Parsons, Gary Sinise, Shania Twain",United States of America,2020-03-12,2020,7.6,"Music, Drama, Romance",en,18.719,1172,7.6,12000000,16069730,1.34
531876,Movie,The Outpost,Rod Lurie,"Scott Eastwood, Caleb Landry Jones, Orlando Bloom, Ernest Cavazos, Taylor John Smith",United States of America,2020-06-24,2020,6.898,"War, Drama, History, Action",en,18.565,1058,6.898,18000000,2133452,0.12
457335,Movie,Guns Akimbo,Jason Lei Howden,"Daniel Radcliffe, Samara Weaving, Natasha Liu Bordizzo, Ned Dennehy, Rhys Darby","Belgium, Germany, New Zealand, United Kingdom, United States of America",2020-02-27,2020,6.4,"Action, Comedy, Crime, Thriller",en,17.799,2343,6.4,15000000,835102,0.06
590706,Movie,Jiu Jitsu,Dimitri Logothetis,"Alain Moussi, Nicolas Cage, Tony Jaa, JuJu Chan, Eddie Steeples","Cyprus, United States of America",2020-11-20,2020,4.8,"Action, Science Fiction, Fantasy",en,17.555,616,4.8,23000000,99924,0.0
560144,Movie,Skylines,Liam O'Donnell,"Lindsey Morgan, Alexander Siddig, Rhona Mitra, Daniel Bernhardt, Yayan Ruhian","Lithuania, Spain, United Arab Emirates, United Kingdom, United States of America",2020-10-25,2020,5.6,"Science Fiction, Action, Thriller",en,17.283,554,5.6,70000000,170581,0.0
659959,Movie,Summer of 85,François Ozon,"Félix Lefebvre, Benjamin Voisin, Philippine Velge, Valeria Bruni Tedeschi, Melvil Poupaud","Belgium, France",2020-07-14,2020,7.4,"Romance, Drama",fr,17.162,841,7.4,6900000,3600000,0.52
556984,Movie,The Trial of the Chicago 7,Aaron Sorkin,"Eddie Redmayne, Sacha Baron Cohen, Mark Rylance, Joseph Gordon-Levitt, Frank Langella",United States of America,2020-09-25,2020,7.7,"Drama, History",en,16.888,3078,7.7,35000000,107423,0.0
592279,Movie,Kalashnikov AK-47,Konstantin Buslov,"Yura Borisov, Olga Lerman, Artur Smolyaninov, Eldar Kalimulin, Vitaliy Khaev",Russia,2020-02-20,2020,7.4,"War, History, Drama",ru,16.759,296,7.4,3500000,1593464,0.46
579583,Movie,The King of Staten Island,Judd Apatow,"Pete Davidson, Marisa Tomei, Bill Burr, Bel Powley, Maude Apatow",United States of America,2020-07-22,2020,7.0,"Comedy, Drama",en,16.754,1020,7.0,35000000,2200000,0.06
684684,Movie,Shortcut,Alessio Liguori,"Jack Kane, Zanda Emlano, Zak Sutcliffe, Sophie Jane Oliver, Molly Dew","Germany, Italy",2020-09-25,2020,5.3,"Horror, Adventure, Fantasy",en,16.744,117,5.3,1400000,769563,0.55
550231,Movie,The Secret: Dare to Dream,Andy Tennant,"Katie Holmes, Josh Lucas, Jerry O'Connell, Celia Weston, Sarah Hoffmeister",United States of America,2020-04-16,2020,7.3,"Drama, Romance",en,16.575,616,7.3,21000000,3215636,0.15
702525,Movie,Bigfoot Family,"Jérémie Degruson, Ben Stassen","Jules Medcraft, David Lodge, Grant George, Shyloh Oostwald, Joey Camen","Belgium, France, Faeroe Islands",2020-07-23,2020,7.1,"Animation, Adventure, Family",en,16.19,201,7.1,17520000,10855626,0.62
668742,Movie,Father There Is Only One 2,Santiago Segura,"Santiago Segura, Toni Acosta, Martina D’Antiochia, Calma Segura, Luna Fulgencio",Spain,2020-07-29,2020,7.5,"Comedy, Family",es,16.114,548,7.5,4000000,14871307,3.72
614560,Movie,Mank,David Fincher,"Gary Oldman, Amanda Seyfried, Lily Collins, Arliss Howard, Tom Pelphrey",United States of America,2020-11-13,2020,6.7,"Drama, History",en,16.025,1626,6.7,25000000,122252,0.0
721625,Movie,Songbird,Adam Mason,"K.J. Apa, Sofia Carson, Craig Robinson, Bradley Whitford, Peter Stormare",United States of America,2020-12-10,2020,6.2,"Science Fiction, Thriller",en,15.994,748,6.2,2500000,1000000,0.4
592834,Movie,My Spy,Peter Segal,"Dave Bautista, Chloe Coleman, Parisa Fitz-Henley, Kristen Schaal, Greg Bryk",United States of America,2020-01-09,2020,6.9,"Family, Action, Comedy",en,15.96,1270,6.9,18000000,10200000,0.57
542224,Movie,Gretel & Hansel,Osgood Perkins,"Sophia Lillis, Samuel Leakey, Alice Krige, Jessica De Gouw, Charles Babalola","Canada, Ireland, United States of America",2020-01-30,2020,6.0,"Fantasy, Horror, Mystery",en,15.923,1449,6.0,5000000,22304357,4.46
571384,Movie,Come Play,Jacob Chase,"Gillian Jacobs, John Gallagher Jr., Azhy Robertson, Winslow Fegley, Jayden Marine","India, United States of America",2020-10-28,2020,6.4,"Horror, Mystery, Thriller",en,15.87,683,6.4,9000000,8119285,0.9
466622,Movie,The Rhythm Section,Reed Morano,"Blake Lively, Jude Law, Sterling K. Brown, Ivana Basic, Nasser Memarzia","Spain, United Kingdom, United States of America",2020-01-31,2020,5.5,"Action, Thriller",en,15.826,608,5.5,50000000,5989583,0.12
594718,Movie,Sputnik,Egor Abramenko,"Oksana Akinshina, Fyodor Bondarchuk, Pyotr Fyodorov, Anton Vasilyev, Aleksey Demidov",Russia,2020-09-08,2020,6.5,"Science Fiction, Drama, Horror",ru,15.487,759,6.5,2600000,354023,0.14
688258,Movie,Occupation: Rainfall,Luke Sparke,"Dan Ewing, Jet Tranter, Temuera Morrison, Ken Jeong, Jason Isaacs",Australia,2020-10-30,2020,6.2,"Science Fiction, Action",en,15.295,242,6.2,25000000,331091,0.01
663870,Movie,Riders of Justice,Anders Thomas Jensen,"Mads Mikkelsen, Nikolaj Lie Kaas, Lars Brygmann, Nicolas Bro, Andrea Heick Gadeberg","Denmark, Finland, Sweden",2020-11-19,2020,7.263,"Action, Comedy, Drama, Thriller",da,15.163,897,7.263,5300000,679505,0.13
508935,Movie,The Eight Hundred,Guan Hu,"Wang Qianyuan, Zhang Yi, Huang Zhizhong, Jiang Wu, Ou Hao",China,2020-08-14,2020,6.9,"War, History, Drama, Action",zh,15.003,275,6.9,80000000,461421559,5.77
587496,Movie,The Rental,Dave Franco,"Dan Stevens, Alison Brie, Sheila Vand, Jeremy Allen White, Toby Huss",United States of America,2020-07-23,2020,5.5,"Horror, Thriller",en,14.922,906,5.5,3500000,4311042,1.23
630220,Movie,18 Presents,Francesco Amato,"Vittoria Puccini, Benedetta Porcaroli, Edoardo Leo, Sara Lazzaro, Marco Messeri","Italy, United Kingdom",2020-01-02,2020,7.4,"Drama, Family",it,14.795,679,7.4,2500000,3486375,1.39
602211,Movie,Fatman,"Ian Nelms, Eshom Nelms","Mel Gibson, Walton Goggins, Marianne Jean-Baptiste, Chance Hurstfield, Susanne Sutchy","United States of America, United Kingdom",2020-10-19,2020,5.5,"Action, Comedy, Fantasy, Adventure, Horror, Science Fiction",en,14.675,862,5.5,20000000,1651413,0.08
652004,Movie,The Wolf of Snow Hollow,Jim Cummings,"Jim Cummings, Riki Lindhome, Robert Forster, Chloe East, Jimmy Tatro",United States of America,2020-10-23,2020,6.1,"Horror, Thriller",en,14.374,437,6.1,2000000,239828,0.12
529485,Movie,The Way Back,Gavin O'Connor,"Ben Affleck, Al Madrigal, Michaela Watkins, Janina Gavankar, Glynn Turman","United States of America, Canada",2020-03-05,2020,6.6,Drama,en,14.135,1214,6.6,23000000,14590514,0.63
581032,Movie,News of the World,Paul Greengrass,"Tom Hanks, Helena Zengel, Michael Angelo Covino, Ray McKinnon, Mare Winningham",United States of America,2020-12-25,2020,6.959,"Drama, Western, Adventure",en,13.935,1777,6.959,38000000,12700000,0.33
442065,Movie,The Last Full Measure,Todd Robinson,"Sebastian Stan, Christopher Plummer, William Hurt, Ed Harris, Samuel L. Jackson",United States of America,2020-01-23,2020,7.3,"Drama, Action, War",en,13.873,450,7.3,20000000,3364426,0.17
523371,Movie,Patients of a Saint,Russell Owen,"Jess Chanliau, Meg Alexandra, Gabz Barker, Raymond Bethley, Anastasia Borodina",United States of America,2020-02-28,2020,6.4,Horror,en,13.708,120,6.4,141129,695501,4.93
581526,Movie,Deliver Us from Evil,Hong Won-chan,"Hwang Jung-min, Lee Jung-jae, Park Jeong-min, Choi Hee-seo, Oh Dae-hwan",South Korea,2020-08-05,2020,6.9,"Crime, Action, Drama",ko,13.649,204,6.9,12000000,34662454,2.89
501979,Movie,Bill & Ted Face the Music,Dean Parisot,"Keanu Reeves, Alex Winter, Kristen Schaal, Samara Weaving, Jack Haven","Bahamas, Canada, United States of America",2020-08-27,2020,5.91,"Comedy, Science Fiction, Adventure",en,13.614,965,5.91,25000000,6274027,0.25
552269,Movie,Joe Bell,Reinaldo Marcus Green,"Mark Wahlberg, Reid Miller, Connie Britton, Maxwell Jenkins, Morgan Lily","Luxembourg, Switzerland, United States of America",2020-09-14,2020,6.5,Drama,en,13.525,242,6.5,3500000,1700000,0.49
429422,Movie,Capone,Josh Trank,"Tom Hardy, Linda Cardellini, Matt Dillon, Kyle MacLachlan, Kathrine Narducci","Canada, United States of America",2020-06-26,2020,5.0,"Crime, Drama",en,13.339,383,5.0,20600000,858281,0.04
632322,Movie,All My Life,Marc Meyers,"Jessica Rothe, Harry Shum Jr., Michael Masini, Chrissie Fit, Greg Vrotsos","China, United States of America",2020-10-23,2020,7.8,"Romance, Drama",en,12.252,491,7.8,25000000,2000000,0.08
601165,Movie,Legacy of Lies,Adrian Bol,"Scott Adkins, Honor Kneafsey, Martin McDougall, Yuliia Sobol, Anna Butkevych","Georgia, Netherlands, Poland, Ukraine, United Kingdom, United States of America",2020-07-28,2020,5.5,"Thriller, Action",en,12.183,232,5.5,4500000,94583,0.02
726739,Movie,Cats & Dogs 3: Paws Unite,Sean McNamara,"Melissa Rauch, Max Greenfield, George Lopez, Callum Seagram Airlie, Sarah Giles",United States of America,2020-10-02,2020,6.1,"Family, Comedy, Action",en,12.129,207,6.1,17000000,4200000,0.25
559974,Movie,Shock Wave 2,Herman Yau,"Andy Lau Tak-Wah, Sean Lau Ching-Wan, Ni Ni, Tse Kwan-Ho, Ron Ng Cheuk-Hai","China, Hong Kong",2020-12-24,2020,7.1,"Action, Crime, Thriller",cn,11.92,155,7.1,40000000,226400000,5.66
526019,Movie,Like a Boss,Miguel Arteta,"Tiffany Haddish, Rose Byrne, Salma Hayek Pinault, Karan Soni, Jacob Latimore",United States of America,2020-01-09,2020,6.3,Comedy,en,11.732,647,6.3,29000000,26900000,0.93
517412,Movie,Tesla,Michael Almereyda,"Ethan Hawke, Eve Hewson, Jim Gaffigan, Kyle MacLachlan, Donnie Keshawarz",United States of America,2020-08-14,2020,5.8,"History, Drama",en,11.648,334,5.8,5000000,459051,0.09
718840,Movie,A Nice Girl Like You,"Nick Riedell, Chris Riedell","Lucy Hale, Leonidas Gulaptis, Mindy Cohn, Jackie Cruz, Adhir Kalyan",United States of America,2020-07-18,2020,5.8,"Comedy, Romance",en,11.323,350,5.8,6100000,769234,0.13
613377,Movie,30 Days Max,Tarek Boudali,"Tarek Boudali, Philippe Lacheau, Julien Arruti, Vanessa Guide, José Garcia",France,2020-10-14,2020,5.5,"Comedy, Action",fr,11.1,363,5.5,13000000,11208529,0.86
523781,Movie,Words on Bathroom Walls,Thor Freudenthal,"Charlie Plummer, Molly Parker, Walton Goggins, Andy García, Taylor Russell",United States of America,2020-08-21,2020,7.8,"Drama, Romance",en,11.027,617,7.8,8000000,3151849,0.39
670428,Movie,PG: Psycho Goreman,Steven Kostanski,"Nita-Josee Hanna, Owen Myre, Matthew Ninaber, Steven Vlahos, Adam Brooks",Canada,2020-10-29,2020,6.0,"Science Fiction, Comedy, Horror",en,11.017,367,6.0,1700000,95384,0.06
637202,Movie,Fate/Grand Order the Movie: Divine Realm of the Round Table: Camelot Wandering; Agateram,Kei Suezawa,"Mamoru Miyano, Nobunaga Shimazaki, Rie Takahashi, Ayako Kawasumi, Maaya Sakamoto",Japan,2020-12-05,2020,7.2,"Animation, Action, Adventure, History, Drama, Fantasy",ja,11.014,66,7.2,2000000,3607899,1.8
619592,Movie,Force of Nature,Michael Polish,"Mel Gibson, Emile Hirsch, Kate Bosworth, David Zayas, Stephanie Cayo","Puerto Rico, United Kingdom, United States of America",2020-07-02,2020,5.1,"Action, Adventure, Crime, Thriller",en,10.862,524,5.1,15000000,638221,0.04
628241,Movie,Ala Vaikunthapurramuloo,Trivikram Srinivas,"Allu Arjun, Pooja Hegde, Murali Sharma, Jayaram, Sushanth",India,2020-01-12,2020,6.7,"Action, Comedy, Drama",te,10.802,88,6.7,14000000,28859072,2.06
694919,Movie,Money Plane,Andrew Lawrence,"Adam Copeland, Katrina Norman, Patrick Lamont Jr., Kelsey Grammer, Thomas Jane",United States of America,2020-09-29,2020,5.7,"Action, Crime, Thriller",en,10.59,281,5.7,568443,618,0.0
594669,Movie,Baaghi 3,Ahmed Khan,"Tiger Shroff, Ritesh Deshmukh, Shraddha Kapoor, Ankita Lokhande, Jameel Khoury",India,2020-03-06,2020,6.5,"Action, Adventure, Thriller",hi,10.582,117,6.5,7952450,18473570,2.32
615115,Movie,The Secrets We Keep,Yuval Adler,"Noomi Rapace, Joel Kinnaman, Chris Messina, Amy Seimetz, Victoria Hill",United States of America,2020-09-16,2020,6.0,"Thriller, History, Drama",en,10.476,257,6.0,7200000,615233,0.09
665488,Movie,Divorce Club,Michaël Youn,"Arnaud Ducret, François-Xavier Demaison, Caroline Anglade, Audrey Fleurot, Youssef Hajdi",France,2020-07-14,2020,5.757,Comedy,fr,10.297,237,5.757,9466480,5127426,0.54
539181,Movie,Relic,Natalie Erika James,"Emily Mortimer, Bella Heathcote, Robyn Nevin, Chris Bunton, Steve Rodgers","Australia, United States of America",2020-07-03,2020,6.1,"Horror, Mystery",en,10.198,749,6.1,1229578,3238539,2.63
627290,Movie,Antebellum,"Gerard Bush, Christopher Renz","Janelle Monáe, Eric Lange, Jena Malone, Jack Huston, Kiersey Clemons",United States of America,2020-09-02,2020,6.2,Horror,en,10.194,920,6.2,15000000,7060384,0.47
451184,Movie,Wasp Network,Olivier Assayas,"Penélope Cruz, Edgar Ramírez, Gael García Bernal, Ana de Armas, Wagner Moura","Belgium, Brazil, France, Spain",2020-01-29,2020,6.0,"Drama, History, Thriller",en,10.194,381,6.0,10530000,1400000,0.13
523366,Movie,Dragon Rider,Tomer Eshed,"Thomas Brodie-Sangster, Freddie Highmore, Felicity Jones, Patrick Stewart, Sanjeev Bhaskar","Belgium, Germany, Spain",2020-10-13,2020,7.1,"Animation, Family, Adventure, Fantasy",en,10.015,156,7.1,17800000,7000000,0.39
651881,Movie,Bye Bye Morons,Albert Dupontel,"Virginie Efira, Albert Dupontel, Nicolas Marié, Jackie Berroyer, Philippe Uchan",France,2020-10-21,2020,7.2,"Comedy, Drama",fr,9.829,880,7.2,9700000,16955173,1.75
637053,Movie,Shithouse,Cooper Raiff,"Cooper Raiff, Dylan Gelula, Amy Landecker, Logan Miller, Olivia Scott Welch",United States of America,2020-10-16,2020,6.954,"Comedy, Drama, Romance",en,9.753,174,6.954,80000,18370,0.23
498402,Movie,Aline,Valérie Lemercier,"Valérie Lemercier, Sylvain Marcel, Arnaud Préchac, Denis Lefrançois, Danielle Fichaud","Belgium, Canada, France, Spain, United States of America",2020-11-19,2020,6.7,"Music, Comedy, Drama, Family",fr,9.669,358,6.7,25900000,11131254,0.43
585257,Movie,Fire,Alexey Nuzhnyy,"Konstantin Khabenskiy, Andrey Smolyakov, Irina Gorbacheva, Victor Dobronravov, Ivan Yankovsky",Russia,2020-12-24,2020,8.2,"Action, Drama",ru,9.293,166,8.2,7000000,12916151,1.85
575718,Movie,Secret Zoo,Son Jae-gon,"Ahn Jae-hong, Kang So-ra, Park Young-kyu, Kim Seung-o, Jeon Yeo-been",South Korea,2020-01-15,2020,6.2,"Comedy, Drama",ko,8.609,71,6.2,8100000,8300000,1.02
566927,Movie,Impractical Jokers: The Movie,Chris Henchy,"Paula Abdul, Joe Gatto, James Murray, Brian Quinn, Sal Vulcano",United States of America,2020-02-21,2020,6.6,Comedy,en,8.423,151,6.6,3000000,10700000,3.57
575089,Movie,One Second,Zhang Yimou,"Liu Haocun, Zhang Yi, Fan Wei, Yu Ailei, Shaobo Zhang","China, Hong Kong",2020-11-27,2020,7.453,"Drama, History",zh,7.639,96,7.453,1250000,10791301,8.63
589049,Movie,The Photograph,Stella Meghie,"Issa Rae, LaKeith Stanfield, Chanté Adams, Y'lan Noel, Kelvin Harrison, Jr.","United States of America, China",2020-02-14,2020,6.4,"Drama, Romance",en,7.621,210,6.4,16000000,20690779,1.29
575463,Movie,Mama Weed,Jean-Paul Salomé,"Isabelle Huppert, Liliane Rovère, Hippolyte Girardot, Iris Bry, Pierre Rousselet","Belgium, France",2020-09-09,2020,5.8,"Crime, Drama, Comedy",fr,7.285,267,5.8,5080800,5460628,1.07
644712,Movie,Street Dancer 3D,Remo D'Souza,"Varun Dhawan, Shraddha Kapoor, Nora Fatehi, Prabhu Deva, Punit Pathak",India,2020-01-24,2020,6.6,Drama,hi,6.98,37,6.6,9204790,12589965,1.37
593402,Movie,Tolo Tolo,Checco Zalone,"Checco Zalone, Manda Touré, Nassor Said Birya, Souleymane Sylla, Giovanni D'Addario",Italy,2020-01-01,2020,6.114,"Comedy, Drama, Family",it,6.822,1245,6.114,20000000,52186426,2.61
601297,Movie,My Cousin,Jan Kounen,"Vincent Lindon, François Damiens, Pascale Arbillot, Alix Poisson, Séverine Vasselin",France,2020-09-30,2020,5.475,Comedy,fr,6.748,102,5.475,10854516,2982559,0.27
619918,Movie,Ella Bella Bingo,"Atle Solberg Blakseth, Frank Mosvold","Ninni Spone, Bjarte Hjelmeland, Oskar Fjeldstad-Bergheim, Elias Søvold-Simonsen, Johannes Joner",Norway,2020-01-24,2020,6.6,"Animation, Family",no,6.365,61,6.6,6000000,1339784,0.22
661043,Movie,Malang,Mohit Suri,"Aditya Roy Kapur, Disha Patani, Anil Kapoor, Kunal Khemu, Elli Avram",India,2020-02-06,2020,7.0,"Romance, Action, Adventure, Crime, Thriller",hi,6.318,54,7.0,7907534,11136444,1.41
634649,Movie,Spider-Man: No Way Home,Jon Watts,"Tom Holland, Zendaya, Benedict Cumberbatch, Jacob Batalon, Jon Favreau",United States of America,2021-12-15,2021,7.949,"Action, Adventure, Science Fiction",en,169.128,20558,7.949,200000000,1921847111,9.61
568124,Movie,Encanto,"Byron Howard, Jared Bush","Stephanie Beatriz, María Cecilia Botero, John Leguizamo, Diane Guerrero, Jessica Darrow",United States of America,2021-10-13,2021,7.6,"Animation, Comedy, Family, Fantasy",en,161.851,9621,7.6,135000000,261289554,1.94
592695,Movie,Pleasure,Ninja Thyberg,"Sofia Kappel, Zelda Morrison, Tee Reel, Evelyn Claire, Chris Cock","France, Netherlands, Sweden",2021-10-08,2021,6.2,Drama,sv,149.008,593,6.2,1800000,393824,0.22
438631,Movie,Dune,Denis Villeneuve,"Timothée Chalamet, Rebecca Ferguson, Oscar Isaac, Jason Momoa, Stellan Skarsgård",United States of America,2021-09-15,2021,7.783,"Science Fiction, Adventure",en,148.343,13242,7.783,165000000,407573628,2.47
637649,Movie,Wrath of Man,Guy Ritchie,"Jason Statham, Holt McCallany, Josh Hartnett, Scott Eastwood, Darrell D'Silva","United Kingdom, United States of America",2021-04-22,2021,7.6,"Crime, Action, Thriller",en,142.167,5483,7.6,40000000,103966489,2.6
566525,Movie,Shang-Chi and the Legend of the Ten Rings,Destin Daniel Cretton,"Simu Liu, Tony Leung, Awkwafina, Ben Kingsley, Meng'er Zhang",United States of America,2021-09-01,2021,7.528,"Action, Adventure, Fantasy",en,105.015,9583,7.528,150000000,432243292,2.88
588228,Movie,The Tomorrow War,Chris McKay,"Chris Pratt, Yvonne Strahovski, J.K. Simmons, Betty Gilpin, Sam Richardson",United States of America,2021-09-03,2021,7.5,"Action, Science Fiction, Adventure",en,102.771,3597,7.5,200000000,14400000,0.07
436969,Movie,The Suicide Squad,James Gunn,"Margot Robbie, Idris Elba, John Cena, Joel Kinnaman, Sylvester Stallone",United States of America,2021-07-28,2021,7.5,"Action, Comedy, Adventure",en,98.942,8781,7.5,185000000,168717425,0.91
580489,Movie,Venom: Let There Be Carnage,Andy Serkis,"Tom Hardy, Woody Harrelson, Michelle Williams, Naomie Harris, Reid Scott",United States of America,2021-09-30,2021,6.779,"Science Fiction, Action, Adventure",en,89.57,10523,6.779,110000000,506863592,4.61
438695,Movie,Sing 2,Garth Jennings,"Matthew McConaughey, Reese Witherspoon, Scarlett Johansson, Taron Egerton, Bobby Cannavale",United States of America,2021-12-01,2021,7.9,"Animation, Family, Music, Comedy",en,87.401,4462,7.9,85000000,408402685,4.8
423108,Movie,The Conjuring: The Devil Made Me Do It,Michael Chaves,"Patrick Wilson, Vera Farmiga, Ruairí O'Connor, Sarah Catherine Hook, Julian Hilliard",United States of America,2021-05-25,2021,7.413,"Horror, Mystery, Thriller",en,84.069,5989,7.413,39000000,206431050,5.29
337404,Movie,Cruella,Craig Gillespie,"Emma Stone, Emma Thompson, Joel Fry, Paul Walter Hauser, John McCrea",United States of America,2021-05-26,2021,8.0,"Comedy, Crime, Family, Adventure",en,77.82,9474,8.0,200000000,233503234,1.17
508943,Movie,Luca,Enrico Casarosa,"Jacob Tremblay, Jack Dylan Grazer, Emma Berman, Saverio Raimondo, Maya Rudolph",United States of America,2021-06-17,2021,7.8,"Animation, Comedy, Fantasy, Adventure, Family",en,76.274,8453,7.8,200000000,51074773,0.26
524434,Movie,Eternals,Chloé Zhao,"Gemma Chan, Richard Madden, Angelina Jolie, Salma Hayek Pinault, Kumail Nanjiani",United States of America,2021-11-03,2021,6.83,"Science Fiction, Action, Adventure",en,76.082,8433,6.83,200000000,402064899,2.01
460458,Movie,Resident Evil: Welcome to Raccoon City,Johannes Roberts,"Kaya Scodelario, Hannah John-Kamen, Robbie Amell, Tom Hopper, Avan Jogia","France, Germany, United States of America",2021-11-24,2021,5.965,"Action, Horror, Science Fiction",en,75.214,2484,5.965,25000000,41914915,1.68
527774,Movie,Raya and the Last Dragon,"Don Hall, Carlos López Estrada","Kelly Marie Tran, Awkwafina, Gemma Chan, Alan Tudyk, Izaac Wang",United States of America,2021-03-03,2021,7.841,"Animation, Family, Fantasy, Action, Adventure",en,73.729,6867,7.841,100000000,130423032,1.3
497698,Movie,Black Widow,Cate Shortland,"Scarlett Johansson, Florence Pugh, Rachel Weisz, David Harbour, Ray Winstone",United States of America,2021-07-07,2021,7.214,"Action, Adventure, Science Fiction",en,67.127,10367,7.214,200000000,379751131,1.9
624860,Movie,The Matrix Resurrections,Lana Wachowski,"Keanu Reeves, Carrie-Anne Moss, Yahya Abdul-Mateen II, Jonathan Groff, Jessica Henwick",United States of America,2021-12-16,2021,6.388,"Science Fiction, Action, Adventure",en,66.005,5882,6.388,190000000,156497322,0.82
744275,Movie,After We Fell,Castille Landon,"Josephine Langford, Hero Fiennes Tiffin, Louise Lombard, Chance Perdomo, Rob Estes","France, United States of America, Bulgaria",2021-09-01,2021,7.04,"Romance, Drama",en,65.872,2621,7.04,14000000,21753705,1.55
550988,Movie,Free Guy,Shawn Levy,"Ryan Reynolds, Jodie Comer, Joe Keery, Lil Rel Howery, Utkarsh Ambudkar",United States of America,2021-08-11,2021,7.485,"Comedy, Adventure, Science Fiction",en,64.853,8960,7.485,110000000,331526598,3.01
370172,Movie,No Time to Die,Cary Joji Fukunaga,"Daniel Craig, Léa Seydoux, Rami Malek, Lashana Lynch, Ralph Fiennes","United Kingdom, United States of America",2021-09-29,2021,7.4,"Action, Thriller, Adventure",en,63.917,6409,7.4,250000000,774153024,3.1
675445,Movie,PAW Patrol: The Movie,Cal Brunker,"Tyler Perry, Ron Pardo, Will Brisbin, Kingsley Marshall, Keegan Hedley","Canada, France, United States of America",2021-08-09,2021,7.4,"Animation, Family, Adventure, Comedy",en,61.446,1222,7.4,26000000,144327371,5.55
520763,Movie,A Quiet Place Part II,John Krasinski,"Emily Blunt, John Krasinski, Millicent Simmonds, Noah Jupe, Cillian Murphy",United States of America,2021-05-21,2021,7.475,"Science Fiction, Thriller, Horror",en,56.236,6693,7.475,55000000,297372261,5.41
412656,Movie,Chaos Walking,Doug Liman,"Tom Holland, Daisy Ridley, Mads Mikkelsen, Demián Bichir, David Oyelowo","Canada, Hong Kong, Luxembourg, United States of America",2021-02-24,2021,6.6,"Fantasy, Science Fiction, Adventure",en,55.838,2326,6.6,125000000,26508132,0.21
451048,Movie,Jungle Cruise,Jaume Collet-Serra,"Dwayne Johnson, Emily Blunt, Edgar Ramírez, Jack Whitehall, Jesse Plemons",United States of America,2021-07-28,2021,7.3,"Fantasy, Adventure",en,55.104,5771,7.3,200000000,220889446,1.1
615457,Movie,Nobody,Ilya Naishuller,"Bob Odenkirk, Aleksey Serebryakov, Connie Nielsen, Christopher Lloyd, Michael Ironside",United States of America,2021-03-18,2021,7.9,"Action, Thriller",en,54.192,7245,7.9,17000000,61779301,3.63
385128,Movie,F9,Justin Lin,"Vin Diesel, Michelle Rodriguez, Tyrese Gibson, Ludacris, John Cena",United States of America,2021-05-19,2021,7.056,"Action, Adventure, Crime",en,53.599,7289,7.056,200000000,726229501,3.63
459151,Movie,The Boss Baby: Family Business,Tom McGrath,"Alec Baldwin, James Marsden, Amy Sedaris, Ariana Greenblatt, Jeff Goldblum",United States of America,2021-07-01,2021,7.351,"Animation, Comedy, Adventure, Family",en,53.18,2551,7.351,82000000,146745280,1.79
512195,Movie,Red Notice,Rawson Marshall Thurber,"Dwayne Johnson, Ryan Reynolds, Gal Gadot, Ritu Arya, Chris Diamantopoulos",United States of America,2021-11-04,2021,6.8,"Action, Comedy, Crime",en,52.429,5913,6.8,160000000,178143,0.0
476669,Movie,The King's Man,Matthew Vaughn,"Ralph Fiennes, Gemma Arterton, Rhys Ifans, Matthew Goode, Tom Hollander","United Kingdom, United States of America",2021-12-22,2021,6.751,"Action, Adventure, Thriller",en,51.1,4632,6.751,100000000,125897478,1.26
399566,Movie,Godzilla vs. Kong,Adam Wingard,"Alexander Skarsgård, Rebecca Hall, Kaylee Hottle, Brian Tyree Henry, Millie Bobby Brown",United States of America,2021-03-24,2021,7.583,"Action, Science Fiction, Adventure",en,51.098,10098,7.583,200000000,470116094,2.35
776503,Movie,CODA,Siân Heder,"Emilia Jones, Marlee Matlin, Troy Kotsur, Eugenio Derbez, Ferdia Walsh-Peelo","France, United States of America",2021-08-13,2021,7.9,"Drama, Music, Romance",en,45.183,2297,7.9,10000000,1905058,0.19
460465,Movie,Mortal Kombat,Simon McQuoid,"Lewis Tan, Jessica McNamee, Mehcad Brooks, Josh Lawson, Ludi Lin",United States of America,2021-04-07,2021,7.026,"Action, Fantasy, Adventure",en,44.667,5914,7.026,20000000,84426031,4.22
568620,Movie,Snake Eyes: G.I. Joe Origins,Robert Schwentke,"Henry Golding, Andrew Koji, Haruka Abe, Úrsula Corberó, Samara Weaving","Canada, Japan, United States of America",2021-07-22,2021,6.486,"Action, Adventure",en,44.527,1578,6.486,88000000,36964325,0.42
602223,Movie,The Forever Purge,Everardo Gout,"Ana de la Reguera, Josh Lucas, Willow Beuoy, Leven Rambin, Will Patton",United States of America,2021-06-30,2021,6.9,"Action, Horror, Thriller",en,44.271,2526,6.9,18000000,76994245,4.28
631843,Movie,Old,M. Night Shyamalan,"Vicky Krieps, Gael García Bernal, Rufus Sewell, Alex Wolff, Thomasin McKenzie","China, United States of America",2021-07-21,2021,6.332,"Thriller, Mystery, Horror",en,43.707,4527,6.332,18000000,90146510,5.01
425909,Movie,Ghostbusters: Afterlife,Jason Reitman,"Mckenna Grace, Finn Wolfhard, Carrie Coon, Bokeem Woodbine, Paul Rudd","Canada, United States of America",2021-11-18,2021,7.356,"Fantasy, Comedy, Adventure, Science Fiction",en,41.643,4722,7.356,75000000,204334455,2.72
602269,Movie,The Little Things,John Lee Hancock,"Denzel Washington, Rami Malek, Jared Leto, Chris Bauer, Michael Hyatt",United States of America,2021-01-28,2021,6.334,"Drama, Crime, Thriller",en,40.649,2551,6.334,30000000,29942746,1.0
593395,Movie,Diabolik,"Antonio Manetti, Marco Manetti","Luca Marinelli, Miriam Leone, Valerio Mastandrea, Alessandro Roja, Serena Rossi",Italy,2021-12-16,2021,6.0,"Crime, Action, Mystery, Thriller",it,40.59,588,6.0,11000000,3189418,0.29
522931,Movie,Hitman's Wife's Bodyguard,Patrick Hughes,"Ryan Reynolds, Samuel L. Jackson, Salma Hayek Pinault, Antonio Banderas, Morgan Freeman","Bulgaria, France, Sweden, United States of America",2021-06-14,2021,6.668,"Action, Comedy, Crime, Thriller",en,38.926,2324,6.668,70000000,70060492,1.0
646380,Movie,Don't Look Up,Adam McKay,"Leonardo DiCaprio, Jennifer Lawrence, Meryl Streep, Cate Blanchett, Rob Morgan",United States of America,2021-12-08,2021,7.075,"Comedy, Science Fiction, Drama",en,38.701,8447,7.075,75000000,791863,0.01
454527,Movie,Benedetta,Paul Verhoeven,"Virginie Efira, Charlotte Rampling, Daphné Patakia, Lambert Wilson, Olivier Rabourdin","Belgium, France, Netherlands",2021-07-09,2021,6.6,"History, Drama, Romance",fr,38.079,1024,6.6,24350000,2652725,0.11
379686,Movie,Space Jam: A New Legacy,Malcolm D. Lee,"LeBron James, Don Cheadle, Cedric Joe, Jeff Bergman, Gabriel Iglesias",United States of America,2021-07-08,2021,6.7,"Family, Animation, Comedy, Science Fiction",en,37.519,4046,6.7,150000000,163692228,1.09
796499,Movie,Army of Thieves,Matthias Schweighöfer,"Matthias Schweighöfer, Nathalie Emmanuel, Ruby O. Fee, Stuart Martin, Guz Khan","Germany, United States of America",2021-10-29,2021,6.835,"Action, Crime, Comedy",en,36.312,2082,6.835,30000000,46900000,1.56
585245,Movie,Clifford the Big Red Dog,Walt Becker,"Darby Camp, Jack Whitehall, Izaac Wang, John Cleese, Tony Hale","Canada, United States of America",2021-11-10,2021,7.2,"Family, Adventure, Comedy, Fantasy, Animation",en,35.215,1742,7.2,64000000,107347356,1.68
503736,Movie,Army of the Dead,Zack Snyder,"Dave Bautista, Ella Purnell, Omari Hardwick, Ana de la Reguera, Theo Rossi",United States of America,2021-05-14,2021,6.2,"Action, Crime, Horror",en,35.08,4075,6.2,90000000,190700000,2.12
587807,Movie,Tom & Jerry,Tim Story,"Chloë Grace Moretz, Michael Peña, Colin Jost, Rob Delaney, Ken Jeong",United States of America,2021-02-10,2021,6.8,"Comedy, Family, Animation",en,32.125,2464,6.8,50000000,136536687,2.73
576845,Movie,Last Night in Soho,Edgar Wright,"Thomasin McKenzie, Anya Taylor-Joy, Matt Smith, Rita Tushingham, Michael Ajao",United Kingdom,2021-10-21,2021,7.3,"Horror, Mystery",en,31.756,3490,7.3,43000000,22957625,0.53
617653,Movie,The Last Duel,Ridley Scott,"Jodie Comer, Matt Damon, Adam Driver, Ben Affleck, Harriet Walter",United States of America,2021-10-13,2021,7.4,"History, Drama, Action",en,31.516,3444,7.4,100000000,30552111,0.31
614917,Movie,King Richard,Reinaldo Marcus Green,"Will Smith, Aunjanue Ellis-Taylor, Saniyya Sidney, Demi Singleton, Jon Bernthal",United States of America,2021-11-18,2021,7.6,"Drama, History",en,31.459,2547,7.6,50000000,39400000,0.79
522478,Movie,Peter Rabbit 2: The Runaway,Will Gluck,"James Corden, Rose Byrne, Domhnall Gleeson, David Oyelowo, Margot Robbie","Australia, United States of America",2021-03-25,2021,7.1,"Family, Adventure, Animation",en,31.139,816,7.1,45000000,153000000,3.4
283566,Movie,Evangelion: 3.0+1.0 Thrice Upon a Time,"Kazuya Tsurumaki, Mahiro Maeda, Katsuichi Nakayama, Hideaki Anno","Megumi Ogata, Yuko Miyamura, Maaya Sakamoto, Megumi Hayashibara, Kotono Mitsuishi",Japan,2021-03-08,2021,8.237,"Animation, Action, Science Fiction, Drama",ja,29.657,826,8.237,29700000,93882453,3.16
634528,Movie,The Marksman,Robert Lorenz,"Liam Neeson, Jacob Perez, Katheryn Winnick, Teresa Ruiz, Sean A. Rosales",United States of America,2021-01-15,2021,6.828,"Action, Drama, Thriller",en,29.442,1617,6.828,23000000,23076711,1.0
602734,Movie,Spiral: From the Book of Saw,Darren Lynn Bousman,"Chris Rock, Samuel L. Jackson, Max Minghella, Marisol Nichols, Dan Petronijevic",United States of America,2021-05-12,2021,5.941,"Horror, Mystery",en,29.292,2066,5.941,20000000,40618920,2.03
513310,Movie,Boss Level,Joe Carnahan,"Frank Grillo, Mel Gibson, Naomi Watts, Will Sasso, Annabelle Wallis","United Kingdom, United States of America",2021-02-19,2021,6.9,"Action, Science Fiction, Thriller",en,28.639,1663,6.9,45000000,2000000,0.04
632357,Movie,The Unholy,Evan Spiliotopoulos,"Jeffrey Dean Morgan, Cricket Brown, William Sadler, Katie Aselton, Cary Elwes",United States of America,2021-03-31,2021,6.6,"Horror, Mystery",en,28.617,2176,6.6,10000000,30800000,3.08
619778,Movie,Malignant,James Wan,"Annabelle Wallis, Maddie Hasson, George Young, Michole Briana White, Susanna Thompson",United States of America,2021-09-01,2021,6.768,"Horror, Mystery",en,28.6,2370,6.768,40000000,34891791,0.87
588921,Movie,AINBO: Spirit of the Amazon,"José Zelada, Richard Claus","Lola Raie, Alejandra Gollas, Thom Hoffman, Bernardo de Paula, Dino Andrade",Peru,2021-02-09,2021,7.0,"Adventure, Animation, Family, Fantasy",en,27.579,439,7.0,10000000,10237061,1.02
585216,Movie,Escape Room: Tournament of Champions,Adam Robitel,"Taylor Russell, Logan Miller, Indya Moore, Holland Roden, Thomas Cocquerel",United States of America,2021-07-01,2021,6.531,"Horror, Thriller, Mystery",en,27.489,2065,6.531,15000000,65774490,4.38
482373,Movie,Don't Breathe 2,Rodo Sayagues,"Stephen Lang, Madelyn Grace, Brendan Sexton III, Adam Young, Rocci Williams",United States of America,2021-08-12,2021,7.0,"Thriller, Horror",en,26.472,2602,7.0,15000000,53785551,3.59
644495,Movie,House of Gucci,Ridley Scott,"Lady Gaga, Adam Driver, Al Pacino, Jeremy Irons, Jared Leto","Canada, United States of America",2021-11-24,2021,6.6,"History, Drama, Crime",en,26.277,3162,6.6,75000000,153235995,2.04
660120,Movie,The Worst Person in the World,Joachim Trier,"Renate Reinsve, Anders Danielsen Lie, Herbert Nordrum, Hans Olav Brenner, Helene Bjørnebye","Norway, Sweden, Denmark, France",2021-10-13,2021,7.5,"Drama, Romance, Comedy",no,26.061,1438,7.5,5000000,11800000,2.36
559907,Movie,The Green Knight,David Lowery,"Dev Patel, Alicia Vikander, Joel Edgerton, Sarita Choudhury, Sean Harris","Canada, Ireland, United States of America",2021-07-29,2021,6.597,"Adventure, Drama, Fantasy",en,26.045,1948,6.597,15000000,18887953,1.26
693113,Movie,Midnight in the Switchgrass,Randall Emmett,"Megan Fox, Bruce Willis, Emile Hirsch, Lukas Haas, Caitlin Carmichael","Puerto Rico, United States of America",2021-07-23,2021,5.9,"Crime, Mystery, Thriller, Action",en,25.946,430,5.9,15000000,229811,0.02
630240,Movie,Titane,Julia Ducournau,"Vincent Lindon, Agathe Rousselle, Garance Marillier, Laïs Salameh, Mara Cissé","Belgium, France",2021-07-14,2021,6.36,"Drama, Thriller, Horror",fr,25.615,1487,6.36,6600000,4982335,0.75
589761,Movie,Chernobyl: Abyss,Danila Kozlovsky,"Danila Kozlovsky, Oksana Akinshina, Philipp Avdeev, Ravshana Kurkova, Arthur Beschastny",Russia,2021-04-15,2021,6.2,"Drama, History, Adventure, Action, Fantasy, Mystery",ru,24.706,520,6.2,9100000,6459306,0.71
581734,Movie,Nomadland,Chloé Zhao,"Frances McDormand, David Strathairn, Linda May, Swankie, Gay DeForest",United States of America,2021-01-29,2021,7.2,Drama,en,24.362,3039,7.2,5000000,39458207,7.89
610253,Movie,Halloween Kills,David Gordon Green,"Jamie Lee Curtis, Judy Greer, Andi Matichak, James Jude Courtney, Nick Castle",United States of America,2021-10-14,2021,6.4,"Horror, Thriller, Action, Drama",en,24.27,2716,6.4,20000000,133423964,6.67
597208,Movie,Nightmare Alley,Guillermo del Toro,"Bradley Cooper, Cate Blanchett, Toni Collette, Willem Dafoe, Richard Jenkins",United States of America,2021-12-02,2021,6.982,"Crime, Drama, Thriller",en,24.024,2983,6.982,60000000,39629195,0.66
592508,Movie,Sooryavanshi,Rohit Shetty,"Akshay Kumar, Katrina Kaif, Javed Jaffrey, Kumud Mishra, Abhimanyu Singh",India,2021-11-05,2021,5.8,"Action, Crime, Thriller",hi,23.65,162,5.8,13000000,35000000,2.69
637693,Movie,Spirit Untamed,Elaine Bogan,"Isabela Merced, Julianne Moore, Marsai Martin, Mckenna Grace, Walton Goggins",United States of America,2021-05-20,2021,7.3,"Animation, Adventure, Family",en,23.411,522,7.3,30000000,17635215,0.59
542178,Movie,The French Dispatch,Wes Anderson,"Benicio del Toro, Adrien Brody, Tilda Swinton, Léa Seydoux, Frances McDormand",United States of America,2021-10-21,2021,7.032,"Drama, Comedy",en,22.717,2649,7.032,25000000,46333545,1.85
630004,Movie,The Vault,Jaume Balagueró,"Freddie Highmore, Astrid Bergès-Frisbey, Jose Coronado, Liam Cunningham, Sam Riley","France, Spain",2021-03-04,2021,6.8,"Drama, Action, Thriller",en,22.102,967,6.8,15000000,8804000,0.59
516329,Movie,Antlers,Scott Cooper,"Keri Russell, Jesse Plemons, Jeremy T. Thomas, Graham Greene, Scott Haze",United States of America,2021-10-28,2021,6.2,"Drama, Horror, Mystery",en,21.49,1115,6.2,17000000,18867659,1.11
524369,Movie,The Many Saints of Newark,Alan Taylor,"Alessandro Nivola, Leslie Odom Jr., Michael Gandolfini, Ray Liotta, Michela De Rossi",United States of America,2021-09-22,2021,6.3,"Crime, Drama",en,21.326,677,6.3,50000000,13037403,0.26
718032,Movie,Licorice Pizza,Paul Thomas Anderson,"Alana Haim, Cooper Hoffman, Sean Penn, Tom Waits, Bradley Cooper","Canada, United States of America",2021-11-26,2021,6.972,"Drama, Comedy, Romance",en,20.96,2302,6.972,40000000,33276075,0.83
623511,Movie,The Burning Sea,John Andreas Andersen,"Kristine Kujath Thorp, Henrik Bjelland, Rolf Kristian Larsen, Anders Baasmo Christiansen, Bjørn Floberg",Norway,2021-10-29,2021,6.6,"Action, Adventure, Thriller",no,20.905,254,6.6,8300000,2836382,0.34
578701,Movie,Those Who Wish Me Dead,Taylor Sheridan,"Angelina Jolie, Finn Little, Jon Bernthal, Nicholas Hoult, Aidan Gillen","Canada, United States of America",2021-05-05,2021,6.6,"Thriller, Action",en,20.38,1669,6.6,20000000,23384502,1.17
525660,Movie,Dynasty Warriors,Roy Chow Hin-Yeung,"Wang Kai, Han Geng, Louis Koo, Tony Yang, Ray Lui","China, Hong Kong, Japan",2021-04-27,2021,5.9,"Action, Adventure, Fantasy",cn,19.898,135,5.9,38504400,3310000,0.09
681887,Movie,Cosmic Sin,Edward Drake,"Bruce Willis, Adelaide Kane, Frank Grillo, Lochlyn Munro, Costas Mandylor",United States of America,2021-03-12,2021,4.0,"Science Fiction, Action, Adventure",en,19.107,550,4.0,20000000,349757,0.02
581389,Movie,Space Sweepers,Jo Sung-hee,"Song Joong-ki, Kim Tae-ri, Yoo Hai-jin, Jin Sun-kyu, Richard Armitage",South Korea,2021-02-05,2021,7.07,"Drama, Fantasy, Science Fiction",ko,18.527,1042,7.07,21000000,24571,0.0
738652,Movie,Copshop,Joe Carnahan,"Gerard Butler, Frank Grillo, Alexis Louder, Toby Huss, Chad L. Coleman",United States of America,2021-09-09,2021,6.3,"Thriller, Crime, Action",en,18.516,795,6.3,43500000,6807158,0.16
763329,Movie,Red Rocket,Sean Baker,"Simon Rex, Suzanna Son, Bree Elrod, Ethan Darbone, Brenda Deiss",United States of America,2021-12-10,2021,6.8,"Drama, Comedy",en,18.322,512,6.8,1100000,2200000,2.0
663260,Movie,Black Box,Yann Gozlan,"Pierre Niney, Lou de Laâge, André Dussollier, Sébastien Pouderoux, Olivier Rabourdin",France,2021-09-08,2021,7.334,"Mystery, Thriller, Drama",fr,17.909,1265,7.334,10722240,9738741,0.91
567690,Movie,Dear Evan Hansen,Stephen Chbosky,"Ben Platt, Amy Adams, Kaitlyn Dever, Danny Pino, Julianne Moore","Japan, United States of America",2021-09-24,2021,6.3,Drama,en,17.779,332,6.3,27500000,19133454,0.7
597890,Movie,Voyagers,Neil Burger,"Tye Sheridan, Lily-Rose Depp, Fionn Whitehead, Colin Farrell, Chanté Adams","Czech Republic, Romania, United Kingdom, United States of America",2021-04-08,2021,6.0,"Science Fiction, Thriller",en,17.743,884,6.0,20000000,4298184,0.21
579047,Movie,Reminiscence,Lisa Joy,"Hugh Jackman, Rebecca Ferguson, Thandiwe Newton, Cliff Curtis, Marina de Tavira",United States of America,2021-08-18,2021,6.587,"Mystery, Science Fiction",en,17.735,1799,6.587,68000000,18717947,0.28
785663,Movie,Old Henry,Potsy Ponciroli,"Tim Blake Nelson, Scott Haze, Gavin Lewis, Stephen Dorff, Trace Adkins",United States of America,2021-10-01,2021,7.3,"Western, Action",en,17.723,588,7.3,1500000,77463,0.05
616651,Movie,Stillwater,Tom McCarthy,"Matt Damon, Camille Cottin, Abigail Breslin, Lilou Siauvaud, Deanna Dunagan","France, United States of America",2021-07-29,2021,6.6,"Drama, Crime, Thriller",en,17.573,1267,6.6,20000000,19754272,0.99
615643,Movie,Minari,Lee Isaac Chung,"Steven Yeun, Han Ye-ri, Youn Yuh-jung, Will Patton, Alan Kim",United States of America,2021-02-12,2021,7.338,Drama,en,17.498,1640,7.338,2000000,12900000,6.45
800497,Movie,Werewolves Within,Josh Ruben,"Sam Richardson, Milana Vayntrub, George Basil, Sarah Burns, Michael Chernus",United States of America,2021-06-25,2021,6.0,"Horror, Comedy",en,17.411,551,6.0,6500000,937490,0.14
573164,Movie,An Egg Rescue,"Gabriel Riva Palacio Alatriste, Rodolfo Riva Palacio Alatriste","Bruno Bichir, Maite Perroni, Carlos Espejel, Angélica Vale, Dione Riva Palacio Santacruz",Mexico,2021-08-12,2021,7.9,"Animation, Comedy, Adventure, Family",es,17.185,410,7.9,6400000,4093345,0.64
583406,Movie,Judas and the Black Messiah,Shaka King,"Daniel Kaluuya, LaKeith Stanfield, Jesse Plemons, Dominique Fishback, Ashton Sanders","Canada, United States of America",2021-02-12,2021,7.3,"Drama, History",en,16.81,1553,7.3,26000000,6416063,0.25
659940,Movie,The Marco Effect,Martin Zandvliet,"Ulrich Thomsen, Sofie Torp, Anders Matthesen, Zaki Youssef, Helle Pilar Larsen","Denmark, Germany",2021-05-27,2021,5.8,"Thriller, Crime",da,16.807,97,5.8,8000000,39300,0.0
623135,Movie,Sinkhole,Kim Ji-hoon,"Cha Seung-won, Kim Sung-kyun, Lee Kwang-soo, Kwon So-hyun, Kim Hye-jun",South Korea,2021-08-11,2021,6.9,"Comedy, Drama",ko,16.707,138,6.9,11400000,17970000,1.58
511809,Movie,West Side Story,Steven Spielberg,"Ansel Elgort, Rachel Zegler, Ariana DeBose, David Alvarez, Mike Faist",United States of America,2021-12-08,2021,7.0,"Drama, Romance, Crime",en,15.98,1588,7.0,100000000,76016171,0.76
529106,Movie,Major Grom: Plague Doctor,Oleg Trofim,"Tikhon Zhiznevsky, Lyubov Aksyonova, Aleksey Maklakov, Aleksandr Seteykin, Sergey Goroshko",Russia,2021-04-01,2021,6.7,"Action, Adventure",ru,15.898,601,6.7,10000000,4500000,0.45
758866,Movie,Drive My Car,Ryūsuke Hamaguchi,"Hidetoshi Nishijima, Toko Miura, Masaki Okada, Reika Kirishima, Park Yu-rim",Japan,2021-08-18,2021,7.4,Drama,ja,15.732,1300,7.4,1300000,15356046,11.81
643586,Movie,Willy's Wonderland,Kevin Lewis,"Nicolas Cage, Emily Tosta, Beth Grant, Ric Reitz, Chris Warner",United States of America,2021-02-12,2021,6.0,"Action, Horror, Comedy, Thriller",en,15.513,1016,6.0,5000000,431020,0.09
565028,Movie,Candyman,Nia DaCosta,"Yahya Abdul-Mateen II, Teyonah Parris, Colman Domingo, Nathan Stewart-Jarrett, Kyle Kaminsky","Canada, United States of America",2021-08-25,2021,6.0,"Horror, Mystery, Thriller",en,15.417,1589,6.0,25000000,77411570,3.1
424277,Movie,Annette,Leos Carax,"Adam Driver, Marion Cotillard, Simon Helberg, Devyn McDowell, Angèle","Belgium, France, Germany, Greece, Japan, Mexico, Switzerland",2021-07-07,2021,6.7,"Drama, Romance",fr,15.393,695,6.7,15500000,3700000,0.24
602666,Movie,Detective Chinatown 3,Chen Sicheng,"Wang Baoqiang, Liu Haoran, Satoshi Tsumabuki, Tony Jaa, Masami Nagasawa",China,2021-02-12,2021,5.6,"Action, Comedy, Mystery",zh,15.351,85,5.6,117000000,686257563,5.87
574060,Movie,Gunpowder Milkshake,Navot Papushado,"Karen Gillan, Lena Headey, Chloe Coleman, Carla Gugino, Michelle Yeoh","France, Germany, United States of America",2021-07-14,2021,6.3,"Action, Crime, Thriller",en,15.312,1037,6.3,30000000,1015760,0.03
557950,Movie,Mainstream,Gia Coppola,"Andrew Garfield, Maya Hawke, Nat Wolff, Jason Schwartzman, Johnny Knoxville",United States of America,2021-05-07,2021,6.4,"Comedy, Drama",en,14.985,309,6.4,5000000,49638,0.01
629017,Movie,Run Hide Fight,Kyle Rankin,"Isabel May, Thomas Jane, Radha Mitchell, Eli Brown, Olly Sholotan",United States of America,2021-06-17,2021,6.706,"Action, Crime, Thriller",en,14.897,304,6.706,2000000,34561,0.02
780382,Movie,The Wolf and the Lion,Gilles de Maistre,"Molly Kunz, Graham Greene, Charlie Carrick, Derek Johns, Rebecca Croll","Canada, France",2021-10-13,2021,7.5,"Family, Adventure, Drama",en,14.405,448,7.5,11900000,15300000,1.29
467909,Movie,In the Heights,Jon M. Chu,"Anthony Ramos, Corey Hawkins, Leslie Grace, Melissa Barrera, Olga Merediz",United States of America,2021-06-10,2021,7.2,"Drama, Romance",en,14.301,726,7.2,55000000,43000000,0.78
826749,Movie,Fortress,James Cullen Bressack,"Jesse Metcalfe, Bruce Willis, Chad Michael Murray, Kelly Greyson, Ser'Darius Blain",United States of America,2021-12-17,2021,5.7,"Action, Thriller, Crime",en,14.21,339,5.7,20000000,52169,0.0
714869,Movie,Serial (Bad) Weddings 3,Philippe de Chauveron,"Christian Clavier, Chantal Lauby, Ary Abittan, Medi Sadoun, Frédéric Chau",France,2021-12-21,2021,6.3,"Romance, Comedy",fr,14.145,383,6.3,22000000,27832384,1.27
598014,Movie,The Last Warrior: Emissary of Darkness,Dmitriy Dyachenko,"Viktor Horinyak, Mila Syvatska, Ekaterina Vilkova, Elena Yakovleva, Konstantin Lavronenko",Russia,2021-12-23,2021,7.1,"Fantasy, Adventure, Comedy",ru,14.09,56,7.1,7000000,29694624,4.24
793937,Movie,The School of the Magical Animals,Gregor Schnitzler,"Emilia Maier, Leonard Artur Conrads, Loris Sichrovsky, Nadja Uhl, Justus von Dohnányi","Austria, Germany",2021-10-14,2021,6.2,"Family, Adventure, Fantasy",de,13.995,86,6.2,11700000,22028248,1.88
635731,Movie,Pig,Michael Sarnoski,"Nicolas Cage, Alex Wolff, Adam Arkin, Nina Belforte, Gretchen Corbett","United Kingdom, United States of America",2021-07-16,2021,6.655,"Drama, Thriller, Mystery",en,13.954,1476,6.655,3000000,3889432,1.3
632617,Movie,C'mon C'mon,Mike Mills,"Joaquin Phoenix, Gaby Hoffmann, Woody Norman, Scoot McNairy, Molly Webster",United States of America,2021-11-19,2021,7.2,Drama,en,13.822,689,7.2,8300000,4300000,0.52
846867,Movie,Mad God,Phil Tippett,"Alex Cox, Niketa Roman, Satish Ratakonda, Arne Hain, Jake Freytag",United States of America,2021-09-17,2021,6.854,"Animation, Fantasy, Horror, Science Fiction, War",en,13.383,428,6.854,250000,322619,1.29
539565,Movie,Zola,Janicza Bravo,"Taylour Paige, Riley Keough, Colman Domingo, Nicholas Braun, Ari'el Stachel",United States of America,2021-06-30,2021,6.178,"Comedy, Crime",en,13.365,233,6.178,5000000,3500000,0.7
660942,Movie,The Innocents,Eskil Vogt,"Rakel Lenora Fløttum, Alva Brynsmo Ramstad, Sam Ashraf, Mina Yasmin Bremseth Asheim, Ellen Dorrit Petersen","Denmark, Finland, France, Norway, Sweden, United Kingdom",2021-09-03,2021,6.914,"Horror, Drama, Fantasy",no,13.293,617,6.914,3400000,322000,0.09
592863,Movie,Respect,Liesl Tommy,"Jennifer Hudson, Forest Whitaker, Marlon Wayans, Audra McDonald, Mary J. Blige","Canada, United States of America",2021-08-12,2021,6.8,"Drama, Music, History",en,13.039,427,6.8,55000000,31217372,0.57
777270,Movie,Belfast,Kenneth Branagh,"Jude Hill, Jamie Dornan, Caitríona Balfe, Lewis McAskie, Judi Dench",United Kingdom,2021-11-12,2021,7.1,"Drama, History",en,12.903,1514,7.1,11000000,49158343,4.47
554230,Movie,The Lost Daughter,Maggie Gyllenhaal,"Olivia Colman, Jessie Buckley, Dakota Johnson, Ed Harris, Paul Mescal","Greece, Israel, United Kingdom, United States of America",2021-12-15,2021,6.5,Drama,en,12.7,990,6.5,5000000,703281,0.14
749274,Movie,Cry Macho,Clint Eastwood,"Clint Eastwood, Eduardo Minett, Natalia Traven, Dwight Yoakam, Fernanda Urrejola",United States of America,2021-09-16,2021,5.954,"Drama, Western",en,12.505,1036,5.954,33000000,16510734,0.5
716612,Movie,Spencer,Pablo Larraín,"Kristen Stewart, Timothy Spall, Jack Nielen, Freddie Spry, Jack Farthing","Chile, Germany, United Kingdom, United States of America",2021-11-04,2021,6.8,"Drama, History",en,12.392,1670,6.8,18000000,14000000,0.78
728118,Movie,"Quo Vadis, Aida?",Jasmila Žbanić,"Jasna Đuričić, Izudin Bajrović, Boris Ler, Dino Bajrović, Johan Heldenbergh","Austria, Bosnia and Herzegovina, France, Germany, Netherlands, Norway, Poland, Romania, Turkey",2021-02-26,2021,7.6,"War, Drama, History",sr,12.389,412,7.6,4750000,813253,0.17
673309,Movie,American Underdog,"Jon Erwin, Andrew Erwin","Zachary Levi, Anna Paquin, Hayden Zaller, Ser'Darius Blain, Dennis Quaid",United States of America,2021-12-25,2021,7.1,"Drama, Family",en,12.088,363,7.1,25000000,26514814,1.06
644083,Movie,Twist,Martin Owen,"Raff Law, Michael Caine, Lena Headey, Sophie Simnett, Rita Ora",United Kingdom,2021-01-22,2021,5.9,"Crime, Drama, Action",en,11.925,183,5.9,2000000,510466,0.26
664300,Movie,Shiva Baby,Emma Seligman,"Rachel Sennott, Molly Gordon, Polly Draper, Danny Deferrari, Fred Melamed",United States of America,2021-03-26,2021,7.183,"Comedy, Drama",en,11.79,650,7.183,250000,359247,1.44
603206,Movie,Dream Horse,Euros Lyn,"Toni Collette, Owen Teale, Damian Lewis, Karl Johnson, Siân Phillips","United Kingdom, United States of America",2021-05-21,2021,7.0,"Comedy, Drama",en,11.783,126,7.0,20000000,6435260,0.32
779029,Movie,The Battle at Lake Changjin,"Tsui Hark, Chen Kaige, Dante Lam Chiu-Yin","Wu Jing, Jackson Yee, Duan Yihong, Zhu Yawen, Hu Jun","China, Hong Kong",2021-09-30,2021,5.915,"Drama, War",zh,11.687,106,5.915,200000000,902540935,4.51
604563,Movie,OSS 117: From Africa with Love,Nicolas Bedos,"Jean Dujardin, Pierre Niney, Wladimir Yordanoff, Fatou N'Diaye, Natacha Lindinger",France,2021-08-04,2021,5.652,"Comedy, Adventure, Action",fr,11.617,791,5.652,20400000,13457801,0.66
884452,Movie,The Ambush,Pierre Morel,"Marwan Abdullah, Khalifa Al Jassem, Mohammed Ahmed, Abdulla Saeed Bin Haider, Saeed Alharsh",United Arab Emirates,2021-11-25,2021,6.1,"War, Action, Drama",ar,11.115,47,6.1,40000000,5218666,0.13
501841,Movie,A Journal for Jordan,Denzel Washington,"Michael B. Jordan, Chanté Adams, Jalon Christian, Robert Wisdom, Tamara Tunie","Canada, United States of America",2021-12-22,2021,7.0,"Drama, Romance",en,11.103,118,7.0,25000000,6700000,0.27
712454,Movie,The Summit of the Gods,Patrick Imbert,"Éric Herson-Macarel, Damien Boisseau, Elisabeth Ventura, Lazare Herson-Macarel, Kylian Rehlinger","France, Luxembourg",2021-09-22,2021,7.8,"Animation, Adventure, Mystery",fr,10.836,356,7.8,9850000,1756552,0.18
481879,Movie,Die in a Gunfight,Collin Schiffli,"Diego Boneta, Alexandra Daddario, Travis Fimmel, Justin Chatwin, Wade Allain-Marcus",United States of America,2021-07-01,2021,5.4,"Action, Comedy, Romance",en,10.834,133,5.4,4000000,31395,0.01
693827,Movie,Lansky,Eytan Rockaway,"Harvey Keitel, Sam Worthington, John Magaro, Minka Kelly, David James Elliott",United States of America,2021-06-24,2021,6.048,"Crime, Drama, Thriller",en,10.437,145,6.048,5000000,136579,0.03
793285,Movie,God's Not Dead: We The People,Vance Null,"David A.R. White, Isaiah Washington, William Forsythe, Antonio Sabàto, Jr., Francesca Battistelli",United States of America,2021-10-04,2021,6.8,Drama,en,10.29,125,6.8,5000000,1200000,0.24
680813,Movie,Flee,Jonas Poher Rasmussen,"Amin Nawabi, Daniel Karimyar, Fardin Mijdzadeh, Milad Eskandari, Belal Faiz","Denmark, Estonia, France, Netherlands, Norway, Sweden, United Kingdom, United States of America",2021-06-17,2021,7.8,"Documentary, Animation",da,10.283,361,7.8,3400000,712229,0.21
749004,Movie,Petite Maman,Céline Sciamma,"Joséphine Sanz, Gabrielle Sanz, Nina Meurisse, Stéphane Varupenne, Margot Abascal",France,2021-06-02,2021,7.1,"Drama, Fantasy, Family",fr,10.135,393,7.1,3100000,1024575,0.33
730047,Movie,Cyrano,Joe Wright,"Peter Dinklage, Haley Bennett, Kelvin Harrison, Jr., Ben Mendelsohn, Monica Dolan","Canada, United Kingdom, United States of America",2021-04-14,2021,6.4,"Drama, Romance",en,10.135,301,6.4,20000000,3000000,0.15
660000,Movie,Lost Illusions,Xavier Giannoli,"Benjamin Voisin, Cécile de France, Vincent Lacoste, Xavier Dolan, Salomé Dewaels","Belgium, France",2021-10-20,2021,7.4,"Drama, Romance, History",fr,9.927,505,7.4,20800000,8600000,0.41
754067,Movie,Vicky and Her Mystery,Denis Imbert,"Vincent Elbaz, Shanna Keil, Marie Gillain, Eric Elmosnino, Tchéky Karyo",France,2021-12-15,2021,7.1,"Adventure, Family, Drama",fr,9.902,499,7.1,6500000,4181043,0.64
655082,Movie,Eiffel,Martin Bourboulon,"Romain Duris, Emma Mackey, Pierre Deladonchamps, Armande Boulanger, Andranic Manet","Belgium, France, Germany",2021-10-07,2021,6.3,"Romance, Drama",fr,9.844,671,6.3,26000000,13000000,0.5
577242,Movie,Kaamelott: The First Chapter,Alexandre Astier,"Alexandre Astier, Lionnel Astier, Anne Girouard, Thomas Cousseau, Franck Pitiot",France,2021-07-21,2021,6.634,"Adventure, Fantasy, Comedy",fr,9.425,692,6.634,17516235,19002036,1.08
800823,Movie,The Kids Are Alright: Destination Asturias,Santiago Segura,"Santiago Segura, Leo Harlem, El Cejas, David Guapo, Alan Miranda",Spain,2021-07-08,2021,5.6,"Comedy, Family",es,9.29,149,5.6,5300000,9600000,1.81
809717,Movie,Moonbound,Ali Samadi Ahadi,"Dirk Petrick, Roxana Samadi, Peter Simonischek, Tom Vogt, Raphael von Bargen","Austria, Germany",2021-06-24,2021,6.4,"Animation, Adventure, Comedy",de,9.128,89,6.4,2000000,6666618,3.33
712121,Movie,Sweat,Magnus von Horn,"Magdalena Koleśnik, Aleksandra Konieczna, Julian Świeżewski, Zbigniew Zamachowski, Tomasz Orpiński","Poland, Sweden",2021-03-12,2021,6.3,"Drama, Thriller",pl,8.5,89,6.3,1619835,11546,0.01
642684,Movie,Operation Portugal,Frank Cimière,"D'Jal, Léticia Belliccini, Serge Da Silva, Sarah Perles, Pierre Azéma",France,2021-06-23,2021,5.0,Comedy,fr,7.838,97,5.0,1400000,3795575,2.71
758891,Movie,"Hi, Mom",Jia Ling,"Jia Ling, Zhang Xiaofei, Shen Teng, Chen He, He Huan",China,2021-02-12,2021,7.0,"Drama, Comedy, Fantasy",zh,7.767,147,7.0,59000000,822049668,13.93
745611,Movie,Delicious,Éric Besnard,"Isabelle Carré, Grégory Gadebois, Benjamin Lavernhe, Guillaume de Tonquédec, Christian Bouillette","Belgium, France",2021-09-08,2021,6.9,"History, Comedy, Drama",fr,7.759,263,6.9,5000000,8356097,1.67
586101,Movie,Music,Sia,"Kate Hudson, Leslie Odom Jr., Maddie Ziegler, Mary Kay Place, Beto Calvillo",United States of America,2021-01-14,2021,5.4,"Music, Drama",en,7.672,147,5.4,16000000,645949,0.04
764686,Movie,The Divide,Catherine Corsini,"Marina Foïs, Valeria Bruni Tedeschi, Pio Marmaï, Aissatou Diallo Sagna, Jean-Louis Coulloc'h",France,2021-10-27,2021,6.6,Drama,fr,7.464,160,6.6,5000000,2178083,0.44
638965,Movie,Mandibles,Quentin Dupieux,"Grégoire Ludig, David Marsais, Adèle Exarchopoulos, India Hair, Bruno Lochet","Belgium, France",2021-05-19,2021,6.289,"Comedy, Fantasy",fr,7.318,557,6.289,4900000,2044087,0.42
607430,Movie,Nine Days,Edson Oda,"Winston Duke, Zazie Beetz, Benedict Wong, David Rysdahl, Arianna Ortiz",United States of America,2021-07-15,2021,6.8,"Drama, Fantasy",en,7.268,242,6.8,10000000,969204,0.1
662745,Movie,Monica and Friends: Lessons,Daniel Rezende,"Giulia Benite, Kevin Vechiatto, Laura Rauseo, Gabriel Moreira, Emilly Nayara",Brazil,2021-12-30,2021,8.2,"Family, Comedy, Drama, Adventure",pt,7.241,87,8.2,1900000,2100000,1.11
835551,Movie,Masquerade,Shane Dax Taylor,"Alyvia Alyn Lind, Bella Thorne, Mircea Monroe, Austin Nichols, Skyler Samuels",United States of America,2021-07-30,2021,5.675,Thriller,en,7.088,97,5.675,2500000,8866,0.0
601337,Movie,83,Kabir Khan,"Ranveer Singh, Pankaj Tripathi, Tahir Raj Bhasin, Jiiva, Saqib Saleem",India,2021-12-23,2021,7.1,"Drama, History",hi,6.849,55,7.1,36786988,25452983,0.69
675353,Movie,Sonic the Hedgehog 2,Jeff Fowler,"Ben Schwartz, James Marsden, Tika Sumpter, Colleen O'Shaughnessey, Idris Elba","Japan, United States of America",2022-03-30,2022,7.479,"Action, Adventure, Family, Comedy",en,212.009,5367,7.479,110000000,405421518,3.69
315162,Movie,Puss in Boots: The Last Wish,Joel Crawford,"Antonio Banderas, Salma Hayek Pinault, Harvey Guillén, Wagner Moura, Florence Pugh",United States of America,2022-12-07,2022,8.219,"Animation, Adventure, Fantasy, Comedy, Family",en,178.402,8031,8.219,90000000,484700000,5.39
361743,Movie,Top Gun: Maverick,Joseph Kosinski,"Tom Cruise, Miles Teller, Monica Barbaro, Lewis Pullman, Jay Ellis",United States of America,2022-05-21,2022,8.2,"Action, Drama",en,173.33,9616,8.2,170000000,1488732821,8.76
507086,Movie,Jurassic World Dominion,Colin Trevorrow,"Chris Pratt, Bryce Dallas Howard, Laura Dern, Sam Neill, Jeff Goldblum",United States of America,2022-06-01,2022,6.675,"Adventure, Action, Science Fiction",en,167.189,6260,6.675,165000000,1001978080,6.07
76600,Movie,Avatar: The Way of Water,James Cameron,"Sam Worthington, Zoe Saldaña, Sigourney Weaver, Stephen Lang, Kate Winslet",United States of America,2022-12-14,2022,7.608,"Science Fiction, Adventure, Action",en,163.801,12303,7.608,460000000,2320250281,5.04
453395,Movie,Doctor Strange in the Multiverse of Madness,Sam Raimi,"Benedict Cumberbatch, Xochitl Gomez, Elizabeth Olsen, Chiwetel Ejiofor, Benedict Wong",United States of America,2022-05-04,2022,7.267,"Fantasy, Action, Adventure",en,111.863,9379,7.267,200000000,955775804,4.78
414906,Movie,The Batman,Matt Reeves,"Robert Pattinson, Zoë Kravitz, Jeffrey Wright, Colin Farrell, Paul Dano",United States of America,2022-03-01,2022,7.659,"Crime, Mystery, Thriller",en,106.913,10676,7.659,185000000,772319315,4.17
505642,Movie,Black Panther: Wakanda Forever,Ryan Coogler,"Letitia Wright, Tenoch Huerta Mejía, Lupita Nyong'o, Danai Gurira, Winston Duke",United States of America,2022-11-09,2022,7.072,"Action, Adventure, Science Fiction",en,105.255,6690,7.072,250000000,859102154,3.44
508947,Movie,Turning Red,Domee Shi,"Rosalie Chiang, Sandra Oh, Ava Morse, Hyein Park, Maitreyi Ramakrishnan",United States of America,2022-03-10,2022,7.349,"Animation, Family, Comedy, Fantasy",en,89.84,5341,7.349,175000000,21328962,0.12
335787,Movie,Uncharted,Ruben Fleischer,"Tom Holland, Mark Wahlberg, Sophia Ali, Tati Gabrielle, Antonio Banderas",United States of America,2022-02-10,2022,6.918,"Action, Adventure",en,84.444,6140,6.918,120000000,407141258,3.39
545611,Movie,Everything Everywhere All at Once,"Daniel Scheinert, Daniel Kwan","Michelle Yeoh, Stephanie Hsu, Ke Huy Quan, James Hong, Jamie Lee Curtis",United States of America,2022-03-24,2022,7.759,"Action, Adventure, Science Fiction",en,82.099,6831,7.759,25000000,139200000,5.57
616037,Movie,Thor: Love and Thunder,Taika Waititi,"Chris Hemsworth, Natalie Portman, Christian Bale, Tessa Thompson, Taika Waititi",United States of America,2022-07-06,2022,6.422,"Fantasy, Action, Comedy",en,80.047,7778,6.422,250000000,760900000,3.04
882598,Movie,Smile,Parker Finn,"Sosie Bacon, Kyle Gallner, Jessie T. Usher, Robin Weigert, Caitlin Stasey",United States of America,2022-09-23,2022,6.7,"Horror, Mystery",en,79.871,3472,6.7,17000000,217408513,12.79
601796,Movie,Alienoid,Choi Dong-hoon,"Ryu Jun-yeol, Kim Woo-bin, Kim Tae-ri, So Ji-sub, Yum Jung-ah",South Korea,2022-07-20,2022,6.824,"Science Fiction, Action, Fantasy, Adventure",ko,79.338,455,6.824,24500000,12109608,0.49
438148,Movie,Minions: The Rise of Gru,Kyle Balda,"Steve Carell, Pierre Coffin, Alan Arkin, Taraji P. Henson, Michelle Yeoh",United States of America,2022-06-29,2022,7.303,"Animation, Comedy, Family, Adventure",en,76.441,3685,7.303,85000000,940203765,11.06
698508,Movie,Redeeming Love,D.J. Caruso,"Abigail Cowen, Tom Lewis, Eric Dane, Famke Janssen, Logan Marshall-Green","South Africa, United States of America",2022-01-21,2022,7.8,"Romance, Drama, Western",en,73.093,590,7.8,30000000,9464198,0.32
985939,Movie,Fall,Scott Mann,"Grace Caroline Currey, Virginia Gardner, Jeffrey Dean Morgan, Mason Gooding, Jasper Cole","United States of America, United Kingdom",2022-08-11,2022,7.1,Thriller,en,72.766,4038,7.1,3000000,17363261,5.79
585083,Movie,Hotel Transylvania: Transformania,"Jennifer Kluska, Derek Drymon","Brian Hull, Selena Gomez, Andy Samberg, Kathryn Hahn, Jim Gaffigan",United States of America,2022-01-31,2022,7.07,"Animation, Comedy, Family, Adventure, Fantasy",en,71.258,2822,7.07,75000000,18500000,0.25
937278,Movie,A Man Called Otto,Marc Forster,"Tom Hanks, Mariana Treviño, Cameron Britton, Mack Bayda, Manuel Garcia-Rulfo","Sweden, United States of America",2022-12-28,2022,7.77,"Comedy, Drama",en,70.786,2951,7.77,50000000,108961677,2.18
799155,Movie,Attack,Lakshya Raj Anand,"John Abraham, Serena Walia, Rakul Preet Singh, Prakash Raj, Ratna Pathak Shah",India,2022-04-01,2022,6.8,"Action, Science Fiction, Thriller",hi,70.477,208,6.8,9600000,2600000,0.27
615777,Movie,Babylon,Damien Chazelle,"Brad Pitt, Margot Robbie, Diego Calva, Jean Smart, Flea",United States of America,2022-12-22,2022,7.369,"Drama, Comedy",en,68.689,3253,7.369,78000000,63363579,0.81
663712,Movie,Terrifier 2,Damien Leone,"David Howard Thornton, Lauren LaVera, Elliott Fullam, Sarah Voigt, Kailey Hyman",United States of America,2022-10-06,2022,6.7,"Horror, Thriller",en,65.555,2191,6.7,250000,15741780,62.97
646385,Movie,Scream,"Tyler Gillett, Matt Bettinelli-Olpin","Melissa Barrera, Jenna Ortega, Mason Gooding, Jasmin Savoy Brown, Jack Quaid",United States of America,2022-01-12,2022,6.668,"Horror, Mystery",en,60.121,3396,6.668,24000000,137743924,5.74
436270,Movie,Black Adam,Jaume Collet-Serra,"Dwayne Johnson, Aldis Hodge, Noah Centineo, Sarah Shahi, Quintessa Swindell",United States of America,2022-10-19,2022,6.9,"Action, Adventure, Science Fiction",en,59.685,6446,6.9,200000000,393452111,1.97
338953,Movie,Fantastic Beasts: The Secrets of Dumbledore,David Yates,"Eddie Redmayne, Jude Law, Mads Mikkelsen, Ezra Miller, Dan Fogler","United Kingdom, United States of America",2022-04-06,2022,6.648,"Fantasy, Adventure",en,59.397,4613,6.648,200000000,407200000,2.04
840326,Movie,Sisu,Jalmari Helander,"Jorma Tommila, Aksel Hennie, Jack Doolan, Mimosa Willamo, Onni Tommila","Finland, United Kingdom, United States of America",2022-09-09,2022,7.42,"Action, War, Adventure",fi,57.31,2258,7.42,6200000,13000000,2.1
718930,Movie,Bullet Train,David Leitch,"Brad Pitt, Joey King, Aaron Taylor-Johnson, Brian Tyree Henry, Andrew Koji",United States of America,2022-08-03,2022,7.442,"Action, Comedy, Thriller",en,56.881,6475,7.442,90000000,239300000,2.66
629542,Movie,The Bad Guys,Pierre Perifel,"Sam Rockwell, Marc Maron, Awkwafina, Craig Robinson, Anthony Ramos",United States of America,2022-03-17,2022,7.546,"Family, Animation, Adventure, Comedy, Crime",en,56.759,2121,7.546,80000000,250162278,3.13
624091,Movie,Sri Asih,Upi Avianto,"Pevita Pearce, Reza Rahadian, Christine Hakim, Jefri Nichol, Dimas Anggara",Indonesia,2022-11-17,2022,6.5,"Action, Adventure, Science Fiction, Fantasy, Drama",id,56.731,140,6.5,1242172,4577403,3.68
593643,Movie,The Menu,Mark Mylod,"Anya Taylor-Joy, Ralph Fiennes, Nicholas Hoult, Janet McTeer, Paul Adelstein",United States of America,2022-11-17,2022,7.2,"Comedy, Horror, Thriller",en,56.518,5152,7.2,35000000,79628200,2.28
949423,Movie,Pearl,Ti West,"Mia Goth, David Corenswet, Tandi Wright, Matthew Sunderland, Emma Jenkins-Purro",United States of America,2022-09-16,2022,7.2,Horror,en,55.563,2102,7.2,1000000,10139416,10.14
799379,Movie,Project Wolf Hunting,Kim Hong-sun,"Seo In-guk, Jang Dong-yoon, Park Ho-san, Jung So-min, Ko Chang-seok",South Korea,2022-09-21,2022,6.378,"Action, Thriller, Horror, Crime",ko,54.948,374,6.378,9000000,20541,0.0
756999,Movie,The Black Phone,Scott Derrickson,"Mason Thames, Ethan Hawke, Madeleine McGraw, Jeremy Davies, E. Roger Mitchell",United States of America,2022-06-17,2022,7.6,"Horror, Thriller",en,54.003,5045,7.6,16000000,161440742,10.09
966220,Movie,Sniper: The White Raven,Marian Bushan,"Pavlo Aldoshyn, Maryna Koshkina, Andrii Mostrenko, Roman Semysal, Roman Yasinovskyi",Ukraine,2022-05-03,2022,7.641,"War, Action, Drama",uk,53.596,789,7.641,1000000,881,0.0
760104,Movie,X,Ti West,"Mia Goth, Jenna Ortega, Brittany Snow, Kid Cudi, Martin Henderson",United States of America,2022-03-17,2022,6.7,"Horror, Mystery, Thriller",en,53.229,3420,6.7,1000000,15113105,15.11
744276,Movie,After Ever Happy,Castille Landon,"Josephine Langford, Hero Fiennes Tiffin, Louise Lombard, Chance Perdomo, Rob Estes",United States of America,2022-08-24,2022,6.818,"Romance, Drama",en,52.901,1256,6.818,14000000,19238073,1.37
725201,Movie,The Gray Man,"Joe Russo, Anthony Russo","Ryan Gosling, Chris Evans, Ana de Armas, Billy Bob Thornton, Jessica Henwick",United States of America,2022-07-13,2022,6.9,"Action, Thriller",en,52.625,3750,6.9,200000000,454023,0.0
406759,Movie,Moonfall,Roland Emmerich,"Halle Berry, Patrick Wilson, John Bradley, Charlie Plummer, Kelly Yu","Hong Kong, United Kingdom, United States of America",2022-02-03,2022,6.297,"Science Fiction, Adventure, Action",en,50.703,3201,6.297,146000000,67319703,0.46
536554,Movie,M3GAN,Gerard Johnstone,"Allison Williams, Violet McGraw, Ronny Chieng, Amie Donald, Jenna Davis",United States of America,2022-12-28,2022,7.054,"Science Fiction, Horror",en,48.79,4155,7.054,12000000,181796517,15.15
619803,Movie,The Roundup,Lee Sang-yong,"Don Lee, Son Suk-ku, Choi Gwi-hwa, Park Ji-hwan, Heo Dong-won",South Korea,2022-05-18,2022,7.2,"Action, Crime, Thriller, Adventure",ko,47.271,332,7.2,7600000,101166707,13.31
752623,Movie,The Lost City,"Aaron Nee, Adam Nee","Sandra Bullock, Channing Tatum, Daniel Radcliffe, Da'Vine Joy Randolph, Brad Pitt",United States of America,2022-03-24,2022,6.493,"Action, Adventure, Comedy",en,46.959,3652,6.493,74000000,192907684,2.61
616820,Movie,Halloween Ends,David Gordon Green,"Jamie Lee Curtis, Andi Matichak, James Jude Courtney, Rohan Campbell, Will Patton",United States of America,2022-10-12,2022,6.1,"Horror, Thriller",en,44.306,1814,6.1,20000000,104374176,5.22
661374,Movie,Glass Onion: A Knives Out Mystery,Rian Johnson,"Daniel Craig, Edward Norton, Janelle Monáe, Kathryn Hahn, Leslie Odom Jr.",United States of America,2022-11-23,2022,7.051,"Comedy, Crime, Mystery",en,44.249,5749,7.051,40000000,15000000,0.38
639933,Movie,The Northman,Robert Eggers,"Alexander Skarsgård, Nicole Kidman, Claes Bang, Ethan Hawke, Anya Taylor-Joy",United States of America,2022-04-07,2022,7.048,"Action, Adventure, Fantasy",en,41.899,4447,7.048,70000000,69633110,0.99
717728,Movie,Jeepers Creepers: Reborn,Timo Vuorensola,"Sydney Craven, Imran Adams, Jarreau Benjamin, Peter Brooke, Ocean Navarro","United States of America, United Kingdom",2022-09-15,2022,5.406,"Horror, Thriller, Mystery",en,41.572,1000,5.406,5000000,6175213,1.24
579974,Movie,RRR,S. S. Rajamouli,"N.T. Rama Rao Jr., Ram Charan, Olivia Morris, Ray Stevenson, Alison Doody",India,2022-03-24,2022,7.747,"Action, Adventure, Drama",te,40.317,1358,7.747,69000000,160000000,2.32
718789,Movie,Lightyear,Angus MacLane,"Chris Evans, Keke Palmer, Peter Sohn, Taika Waititi, Dale Soules",United States of America,2022-06-15,2022,6.9,"Animation, Science Fiction, Family, Adventure",en,38.007,3491,6.9,200000000,226425420,1.13
818397,Movie,Memory,Martin Campbell,"Liam Neeson, Guy Pearce, Taj Atwal, Harold Torres, Ray Fearon",United States of America,2022-04-28,2022,6.8,"Action, Thriller, Crime",en,37.445,1526,6.8,30000000,13900000,0.46
724495,Movie,The Woman King,Gina Prince-Bythewood,"Viola Davis, Thuso Mbedu, Lashana Lynch, Sheila Atim, John Boyega","Canada, United States of America",2022-09-16,2022,7.7,"Action, Drama, History",en,37.3,2138,7.7,50000000,97300000,1.95
526896,Movie,Morbius,Daniel Espinosa,"Jared Leto, Matt Smith, Adria Arjona, Jared Harris, Tyrese Gibson",United States of America,2022-03-30,2022,5.984,"Action, Science Fiction, Fantasy",en,37.094,4386,5.984,75000000,167635712,2.24
785084,Movie,The Whale,Darren Aronofsky,"Brendan Fraser, Sadie Sink, Ty Simpkins, Hong Chau, Samantha Morton",United States of America,2022-12-09,2022,7.832,Drama,en,35.288,4052,7.832,3000000,55101305,18.37
668482,Movie,Roald Dahl's Matilda the Musical,Matthew Warchus,"Alisha Weir, Emma Thompson, Lashana Lynch, Stephen Graham, Andrea Riseborough",United Kingdom,2022-11-25,2022,6.78,"Family, Comedy, Fantasy",en,34.913,739,6.78,25000000,37289659,1.49
619730,Movie,Don't Worry Darling,Olivia Wilde,"Florence Pugh, Harry Styles, Chris Pine, Olivia Wilde, KiKi Layne",United States of America,2022-09-21,2022,6.799,"Mystery, Thriller",en,33.646,2582,6.799,35000000,86700000,2.48
556694,Movie,Three Thousand Years of Longing,George Miller,"Tilda Swinton, Idris Elba, Erdil Yaşaroğlu, Sabrina Elba, Sarah Houbolt","Australia, China, United Kingdom",2022-08-24,2022,6.9,"Drama, Fantasy, Romance",en,33.53,1396,6.9,60000000,20300000,0.34
807356,Movie,Watcher,Chloe Okuno,"Maika Monroe, Karl Glusman, Burn Gorman, Mãdãlina Anea, Daniel Nuta","United Arab Emirates, United States of America",2022-06-03,2022,6.485,"Horror, Mystery, Thriller",en,32.601,984,6.485,5000000,2543216,0.51
505026,Movie,Death on the Nile,Kenneth Branagh,"Kenneth Branagh, Tom Bateman, Annette Bening, Russell Brand, Ali Fazal",United States of America,2022-02-09,2022,6.4,"Mystery, Crime, Thriller",en,32.587,3771,6.4,90000000,137307235,1.53
760161,Movie,Orphan: First Kill,William Brent Bell,"Isabelle Fuhrman, Julia Stiles, Rossif Sutherland, Hiro Kanagawa, Matthew Finlan","Canada, United States of America",2022-07-27,2022,6.636,"Horror, Thriller",en,32.125,2143,6.636,10000000,9572765,0.96
497828,Movie,Triangle of Sadness,Ruben Östlund,"Harris Dickinson, Charlbi Dean, Woody Harrelson, Dolly de Leon, Zlatko Burić","Denmark, France, Germany, Greece, Mexico, Sweden, Switzerland, Turkey, United Kingdom, United States of America",2022-09-18,2022,7.064,"Comedy, Drama",en,31.037,2316,7.064,15600000,24733572,1.59
648579,Movie,The Unbearable Weight of Massive Talent,Tom Gormican,"Nicolas Cage, Pedro Pascal, Sharon Horgan, Ike Barinholtz, Alessandra Mastronardi",United States of America,2022-04-20,2022,6.8,"Action, Comedy, Crime",en,30.964,2089,6.8,30000000,29116320,0.97
763285,Movie,Ambulance,Michael Bay,"Jake Gyllenhaal, Yahya Abdul-Mateen II, Eiza González, Garret Dillahunt, Keir O'Donnell",United States of America,2022-03-16,2022,6.647,"Thriller, Action, Crime, Drama",en,30.912,2189,6.647,40000000,52303589,1.31
913290,Movie,Barbarian,Zach Cregger,"Georgina Campbell, Justin Long, Bill Skarsgård, Richard Brake, Matthew Patrick Davis",United States of America,2022-09-08,2022,6.8,"Horror, Mystery",en,30.837,2594,6.8,4500000,45400000,10.09
830784,Movie,"Lyle, Lyle, Crocodile","Josh Gordon, Will Speck","Shawn Mendes, Javier Bardem, Winslow Fegley, Constance Wu, Scoot McNairy","Italy, United States of America",2022-10-07,2022,7.0,"Comedy, Family, Music",en,30.752,592,7.0,50000000,104088441,2.08
614934,Movie,Elvis,Baz Luhrmann,"Austin Butler, Tom Hanks, Olivia DeJonge, Helen Thomson, Richard Roxburgh","Australia, United States of America",2022-06-22,2022,7.506,"Drama, Music, History",en,30.749,3498,7.506,85000000,288670284,3.4
762504,Movie,Nope,Jordan Peele,"Daniel Kaluuya, Keke Palmer, Brandon Perea, Michael Wincott, Steven Yeun",United States of America,2022-07-20,2022,6.8,"Horror, Mystery, Science Fiction",en,30.498,4269,6.8,68000000,170823080,2.51
539681,Movie,DC League of Super-Pets,Jared Stern,"Dwayne Johnson, Kevin Hart, John Krasinski, Keanu Reeves, Kate McKinnon","Canada, United States of America",2022-07-27,2022,7.2,"Animation, Action, Family, Comedy, Science Fiction",en,29.443,1589,7.2,90000000,203000000,2.26
653851,Movie,Devotion,J.D. Dillard,"Jonathan Majors, Glen Powell, Christina Jackson, Thomas Sadoski, Daren Kagasoff",United States of America,2022-11-23,2022,7.112,"War, Drama, Action",en,29.17,726,7.112,90000000,20000000,0.22
751237,Movie,Umma,Iris K. Shim,"Sandra Oh, Fivel Stewart, Dermot Mulroney, Odeya Rush, MeeWha Alana Lee",United States of America,2022-03-18,2022,5.4,"Horror, Mystery",en,28.638,300,5.4,3000000,2100000,0.7
575322,Movie,Project Gemini,Serik Beyseu,"Egor Koreshkov, Alyona Konstantinova, Konstantin Samoukov, Pyotr Romanov, Nikita Dyuvbanov",Russia,2022-01-06,2022,5.8,"Science Fiction, Horror",en,28.545,458,5.8,6000000,211674,0.04
587412,Movie,K.G.F: Chapter 2,Prashanth Neel,"Yash, Sanjay Dutt, Raveena Tandon, Srinidhi Shetty, Archana Jois",India,2022-04-14,2022,7.403,"Action, Thriller, Adventure, Crime",kn,28.072,159,7.403,13000000,90410749,6.95
951546,Movie,Reign of Chaos,Becca Hirani,"Rebecca Finch, Ray Whelan, Kate Milner Evans, Mark Sears, Peter Cosgrove",United Kingdom,2022-04-12,2022,5.5,"Action, Horror, Fantasy",en,27.914,42,5.5,10000,100,0.01
899112,Movie,Violent Night,Tommy Wirkola,"David Harbour, John Leguizamo, Beverly D'Angelo, Alex Hassell, Alexis Louder","Canada, United States of America",2022-11-30,2022,7.278,"Comedy, Action, Thriller, Fantasy",en,27.589,2256,7.278,20000000,75734910,3.79
674324,Movie,The Banshees of Inisherin,Martin McDonagh,"Colin Farrell, Brendan Gleeson, Kerry Condon, Barry Keoghan, Gary Lydon","United Kingdom, United States of America",2022-10-20,2022,7.5,"Drama, Comedy",en,27.531,2861,7.5,20000000,49300000,2.46
551271,Movie,Medieval,Petr Jákl,"Ben Foster, Sophie Lowe, Michael Caine, Roland Møller, Magnus Samuelsson","Czech Republic, United States of America",2022-09-08,2022,6.9,"Action, Drama, History",en,27.038,485,6.9,23000000,4311284,0.19
682507,Movie,Where the Crawdads Sing,Olivia Newman,"Daisy Edgar-Jones, Taylor John Smith, Harris Dickinson, Michael Hyatt, Sterling Macer Jr.",United States of America,2022-07-14,2022,7.563,"Drama, Mystery, Romance",en,26.219,1891,7.563,24000000,144353965,6.01
830788,Movie,The Invitation,Jessica M. Thompson,"Nathalie Emmanuel, Thomas Doherty, Sean Pertwee, Hugh Skinner, Carol Ann Crawford",United States of America,2022-08-24,2022,6.1,"Horror, Thriller",en,26.079,850,6.1,10000000,33628000,3.36
522016,Movie,The 355,Simon Kinberg,"Jessica Chastain, Lupita Nyong'o, Penélope Cruz, Diane Kruger, Fan Bingbing","United States of America, France, Hong Kong, Morocco, Taiwan",2022-01-05,2022,6.1,"Action, Adventure, Thriller",en,26.066,1031,6.1,75000000,55700000,0.74
803114,Movie,The Requin,Le Van Kiet,"Alicia Silverstone, James Tupper, Deirdre O'Connell, Danny Chung, Jennifer Mudge",United States of America,2022-01-28,2022,4.8,"Horror, Mystery, Thriller",en,25.88,340,4.8,8500000,130493,0.02
823625,Movie,Blacklight,Mark Williams,"Liam Neeson, Emmy Raver-Lampman, Taylor John Smith, Aidan Quinn, Tim Draxl","Australia, China, United States of America",2022-02-10,2022,6.2,"Action, Thriller, Adventure",en,25.481,1142,6.2,43000000,15902207,0.37
591120,Movie,The Pirates: The Last Royal Treasure,Kim Joung-hoon,"Kang Ha-neul, Han Hyo-joo, Lee Kwang-soo, Kwon Sang-woo, Chae Soo-bin",South Korea,2022-01-26,2022,6.5,"Action, Adventure, Comedy, Fantasy",ko,25.258,201,6.5,19597380,10247262,0.52
804095,Movie,The Fabelmans,Steven Spielberg,"Gabriel LaBelle, Michelle Williams, Paul Dano, Seth Rogen, Judd Hirsch",United States of America,2022-11-11,2022,7.6,Drama,en,24.861,2407,7.6,40000000,45629909,1.14
947938,Movie,Dolphin Boy,Mohammad Kheirandish,"Polina Avdeenko, Yuliya Rudina, Boris Khasanov, Yuliya Zorkina, Vasilisa Ruchimskaya","Germany, Iran, Russia, Turkey",2022-04-07,2022,6.4,"Animation, Adventure, Fantasy, Comedy",ru,24.695,74,6.4,4000000,2613252,0.65
869626,Movie,Marcel the Shell with Shoes On,Dean Fleischer Camp,"Jenny Slate, Dean Fleischer Camp, Isabella Rossellini, Joe Gabler, Shari Finkelstein",United States of America,2022-06-24,2022,7.7,"Animation, Comedy, Drama, Family",en,24.55,588,7.7,6000000,6909209,1.15
676701,Movie,"Tad, the Lost Explorer and the Emerald Tablet",Enrique Gato,"Óscar Barberán, Luis Posada, Michelle Jenner, Anuska Alborg, Alexandra Jiménez",Spain,2022-08-24,2022,7.5,"Animation, Adventure, Family, Comedy, Fantasy",es,24.154,313,7.5,11983950,32800000,2.74
420821,Movie,Chip 'n Dale: Rescue Rangers,Akiva Schaffer,"Andy Samberg, John Mulaney, KiKi Layne, Will Arnett, Eric Bana",United States of America,2022-05-20,2022,6.997,"Animation, Family, Comedy, Adventure, Mystery",en,23.585,1242,6.997,70000000,623190,0.01
676710,Movie,The Amazing Maurice,Toby Genkel,"Hugh Laurie, Emilia Clarke, David Thewlis, Himesh Patel, David Tennant","Belgium, Canada, Germany, United Kingdom",2022-12-16,2022,6.782,"Animation, Adventure, Comedy, Family, Fantasy",en,23.388,156,6.782,17000000,21110363,1.24
634429,Movie,Shin Ultraman,Shinji Higuchi,"Takumi Saitoh, Masami Nagasawa, Hidetoshi Nishijima, Daiki Arioka, Akari Hayami",Japan,2022-05-13,2022,7.184,"Action, Science Fiction",ja,23.258,179,7.184,5500000,34441594,6.26
626735,Movie,Dog,"Channing Tatum, Reid Carolin","Channing Tatum, Aavi Haas, Ryder McLaughlin, Luke Forbes, Darren Keilan",United States of America,2022-02-17,2022,7.3,"Drama, Comedy",en,23.207,1594,7.3,20000000,84774243,4.24
862965,Movie,Emily the Criminal,John Patton Ford,"Aubrey Plaza, Theo Rossi, Megalyn Echikunwoke, Gina Gershon, Jonathan Avigdori",United States of America,2022-08-12,2022,6.68,"Crime, Drama, Thriller",en,22.675,862,6.68,2000000,2157673,1.08
809140,Movie,Father Stu,Rosalind Ross,"Mark Wahlberg, Mel Gibson, Jacki Weaver, Teresa Ruiz, Malcolm McDowell",United States of America,2022-04-13,2022,7.14,Drama,en,22.431,633,7.14,4000000,21591034,5.4
791177,Movie,Bones and All,Luca Guadagnino,"Taylor Russell, Timothée Chalamet, Mark Rylance, Anna Cobb, André Holland","Italy, United States of America",2022-11-18,2022,7.1,"Drama, Horror, Romance",en,21.975,1393,7.1,16000000,15234907,0.95
817758,Movie,TÁR,Todd Field,"Cate Blanchett, Nina Hoss, Noémie Merlant, Sophie Kauer, Julian Glover",United States of America,2022-09-23,2022,7.1,"Music, Drama",en,21.756,1301,7.1,35000000,29048571,0.83
848058,Movie,Piggy,Carlota Pereda,"Laura Galán, Richard Holmes, Carmen Machi, Irene Ferreiro, Camille Aguilar","France, Spain",2022-10-07,2022,6.598,"Horror, Thriller, Drama",es,21.755,611,6.598,2400000,543064,0.23
799876,Movie,The Outfit,Graham Moore,"Mark Rylance, Zoey Deutch, Johnny Flynn, Dylan O'Brien, Simon Russell Beale","United Kingdom, United States of America",2022-02-25,2022,7.095,"Crime, Drama, Thriller, Mystery",en,21.691,1152,7.095,5000000,4000000,0.8
366672,Movie,Paws of Fury: The Legend of Hank,"Rob Minkoff, Chris Bailey, Mark Koetsier","Michael Cera, Samuel L. Jackson, Ricky Gervais, Kylie Kuioka, Mel Brooks","Canada, China, United Kingdom, United States of America",2022-07-14,2022,6.7,"Animation, Adventure, Comedy, Family",en,21.656,302,6.7,45000000,42500000,0.94
800939,Movie,Ticket to Paradise,Ol Parker,"Julia Roberts, George Clooney, Kaitlyn Dever, Maxime Bouttier, Billie Lourd","Australia, United States of America, United Kingdom",2022-09-08,2022,6.5,"Drama, Comedy, Romance",en,21.324,1258,6.5,20000000,168800000,8.44
877269,Movie,Strange World,Don Hall,"Jake Gyllenhaal, Dennis Quaid, Jaboukie Young-White, Gabrielle Union, Lucy Liu",United States of America,2022-11-23,2022,6.322,"Animation, Family, Adventure, Science Fiction, Fantasy",en,21.285,1285,6.322,180000000,73621640,0.41
644124,Movie,Dampyr,Riccardo Chemello,"Wade Briggs, Stuart Martin, Frida Gustavsson, Sebastian Croft, Luke Roberts",Italy,2022-10-28,2022,6.2,"Horror, Fantasy, Action",it,21.276,155,6.2,15000000,362113,0.02
760926,Movie,Gold,Anthony Hayes,"Zac Efron, Anthony Hayes, Susie Porter, Andreas Sobik, Akuol Ngot","Australia, United States of America",2022-01-13,2022,6.2,"Action, Adventure, Thriller",en,20.507,595,6.2,6500000,176048,0.03
818110,Movie,The Magic Flute,Florian Sigl,"Jack Wolfe, F. Murray Abraham, Niamh McCormack, Ellie Courtiour, Cosima Henman",Germany,2022-09-30,2022,6.5,"Adventure, Fantasy, Music, Family",en,20.473,115,6.5,6500000,492000,0.08
999278,Movie,The Goldsmith,Vincenzo Ricchiuto,"Stefania Casini, Giuseppe Pambieri, Gianluca Vannucci, Tania Bambaci, Mike Cimini",Italy,2022-10-08,2022,6.1,"Horror, Thriller",it,20.361,81,6.1,250000,63830,0.26
766475,Movie,See How They Run,Tom George,"Sam Rockwell, Saoirse Ronan, Adrien Brody, Ruth Wilson, Reece Shearsmith","United Kingdom, United States of America",2022-09-09,2022,6.369,"Mystery, Comedy, Crime",en,19.709,1130,6.369,40000000,21921551,0.55
520023,Movie,Bodies Bodies Bodies,Halina Reijn,"Amandla Stenberg, Maria Bakalova, Myha'la, Rachel Sennott, Chase Sui Wonders",United States of America,2022-08-05,2022,6.2,"Horror, Comedy, Mystery, Thriller",en,19.215,1233,6.2,3000000,13900000,4.63
780609,Movie,Men,Alex Garland,"Jessie Buckley, Rory Kinnear, Paapa Essiedu, Gayle Rankin, Sarah Twomey",United Kingdom,2022-05-20,2022,6.1,"Horror, Thriller, Fantasy",en,19.114,1139,6.1,6500000,11152071,1.72
245842,Movie,The King's Daughter,Sean McNamara,"Pierce Brosnan, Kaya Scodelario, Benjamin Walker, William Hurt, Julie Andrews","Australia, China, France, Hong Kong, United Kingdom, United States of America",2022-01-21,2022,7.0,"Fantasy, Adventure, Family",en,18.282,681,7.0,40500000,2200000,0.05
661791,Movie,La Abuela (The Grandmother),Paco Plaza,"Almudena Amor, Vera Valdez, Karina Kolokolchykova, Marina Gutiérrez, Berta Sánchez","France, Spain",2022-01-28,2022,5.863,"Drama, Horror",es,17.111,452,5.863,3749231,1817696,0.48
664469,Movie,Amsterdam,David O. Russell,"Christian Bale, Margot Robbie, John David Washington, Alessandro Nivola, Andrea Riseborough",United States of America,2022-09-27,2022,6.1,"Mystery, Comedy, Drama",en,17.107,1565,6.1,80000000,31245810,0.39
626872,Movie,Emergency Declaration,Han Jae-rim,"Song Kang-ho, Lee Byung-hun, Jeon Do-yeon, Kim Nam-gil, Yim Si-wan",South Korea,2022-08-03,2022,7.5,"Action, Drama, Thriller",ko,17.052,371,7.5,18052672,19200000,1.06
656663,Movie,Jackass Forever,Jeff Tremaine,"Johnny Knoxville, Steve-O, Chris Pontius, Dave England, Jason 'Wee Man' Acuña",United States of America,2022-02-01,2022,6.81,"Comedy, Documentary",en,16.999,801,6.81,10000000,80340218,8.03
727340,Movie,Hunt,Lee Jung-jae,"Lee Jung-jae, Jung Woo-sung, Jeon Hye-jin, Heo Sung-tae, Go Youn-jung",South Korea,2022-08-10,2022,6.7,"Action, Mystery, Drama",ko,16.523,177,6.7,17000000,25994,0.0
532710,Movie,Firestarter,Keith Thomas,"Ryan Kiera Armstrong, Zac Efron, Sydney Lemmon, Kurtwood Smith, Michael Greyeyes",United States of America,2022-05-12,2022,5.557,"Horror, Science Fiction",en,16.485,714,5.557,12000000,15000000,1.25
960258,Movie,Shark Bait,James Nunn,"Holly Earl, Jack Trueman, Catherine Hannay, Malachi Pullar-Latchman, Thomas Michael Flynn","Malta, United States of America",2022-05-13,2022,5.7,"Horror, Thriller, Action, Adventure",en,16.374,332,5.7,5000000,1824152,0.36
615904,Movie,Marry Me,Kat Coiro,"Jennifer Lopez, Owen Wilson, Maluma, John Bradley, Sarah Silverman","China, United States of America",2022-02-09,2022,6.6,"Romance, Comedy, Music",en,16.3,1021,6.6,23000000,44000000,1.91
777831,Movie,9 Bullets,Gigi Gaston,"Lena Headey, Dean Scott Vazquez, Sam Worthington, Barbara Hershey, La La Anthony",United States of America,2022-04-14,2022,5.4,"Action, Thriller",en,16.223,132,5.4,3000000,193908,0.06
1018494,Movie,Operation Seawolf,Steven Luke,"Dolph Lundgren, Aaron Courteau, Frank Grillo, Andrew Stecker, Hiram A. Murray",United States of America,2022-10-07,2022,5.7,"War, Thriller, Action, Adventure",en,16.119,109,5.7,15000,23000,1.53
820446,Movie,Downton Abbey: A New Era,Simon Curtis,"Hugh Bonneville, Maggie Smith, Jim Carter, Michelle Dockery, Elizabeth McGovern",United Kingdom,2022-04-27,2022,7.2,"Drama, Romance",en,15.663,503,7.2,40000000,92651384,2.32
819876,Movie,Crimes of the Future,David Cronenberg,"Viggo Mortensen, Léa Seydoux, Scott Speedman, Kristen Stewart, Welket Bungué","Canada, Greece, United Kingdom",2022-05-25,2022,6.052,"Science Fiction, Horror",en,15.448,1114,6.052,27000000,4551565,0.17
811631,Movie,Infinite Storm,Małgorzata Szumowska,"Naomi Watts, Billy Howle, Denis O'Hare, Parker Sawyers, Joshua Rollins","Australia, Poland, United Kingdom, United States of America",2022-03-25,2022,5.7,"Thriller, Adventure, Drama, Mystery",en,15.344,296,5.7,4749917,1707067,0.36
928123,Movie,The Battle at Lake Changjin II: Water Gate Bridge,"Tsui Hark, Chen Kaige, Dante Lam Chiu-Yin","Wu Jing, Jackson Yee, Duan Yihong, Zhu Yawen, Jerry Lee","China, Hong Kong",2022-02-01,2022,6.2,"War, History, Action, Drama",zh,14.96,70,6.2,200000000,626203271,3.13
837881,Movie,She Said,Maria Schrader,"Zoe Kazan, Carey Mulligan, Patricia Clarkson, Andre Braugher, Jennifer Ehle",United States of America,2022-11-17,2022,7.233,"Drama, History",en,14.892,612,7.233,32000000,13900000,0.43
925786,Movie,Satan's Slaves 2: Communion,Joko Anwar,"Tara Basro, Bront Palarae, Endy Arfian, Ratu Felisha, Nasar Anuz",Indonesia,2022-07-30,2022,7.0,"Drama, Horror, Mystery",id,14.395,62,7.0,900000,5909528,6.57
714888,Movie,Argentina 1985,Santiago Mitre,"Ricardo Darín, Peter Lanzani, Alejandra Flechner, Paula Ransenberg, Carlos Portaluppi","Argentina, United Kingdom",2022-09-29,2022,7.9,"Drama, History, Crime",es,14.308,645,7.9,20000000,58424000,2.92
833339,Movie,Speak No Evil,Christian Tafdrup,"Morten Burian, Sidsel Siem Koch, Fedja van Huêt, Karina Smulders, Liva Forsberg","Denmark, Netherlands",2022-03-17,2022,6.6,"Horror, Thriller, Drama",da,14.16,892,6.6,3200000,631249,0.2
504827,Movie,The Bob's Burgers Movie,"Bernard Derriman, Loren Bouchard","H. Jon Benjamin, Kristen Schaal, John Roberts, Dan Mintz, Eugene Mirman",United States of America,2022-05-26,2022,7.0,"Animation, Adventure, Comedy",en,14.057,312,7.0,38000000,34148750,0.9
615952,Movie,Armageddon Time,James Gray,"Banks Repeta, Anne Hathaway, Jeremy Strong, Jaylin Webb, Anthony Hopkins","Brazil, United States of America",2022-10-28,2022,6.5,Drama,en,13.932,432,6.5,15000000,6524886,0.43
477462,Movie,The Twin,Taneli Mustonen,"Teresa Palmer, Steven Cree, Barbara Marten, Tristan Ruggeri, Andres Dvinjaninov",Finland,2022-04-06,2022,5.8,"Horror, Mystery",en,13.627,211,5.8,2620000,492000,0.19
664332,Movie,Gangubai Kathiawadi,Sanjay Leela Bhansali,"Alia Bhatt, Ajay Devgn, Shantanu Maheshwari, Indira Tiwari, Seema Pahwa",India,2022-02-24,2022,7.4,"Crime, Drama, History",hi,13.56,159,7.4,12000000,25300000,2.11
614939,Movie,Bros,Nicholas Stoller,"Billy Eichner, Luke Macfarlane, Guy Branum, Miss Lawrence, Ts Madison",United States of America,2022-09-30,2022,6.7,"Comedy, Romance",en,13.387,511,6.7,22000000,14800000,0.67
788977,Movie,Cairo Conspiracy,Tarik Saleh,"Tawfeek Barhom, Fares Fares, Mohammad Bakri, Makram J. Khoury, Mehdi Dehbi","Denmark, Finland, France, Sweden",2022-10-26,2022,6.71,Thriller,sv,13.375,243,6.71,7047000,3646605,0.52
743563,Movie,Vikram,Lokesh Kanagaraj,"Kamal Haasan, Fahadh Faasil, Vijay Sethupathi, Narain, Chemban Vinod Jose",India,2022-06-02,2022,7.7,"Action, Crime, Thriller",ta,13.37,123,7.7,15354648,54172014,3.53
848685,Movie,The Beasts,Rodrigo Sorogoyen,"Marina Foïs, Denis Ménochet, Luis Zahera, Diego Anido, Marie Colomb","France, Spain",2022-07-20,2022,7.5,"Thriller, Drama",gl,13.358,757,7.5,3900000,10238603,2.63
760099,Movie,Living,Oliver Hermanus,"Bill Nighy, Aimee Lou Wood, Alex Sharp, Tom Burke, Adrian Rawlins","Japan, Sweden, United Kingdom",2022-11-04,2022,7.0,Drama,en,13.301,425,7.0,10000000,6999027,0.7
696157,Movie,Whitney Houston: I Wanna Dance with Somebody,Kasi Lemmons,"Naomi Ackie, Ashton Sanders, Stanley Tucci, Nafessa Williams, Lance A. Williams",United States of America,2022-12-20,2022,7.0,"Music, History, Drama",en,13.176,464,7.0,50000000,59800000,1.2
777245,Movie,Women Talking,Sarah Polley,"Rooney Mara, Claire Foy, Jessie Buckley, Judith Ivey, Ben Whishaw",United States of America,2022-12-23,2022,6.9,Drama,en,12.95,604,6.9,20000000,7589419,0.38
850028,Movie,"Alice, Darling",Mary Nighy,"Anna Kendrick, Wunmi Mosaku, Kaniehtiio Horn, Charlie Carrick, Markjan Winnick","Canada, United States of America",2022-12-30,2022,5.7,"Thriller, Drama, Romance",en,12.949,229,5.7,4000000,121067,0.03
833417,Movie,Full Time,Eric Gravel,"Laure Calamy, Anne Suarez, Geneviève Mnich, Nolan Arizmendi, Sasha Lemaître Cremaschi",France,2022-03-16,2022,7.076,"Drama, Thriller",fr,12.877,276,7.076,3000000,42566,0.01
660046,Movie,Ponniyin Selvan: Part I,Mani Ratnam,"Vikram, Aishwarya Rai Bachchan, Ravi Mohan, Karthi, Trisha Krishnan",India,2022-09-30,2022,7.1,"Action, Adventure, History",ta,12.629,80,7.1,29500000,59000000,2.0
894803,Movie,Sita Ramam,Hanu Raghavapudi,"Dulquer Salmaan, Mrunal Thakur, Rashmika Mandanna, Sumanth, Gautham Vasudev Menon",India,2022-08-05,2022,7.8,"History, Romance, Drama",te,12.489,76,7.8,3400000,11800000,3.47
916405,Movie,The Quiet Girl,Colm Bairéad,"Catherine Clinch, Carrie Crowley, Andrew Bennett, Michael Patric, Kate Nic Chonaonaigh",Ireland,2022-05-12,2022,7.499,Drama,ga,12.122,434,7.499,1,6,6.0
962543,Movie,The Worst Ones,"Lise Akoka, Romane Gueret","Mallory Wanecque, Timéo Mahaut, Johan Heldenbergh, Loïc Pech, Mélina Vanderplancke","France, United States of America",2022-12-07,2022,6.795,"Drama, Comedy",fr,12.025,73,6.795,2600000,19833,0.01
724665,Movie,"Confess, Fletch",Greg Mottola,"Jon Hamm, Lorenza Izzo, Kyle MacLachlan, Roy Wood Jr., Ayden Mayeri",United States of America,2022-09-16,2022,6.3,"Comedy, Mystery, Crime",en,11.949,322,6.3,20000000,500000,0.02
744594,Movie,White Noise,Noah Baumbach,"Adam Driver, Greta Gerwig, Don Cheadle, Raffey Cassidy, Sam Nivola","United Kingdom, United States of America",2022-11-25,2022,5.6,"Comedy, Drama",en,11.89,701,5.6,100000000,71476,0.0
893086,Movie,The Good Neighbor,Stephan Rick,"Jonathan Rhys Meyers, Luke Kleintank, Eloise Smyth, Bruce Davison, Ieva Florence-Vīksne","United States of America, Latvia",2022-06-17,2022,6.6,"Thriller, Drama",en,11.872,148,6.6,105,94909,903.9
814757,Movie,Empire of Light,Sam Mendes,"Olivia Colman, Micheal Ward, Toby Jones, Colin Firth, Tom Brooke","United Kingdom, United States of America",2022-12-09,2022,6.7,"Drama, Romance",en,11.824,558,6.7,13500000,11395604,0.84
883502,Movie,Fortress: Sniper's Eye,Josh Sternfeld,"Chad Michael Murray, Bruce Willis, Jesse Metcalfe, Kelly Greyson, Ser'Darius Blain",United States of America,2022-04-29,2022,5.3,"Action, Thriller, Crime",en,11.076,159,5.3,22000000,69075,0.0
714676,Movie,Alice,Krystin Ver Linden,"Keke Palmer, Common, Jonny Lee Miller, Gaius Charles, Madelon Curtis",United States of America,2022-03-18,2022,5.8,"Thriller, Drama",en,10.924,71,5.8,19500000,373043,0.02
854239,Movie,Till,Chinonye Chukwu,"Danielle Deadwyler, Jalyn Hall, Frankie Faison, Haley Bennett, John Douglas Thompson","United Kingdom, United States of America",2022-10-14,2022,7.4,"Drama, History",en,10.368,285,7.4,33000000,11498884,0.35
635891,Movie,Clerks III,Kevin Smith,"Jeff Anderson, Brian O'Halloran, Jason Mewes, Kevin Smith, Rosario Dawson",United States of America,2022-09-04,2022,6.024,"Comedy, Drama",en,10.201,254,6.024,7000000,4717597,0.67
892515,Movie,Masquerade,Nicolas Bedos,"Pierre Niney, Isabelle Adjani, François Cluzet, Marine Vacth, Emmanuelle Devos",France,2022-11-01,2022,6.8,"Comedy, Crime, Drama, Romance",fr,9.962,427,6.8,14000000,6667598,0.48
852438,Movie,Final Cut,Michel Hazanavicius,"Romain Duris, Bérénice Bejo, Grégory Gadebois, Finnegan Oldfield, Matilda Lutz",France,2022-05-18,2022,6.8,"Horror, Comedy",fr,9.786,412,6.8,4300000,2046233,0.48
771077,Movie,Rise,Cédric Klapisch,"Marion Barbeau, Pio Marmaï, Denis Podalydès, François Civil, Muriel Robin","Belgium, France",2022-03-30,2022,7.4,"Comedy, Drama",fr,9.709,417,7.4,7780000,11196824,1.44
832544,Movie,Stealing Raden Saleh,Angga Dwimas Sasongko,"Iqbaal Ramadhan, Angga Yunanda, Aghniny Haque, Rachel Amanda, Ari Irham","Indonesia, Malaysia",2022-08-25,2022,7.6,"Action, Crime, Drama",id,9.491,29,7.6,1240864,18612962,15.0
747803,Movie,One Way,Andrew Baird,"mgk, Storm Reid, Drea de Matteo, Travis Fimmel, Kevin Bacon","Ireland, United Kingdom, United States of America",2022-09-02,2022,5.9,"Action, Crime, Thriller",en,9.404,129,5.9,5000000,30272,0.01
1047431,Movie,Prancer: A Christmas Tale,Phil Hawkins,"James Cromwell, Darcey Ewart, Sarah-Jane Potts, Aaron McCusker, Joseph Millson",United States of America,2022-11-22,2022,6.8,"Family, Fantasy",en,9.37,29,6.8,7000000,18600000,2.66
517302,Movie,Hatching,Hanna Bergholm,"Siiri Solalinna, Sophia Heikkilä, Jani Volanen, Reino Nordin, Oiva Ollila","Belgium, Finland, Norway, Sweden",2022-03-04,2022,6.3,"Horror, Fantasy, Drama",fi,9.232,431,6.3,3896000,508000,0.13
735697,Movie,Incredible But True,Quentin Dupieux,"Alain Chabat, Léa Drucker, Anaïs Demoustier, Benoît Magimel, Lena Lapres",France,2022-06-15,2022,6.035,"Comedy, Drama, Fantasy, Mystery",fr,9.071,382,6.035,4340000,2329813,0.54
610411,Movie,Erik Stoneheart,Ilmar Raag,"Herman Avandi, Florin Gussak, Juhan Ulfsak, Laura Peterson-Aardam, Jules Werner","Estonia, Finland, Latvia, Lithuania, Luxembourg, Ukraine",2022-12-09,2022,5.9,"Family, Adventure, Fantasy",et,9.066,9,5.9,1591000,13877,0.01
752564,Movie,Maigret,Patrice Leconte,"Gérard Depardieu, Anne Loiret, Aurore Clément, Mélanie Bernier, Jade Labeste","Belgium, France",2022-02-23,2022,5.8,"Mystery, Drama",fr,9.021,260,5.8,7000000,5934907,0.85
888321,Movie,Corsage,Marie Kreutzer,"Vicky Krieps, Florian Teichtmeister, Katharina Lorenz, Jeanne Werner, Alma Hasun","Austria, France, Germany, Luxembourg",2022-07-07,2022,6.2,"Drama, History",de,8.696,214,6.2,7580600,3092534,0.41
913814,Movie,Brian and Charles,Jim Archer,"David Earl, Chris Hayward, Louise Brealey, Jamie Michie, Nina Sosanya",United Kingdom,2022-06-17,2022,6.322,"Comedy, Drama, Science Fiction",en,8.548,146,6.322,1200000,216220,0.18
960206,Movie,Godland,Hlynur Pálmason,"Elliott Crosset Hove, Vic Carmen Sonne, Ingvar E. Sigurðsson, Jacob Ulrik Lohmann, Ída Mekkín Hlynsdóttir","Denmark, France, Iceland, Sweden",2022-12-01,2022,6.9,Drama,da,8.425,159,6.9,5000000,1560518,0.31
823951,Movie,November,Cédric Jimenez,"Jean Dujardin, Anaïs Demoustier, Sandrine Kiberlain, Jérémie Renier, Lyna Khoudri","Belgium, France",2022-10-05,2022,7.073,"Crime, Drama, Thriller",fr,8.346,764,7.073,17700000,18114769,1.02
820697,Movie,The Five Devils,Léa Mysius,"Adèle Exarchopoulos, Sally Dramé, Swala Emati, Moustapha Mbengue, Daphné Patakia",France,2022-08-31,2022,6.864,"Drama, Fantasy, Romance",fr,8.184,184,6.864,3370000,46666,0.01
799177,Movie,Bhediya,Amar Kaushik,"Varun Dhawan, Kriti Sanon, Abhishek Banerjee, Paalin Kabak, Deepak Dobriyal",India,2022-11-25,2022,6.7,"Horror, Comedy",hi,8.159,47,6.7,7350000,10911075,1.48
757341,Movie,The Butcher's Daughter,Christopher Thompson,"Géraldine Pailhas, Arnaud Ducret, Alison Wheeler, Stéphane De Groodt, Jean-François Stévenin","Belgium, France",2022-01-19,2022,5.411,"Romance, Comedy",fr,8.098,56,5.411,5000000,1085112,0.22
695962,Movie,Bhool Bhulaiyaa 2,Anees Bazmee,"Kartik Aaryan, Kiara Advani, Tabu, Rajpal Yadav, Sanjay Mishra",India,2022-05-20,2022,6.4,"Horror, Comedy",hi,8.098,71,6.4,8400000,32000000,3.81
804251,Movie,Alcarràs,Carla Simón,"Josep Abad, Jordi Pujol Dolcet, Anna Otin, Albert Bosch, Xenia Roset",Spain,2022-04-29,2022,6.773,Drama,ca,8.08,198,6.773,10250000,3324521,0.32
836202,Movie,Brother and Sister,Arnaud Desplechin,"Melvil Poupaud, Marion Cotillard, Golshifteh Farahani, Cosmina Stratan, Max Baissette de Malglaive",France,2022-05-20,2022,4.9,Drama,fr,8.073,104,4.9,4800000,369419,0.08
895659,Movie,The Passengers of the Night,Mikhaël Hers,"Charlotte Gainsbourg, Quito Rayon Richter, Noée Abita, Megan Northam, Thibault Vinçon",France,2022-05-04,2022,6.8,Drama,fr,8.022,155,6.8,4300000,1512938,0.35
919573,Movie,The Innocent,Louis Garrel,"Louis Garrel, Roschdy Zem, Noémie Merlant, Anouk Grinberg, Jean-Claude Pautot",France,2022-10-12,2022,6.8,"Comedy, Crime, Romance",fr,8.019,340,6.8,4000000,5175806,1.29
858485,Movie,Kantara,Rishab Shetty,"Rishab Shetty, Sapthami Gowda, Kishore, Achyuth Kumar, Pramod Shetty",India,2022-09-30,2022,7.2,"Action, Adventure, Thriller",kn,7.941,98,7.2,1934000,60447800,31.26
1029827,Movie,Drishyam 2,Abhishek Pathak,"Ajay Devgn, Akshaye Khanna, Tabu, Shriya Saran, Ishita Dutta",India,2022-11-18,2022,7.9,"Crime, Thriller, Drama, Mystery",hi,7.853,81,7.9,7200000,41000000,5.69
601635,Movie,Laal Singh Chaddha,Advait Chandan,"Aamir Khan, Kareena Kapoor Khan, Naga Chaitanya Akkineni, Mona Singh, Manav Vij",India,2022-08-11,2022,6.5,"Drama, Romance, Family, History",hi,7.826,72,6.5,23000000,16000000,0.7
810389,Movie,The Visitor from the Future,François Descraques,"Florent Dorin, Enya Baroux, Raphaël Descraques, Arnaud Ducret, Slimane-Baptiste Berhoun",France,2022-09-07,2022,6.3,"Science Fiction, Comedy, Adventure",fr,7.561,207,6.3,4500000,1946816,0.43
947507,Movie,Just Super,Rasmus A. Sivertsen,"Hennika Eggum Huuse, Tobias Santelmann, Kari Simonsen, Henriette Marø, Todd Bishop Monrad Vistven",Norway,2022-09-30,2022,5.5,"Animation, Family, Fantasy",no,7.508,21,5.5,3800000,2013434,0.53
385687,Movie,Fast X,Louis Leterrier,"Vin Diesel, Michelle Rodriguez, Tyrese Gibson, Ludacris, John Cena",United States of America,2023-05-17,2023,7.1,"Action, Crime, Thriller",en,247.229,5794,7.1,340000000,704709660,2.07
502356,Movie,The Super Mario Bros. Movie,"Michael Jelenic, Aaron Horvath","Chris Pratt, Anya Taylor-Joy, Charlie Day, Jack Black, Keegan-Michael Key","Japan, United States of America",2023-04-05,2023,7.6,"Animation, Family, Adventure, Fantasy, Comedy",en,185.744,9483,7.6,100000000,1362000000,13.62
603692,Movie,John Wick: Chapter 4,Chad Stahelski,"Keanu Reeves, Donnie Yen Chi-Tan, Bill Skarsgård, Ian McShane, Laurence Fishburne","Germany, United States of America",2023-03-22,2023,7.722,"Action, Thriller, Crime",en,166.821,6875,7.722,90000000,440157245,4.89
667538,Movie,Transformers: Rise of the Beasts,Steven Caple Jr.,"Anthony Ramos, Dominique Fishback, Peter Cullen, Ron Perlman, Peter Dinklage",United States of America,2023-06-06,2023,7.248,"Science Fiction, Adventure, Action",en,165.386,4823,7.248,195000000,441381193,2.26
872585,Movie,Oppenheimer,Christopher Nolan,"Cillian Murphy, Emily Blunt, Matt Damon, Robert Downey Jr., Florence Pugh","United Kingdom, United States of America",2023-07-19,2023,8.1,"Drama, History",en,164.819,9878,8.1,100000000,952000000,9.52
940551,Movie,Migration,Benjamin Renner,"Kumail Nanjiani, Elizabeth Banks, Caspar Jennings, Tresi Gazal, Awkwafina",United States of America,2023-12-06,2023,7.4,"Animation, Adventure, Comedy, Family",en,159.869,1947,7.4,72000000,298776052,4.15
569094,Movie,Spider-Man: Across the Spider-Verse,"Kemp Powers, Justin K. Thompson, Joaquim Dos Santos","Shameik Moore, Hailee Steinfeld, Brian Tyree Henry, Luna Lauren Velez, Jake Johnson",United States of America,2023-05-31,2023,8.347,"Animation, Action, Adventure, Science Fiction",en,159.511,7346,8.347,100000000,690897910,6.91
575264,Movie,Mission: Impossible - Dead Reckoning Part One,Christopher McQuarrie,"Tom Cruise, Hayley Atwell, Ving Rhames, Simon Pegg, Rebecca Ferguson",United States of America,2023-07-08,2023,7.532,"Action, Adventure",en,138.751,4059,7.532,291000000,567535383,1.95
299054,Movie,Expend4bles,Scott Waugh,"Jason Statham, 50 Cent, Megan Fox, Dolph Lundgren, Tony Jaa","Bulgaria, France, United States of America",2023-09-15,2023,6.137,"Action, Adventure, Thriller",en,135.807,1626,6.137,100000000,37917985,0.38
976573,Movie,Elemental,Peter Sohn,"Leah Lewis, Mamoudou Athie, Ronnie del Carmen, Shila Ommi, Wendi McLendon-Covey",United States of America,2023-06-14,2023,7.617,"Animation, Comedy, Family, Fantasy, Romance",en,134.706,4687,7.617,200000000,496444308,2.48
940721,Movie,Godzilla Minus One,Takashi Yamazaki,"Ryunosuke Kamiki, Minami Hamabe, Yuki Yamada, Munetaka Aoki, Hidetaka Yoshioka",Japan,2023-11-03,2023,7.6,"Science Fiction, Horror, Action",ja,121.922,2540,7.6,15000000,115857413,7.72
944401,Movie,Dogman,Luc Besson,"Caleb Landry Jones, Jojo T. Gibbs, Christopher Denham, Clemens Schick, John Charles Aguilar","France, United States of America",2023-09-27,2023,7.895,"Action, Drama, Crime",fr,121.774,1144,7.895,22700000,4082217,0.18
346698,Movie,Barbie,Greta Gerwig,"Margot Robbie, Ryan Gosling, America Ferrera, Ariana Greenblatt, Issa Rae","United Kingdom, United States of America",2023-07-19,2023,7.0,"Comedy, Adventure",en,120.89,9609,7.0,145000000,1445638421,9.97
1072790,Movie,Anyone But You,Will Gluck,"Sydney Sweeney, Glen Powell, Mia Artemis, Nat Buchanan, GaTa",United States of America,2023-12-21,2023,6.9,"Romance, Comedy",en,109.861,2435,6.9,25000000,214891370,8.6
1022796,Movie,Wish,"Fawn Veerasunthorn, Chris Buck","Ariana DeBose, Chris Pine, Alan Tudyk, Angelique Cabral, Victor Garber",United States of America,2023-11-13,2023,6.3,"Animation, Family, Fantasy, Adventure",en,106.764,1562,6.3,175000000,254997360,1.46
447365,Movie,Guardians of the Galaxy Vol. 3,James Gunn,"Chris Pratt, Zoe Saldaña, Dave Bautista, Karen Gillan, Pom Klementieff",United States of America,2023-05-03,2023,7.952,"Science Fiction, Adventure, Action",en,105.716,7168,7.952,250000000,845600000,3.38
926393,Movie,The Equalizer 3,Antoine Fuqua,"Denzel Washington, Dakota Fanning, Eugenio Mastrandrea, David Denman, Gaia Scodellaro","Italy, United States of America",2023-08-30,2023,7.317,"Action, Thriller, Crime",en,104.406,3169,7.317,70000000,191067560,2.73
615656,Movie,Meg 2: The Trench,Ben Wheatley,"Jason Statham, Wu Jing, Shuya Sophia Cai, Page Kennedy, Sergio Peris-Mencheta","China, United States of America",2023-08-02,2023,6.45,"Action, Science Fiction, Horror",en,102.924,3526,6.45,129000000,384056482,2.98
787699,Movie,Wonka,Paul King,"Timothée Chalamet, Calah Lane, Keegan-Michael Key, Hugh Grant, Paterson Joseph","United Kingdom, United States of America",2023-12-06,2023,7.093,"Comedy, Family, Fantasy",en,100.525,3777,7.093,125000000,632302312,5.06
447277,Movie,The Little Mermaid,Rob Marshall,"Halle Bailey, Jonah Hauer-King, Melissa McCarthy, Javier Bardem, Noma Dumezweni",United States of America,2023-05-18,2023,6.3,"Adventure, Family, Fantasy, Romance",en,98.105,3003,6.3,297000000,569626289,1.92
572802,Movie,Aquaman and the Lost Kingdom,James Wan,"Jason Momoa, Patrick Wilson, Yahya Abdul-Mateen II, Randall Park, Amber Heard",United States of America,2023-12-20,2023,6.618,"Action, Adventure, Fantasy",en,97.792,2979,6.618,205000000,439381226,2.14
298618,Movie,The Flash,Andy Muschietti,"Ezra Miller, Sasha Calle, Michael Keaton, Michael Shannon, Ron Livingston",United States of America,2023-06-13,2023,6.67,"Adventure, Action, Science Fiction",en,94.378,4424,6.67,220000000,271333313,1.23
1008042,Movie,Talk to Me,"Danny Philippou, Michael Philippou","Sophie Wilde, Alexandra Jensen, Joe Bird, Otis Dhanji, Miranda Otto","Australia, United Kingdom",2023-07-26,2023,7.2,Horror,en,93.017,3117,7.2,4500000,92000000,20.44
882569,Movie,Guy Ritchie's The Covenant,Guy Ritchie,"Jake Gyllenhaal, Dar Salim, Sean Sagar, Jason Wong, Rhys Yates","United Kingdom, United States of America",2023-04-19,2023,7.8,"War, Action, Thriller",en,90.408,2668,7.8,55000000,20000000,0.36
507089,Movie,Five Nights at Freddy's,Emma Tammi,"Josh Hutcherson, Piper Rubio, Elizabeth Lail, Matthew Lillard, Mary Stuart Masterson",United States of America,2023-10-25,2023,7.489,"Horror, Mystery, Thriller",en,87.165,4244,7.489,20000000,297144130,14.86
792307,Movie,Poor Things,Yorgos Lanthimos,"Emma Stone, Mark Ruffalo, Willem Dafoe, Ramy Youssef, Christopher Abbott","Ireland, United Kingdom, United States of America",2023-12-07,2023,7.703,"Science Fiction, Romance, Comedy",en,86.606,4527,7.703,35000000,117607117,3.36
893723,Movie,PAW Patrol: The Mighty Movie,Cal Brunker,"Mckenna Grace, Christian Convery, Taraji P. Henson, Kristen Bell, Lil Rel Howery","Canada, France, United States of America",2023-09-21,2023,7.0,"Animation, Family, Action, Science Fiction, Comedy, Drama, Adventure",en,86.23,468,7.0,30000000,202231360,6.74
508883,Movie,The Boy and the Heron,Hayao Miyazaki,"Soma Santoki, Masaki Suda, Ko Shibasaki, Aimyon, Yoshino Kimura",Japan,2023-07-14,2023,7.448,"Animation, Adventure, Fantasy, Family, Drama",ja,83.558,2043,7.448,50000000,294200000,5.88
713704,Movie,Evil Dead Rise,Lee Cronin,"Lily Sullivan, Alyssa Sutherland, Morgan Davies, Gabrielle Echols, Nell Fisher","Ireland, New Zealand, United States of America",2023-04-12,2023,6.9,"Horror, Thriller",en,82.823,3204,6.9,15000000,146700000,9.78
968051,Movie,The Nun II,Michael Chaves,"Taissa Farmiga, Jonas Bloquet, Storm Reid, Anna Popplewell, Bonnie Aarons",United States of America,2023-09-06,2023,6.714,Horror,en,80.418,2124,6.714,38500000,269670590,7.0
335977,Movie,Indiana Jones and the Dial of Destiny,James Mangold,"Harrison Ford, Phoebe Waller-Bridge, Mads Mikkelsen, Boyd Holbrook, Olivier Richters",United States of America,2023-06-25,2023,6.56,"Adventure, Action",en,78.534,3564,6.56,294700000,383963057,1.3
269509,Movie,The Canterville Ghost,Kim Burdon,"Stephen Fry, Hugh Laurie, Freddie Highmore, Emily Carey, Imelda Staunton","Canada, United Kingdom",2023-09-22,2023,6.7,"Animation, Comedy, Family, Fantasy",en,77.718,36,6.7,10000000,2000000,0.2
493529,Movie,Dungeons & Dragons: Honor Among Thieves,"John Francis Daley, Jonathan Goldstein","Chris Pine, Michelle Rodriguez, Justice Smith, Sophia Lillis, Hugh Grant","Canada, United States of America",2023-03-23,2023,7.343,"Adventure, Fantasy, Comedy",en,76.585,3844,7.343,151000000,208200000,1.38
934433,Movie,Scream VI,"Matt Bettinelli-Olpin, Tyler Gillett","Melissa Barrera, Jenna Ortega, Jasmin Savoy Brown, Mason Gooding, Jack Champion",United States of America,2023-03-08,2023,7.0,"Horror, Crime, Thriller",en,74.021,2728,7.0,35000000,168961389,4.83
901362,Movie,Trolls Band Together,Walt Dohrn,"Anna Kendrick, Justin Timberlake, Camila Cabello, Eric André, Amy Schumer",United States of America,2023-10-12,2023,7.303,"Animation, Family, Music, Fantasy, Comedy",en,73.815,882,7.303,95000000,207318137,2.18
496450,Movie,"Miraculous: Ladybug & Cat Noir, The Movie",Jeremy Zag,"Annouck Hautbois, Benjamin Bollen, Fanny Bloc, Alexandre N'Guyen, Antoine Tomé","China, France, Canada",2023-07-05,2023,7.617,"Animation, Fantasy, Action, Romance, Family",fr,72.444,889,7.617,86000000,40208268,0.47
980489,Movie,Gran Turismo,Neill Blomkamp,"Archie Madekwe, David Harbour, Orlando Bloom, Djimon Hounsou, Darren Barnet",United States of America,2023-08-09,2023,7.767,"Adventure, Action, Drama",en,72.256,2853,7.767,60000000,121700000,2.03
739405,Movie,Operation Fortune: Ruse de Guerre,Guy Ritchie,"Jason Statham, Aubrey Plaza, Josh Hartnett, Hugh Grant, Cary Elwes","Turkey, United Kingdom, United States of America",2023-01-04,2023,6.484,"Action, Thriller, Comedy, Adventure",en,72.011,1618,6.484,50000000,37800000,0.76
609681,Movie,The Marvels,Nia DaCosta,"Brie Larson, Teyonah Parris, Iman Vellani, Samuel L. Jackson, Zawe Ashton",United States of America,2023-11-08,2023,6.028,"Science Fiction, Adventure, Action",en,70.372,2850,6.028,274800000,207089999,0.75
1062807,Movie,SPY x FAMILY CODE: White,Takashi Katagiri,"Takuya Eguchi, Atsumi Tanezaki, Saori Hayami, Kenichirou Matsuda, Tomoya Nakamura",Japan,2023-12-22,2023,7.0,"Animation, Comedy, Adventure, Action",ja,69.838,511,7.0,5000000,59256423,11.85
467244,Movie,The Zone of Interest,Jonathan Glazer,"Christian Friedel, Sandra Hüller, Johann Karthaus, Luis Noah Witte, Nele Ahrensmeier","Poland, United Kingdom, United States of America",2023-12-15,2023,7.04,"Drama, History, War",en,69.741,2055,7.04,15000000,52631884,3.51
856289,Movie,Creation of the Gods I: Kingdom of Storms,Wuershan,"Kris Phillips, Li Xuejian, Huang Bo, Yu Shi, Chen Muchi",China,2023-07-15,2023,7.1,"Action, Fantasy, War",zh,68.825,399,7.1,85000000,369081777,4.34
594767,Movie,Shazam! Fury of the Gods,David F. Sandberg,"Zachary Levi, Asher Angel, Jack Dylan Grazer, Rachel Zegler, Adam Brody",United States of America,2023-03-15,2023,6.492,"Comedy, Action, Fantasy",en,67.515,3228,6.492,125000000,134038006,1.07
466420,Movie,Killers of the Flower Moon,Martin Scorsese,"Leonardo DiCaprio, Robert De Niro, Lily Gladstone, Jesse Plemons, Tantoo Cardinal",United States of America,2023-10-18,2023,7.436,"Crime, History, Drama",en,67.44,3493,7.436,200000000,156922344,0.78
959092,Movie,Mayhem!,Xavier Gens,"Nassim Lyes, Loryn Nounay, Olivier Gourmet, Vithaya Pansringarm, Mehdi Hadim",France,2023-06-28,2023,6.638,"Action, Crime, Drama",fr,67.065,174,6.638,4920000,1500000,0.3
670292,Movie,The Creator,Gareth Edwards,"John David Washington, Madeleine Yuna Voyles, Gemma Chan, Allison Janney, Ken Watanabe","Canada, United States of America",2023-09-27,2023,7.067,"Science Fiction, Action, Adventure",en,65.229,3230,7.067,80000000,104272136,1.3
884605,Movie,No Hard Feelings,Gene Stupnitsky,"Jennifer Lawrence, Andrew Barth Feldman, Laura Benanti, Natalie Morales, Matthew Broderick",United States of America,2023-06-15,2023,6.755,"Comedy, Romance",en,63.523,3195,6.755,45000000,83000000,1.84
906126,Movie,Society of the Snow,J.A. Bayona,"Enzo Vogrincic, Agustín Pardella, Matías Recalt, Esteban Bigliardi, Diego Vegezzi","Spain, United States of America",2023-12-15,2023,8.0,"Drama, History",es,62.652,3075,8.0,65500000,1281,0.0
565770,Movie,Blue Beetle,Ángel Manuel Soto,"Xolo Mariduena, Bruna Marquezine, Susan Sarandon, Raoul Max Trujillo, Belissa Escobedo",United States of America,2023-08-16,2023,6.712,"Action, Science Fiction, Adventure",en,61.945,2709,6.712,104000000,130788072,1.26
753342,Movie,Napoleon,Ridley Scott,"Joaquin Phoenix, Vanessa Kirby, Tahar Rahim, Rupert Everett, Mark Bonnar",United States of America,2023-11-22,2023,6.4,"History, War, Romance",en,61.342,2638,6.4,165000000,220597098,1.34
820525,Movie,After Everything,Castille Landon,"Hero Fiennes Tiffin, Josephine Langford, Mimi Keene, Stephen Moyer, Louise Lombard",United States of America,2023-09-13,2023,6.903,"Romance, Drama",en,60.466,898,6.903,14000000,10644463,0.76
758323,Movie,The Pope's Exorcist,Julius Avery,"Russell Crowe, Daniel Zovatto, Alex Essoe, Peter DeSouza-Feighoney, Ralph Ineson",United States of America,2023-04-05,2023,7.0,"Horror, Thriller",en,60.079,2810,7.0,18000000,76987621,4.28
695721,Movie,The Hunger Games: The Ballad of Songbirds & Snakes,Francis Lawrence,"Tom Blyth, Rachel Zegler, Peter Dinklage, Jason Schwartzman, Hunter Schafer","Germany, United States of America",2023-11-15,2023,7.038,"Drama, Science Fiction, Action, Adventure, Thriller, War",en,59.566,2917,7.038,100000000,337371917,3.37
459003,Movie,Mavka: The Forest Song,"Oleg Malamuzh, Oleksandra Ruban","Natalka Denysenko, Artem Pyvovarov, Nazar Zadniprovskyi, Oleh Skrypka, Olena Kravets",Ukraine,2023-03-02,2023,7.202,"Animation, Adventure, Family, Fantasy",uk,58.769,782,7.202,5000000,17974964,3.59
677179,Movie,Creed III,Michael B. Jordan,"Michael B. Jordan, Tessa Thompson, Jonathan Majors, Phylicia Rashād, Mila Davis-Kent",United States of America,2023-03-01,2023,7.1,"Drama, Action",en,58.515,2584,7.1,75000000,275300000,3.67
1040148,Movie,"Ruby Gillman, Teenage Kraken",Kirk DeMicco,"Lana Condor, Toni Collette, Annie Murphy, Sam Richardson, Liza Koshy",United States of America,2023-06-28,2023,7.2,"Animation, Family, Fantasy, Comedy",en,58.172,1000,7.2,70000000,46247409,0.66
614930,Movie,Teenage Mutant Ninja Turtles: Mutant Mayhem,Jeff Rowe,"Micah Abbey, Shamon Brown Jr., Nicolas Cantu, Brady Noon, Ayo Edebiri","Canada, France, United States of America",2023-07-31,2023,7.2,"Animation, Comedy, Action, Science Fiction",en,52.974,1352,7.2,75000000,180513586,2.41
897087,Movie,Freelance,Pierre Morel,"John Cena, Alison Brie, Juan Pablo Raba, Christian Slater, Alice Eve","United States of America, United Kingdom",2023-10-05,2023,6.5,"Action, Comedy",en,52.27,1014,6.5,40000000,9112817,0.23
951491,Movie,Saw X,Kevin Greutert,"Tobin Bell, Shawnee Smith, Synnøve Macody Lund, Steven Brand, Renata Vaca",United States of America,2023-09-27,2023,7.2,"Horror, Mystery, Thriller",en,51.617,2034,7.2,13000000,125319714,9.64
640146,Movie,Ant-Man and the Wasp: Quantumania,Peyton Reed,"Paul Rudd, Evangeline Lilly, Michael Douglas, Michelle Pfeiffer, Jonathan Majors",United States of America,2023-02-15,2023,6.297,"Action, Adventure, Science Fiction",en,51.122,5165,6.297,388369742,476071180,1.23
614479,Movie,Insidious: The Red Door,Patrick Wilson,"Ty Simpkins, Patrick Wilson, Rose Byrne, Lin Shaye, Sinclair Daniel",United States of America,2023-07-05,2023,6.6,"Horror, Thriller",en,50.553,1732,6.6,16000000,189086877,11.82
1071215,Movie,Thanksgiving,Eli Roth,"Patrick Dempsey, Nell Verlaque, Addison Rae, Ty Olsson, Gina Gershon",United States of America,2023-11-16,2023,6.531,"Horror, Mystery, Thriller, Comedy",en,49.744,1283,6.531,15000000,46553280,3.1
878361,Movie,Big George Foreman,George Tillman Jr.,"Khris Davis, Forest Whitaker, Sullivan Jones, Deion Smith, Matthew Glave",United States of America,2023-04-27,2023,7.533,"History, Drama",en,49.538,299,7.533,32000000,3800000,0.12
678512,Movie,Sound of Freedom,Alejandro Monteverde,"Jim Caviezel, Mira Sorvino, Bill Camp, Gerardo Taracena, Kurt Fuller",United States of America,2023-07-03,2023,8.0,"Action, Drama",en,49.442,2492,8.0,14500000,250600000,17.28
807172,Movie,The Exorcist: Believer,David Gordon Green,"Leslie Odom Jr., Lidya Jewett, Olivia O'Neill, Ann Dowd, Jennifer Nettles",United States of America,2023-10-04,2023,5.899,"Horror, Thriller",en,47.421,1086,5.899,30000000,136284218,4.54
762430,Movie,Retribution,Nimród Antal,"Liam Neeson, Lilly Aspell, Jack Champion, Matthew Modine, Noma Dumezweni","France, Germany, United States of America",2023-08-23,2023,6.607,"Thriller, Action, Adventure",en,46.03,1189,6.607,20000000,18685751,0.93
838240,Movie,Robot Dreams,Pablo Berger,"Ivan Labanda, Tito Trifol, Rafa Calvo, José García Tos, José Luis Mediavilla","France, Spain",2023-12-06,2023,8.0,"Animation, Drama, Comedy, Science Fiction",es,45.698,629,8.0,5300000,4656348,0.88
1016121,Movie,Beautiful Disaster,Roger Kumble,"Dylan Sprouse, Virginia Gardner, Austin North, Libe Barer, Rob Estes",United States of America,2023-04-04,2023,6.68,"Romance, Drama, Comedy",en,45.259,811,6.68,25000000,6850036,0.27
1016346,Movie,MR-9: Do or Die,Asif Akbar,"Frank Grillo, Michael Jai White, Kelly Greyson, Matt Passmore, Sakshi Pradhan","Bangladesh, United States of America",2023-08-25,2023,6.463,"Action, Drama, Thriller",bn,44.705,162,6.463,6700000,7100000,1.06
915935,Movie,Anatomy of a Fall,Justine Triet,"Sandra Hüller, Swann Arlaud, Milo Machado-Graner, Antoine Reinartz, Samuel Theis",France,2023-08-23,2023,7.549,"Thriller, Mystery, Crime",fr,44.098,2680,7.549,6700000,35634133,5.32
700391,Movie,65,"Scott Beck, Bryan Woods","Adam Driver, Ariana Greenblatt, Chloe Coleman, Nika King, Brian Dare","Canada, United States of America",2023-03-02,2023,6.0,"Action, Adventure, Science Fiction",en,43.939,2493,6.0,45000000,60730568,1.35
666277,Movie,Past Lives,Celine Song,"Greta Lee, Teo Yoo, John Magaro, Moon Seung-ah, Yim Seung-min","South Korea, United States of America",2023-06-02,2023,7.7,"Drama, Romance",en,43.469,1830,7.7,12000000,28126646,2.34
1020006,Movie,Priscilla,Sofia Coppola,"Cailee Spaeny, Jacob Elordi, Ari Cohen, Dagmara Dominczyk, Tim Post","Italy, United States of America",2023-10-27,2023,6.8,"Drama, Romance",en,43.46,842,6.8,20000000,30140906,1.51
660360,Movie,Noryang: Deadly Sea,Kim Han-min,"Kim Yun-seok, Baek Yoon-sik, Jung Jae-young, Huh Joon-ho, Kim Sung-kyu",South Korea,2023-12-20,2023,6.3,"War, Action, History, Drama",ko,42.759,143,6.3,40000000,34210966,0.86
845111,Movie,The Three Musketeers: Milady,Martin Bourboulon,"François Civil, Vincent Cassel, Romain Duris, Pio Marmaï, Eva Green","Belgium, France, Germany, Spain",2023-12-13,2023,6.442,"Adventure, Action, Drama, History",fr,42.553,693,6.442,39000000,21730766,0.56
964980,Movie,Air,Ben Affleck,"Matt Damon, Ben Affleck, Jason Bateman, Chris Messina, Viola Davis",United States of America,2023-04-05,2023,7.337,"Drama, History",en,42.511,1999,7.337,80000000,90100000,1.13
646389,Movie,Plane,Jean-François Richet,"Gerard Butler, Mike Colter, Tony Goldwyn, Yoson An, Evan Dane Taylor","United Kingdom, United States of America",2023-01-12,2023,6.9,"Action, Adventure, Thriller",en,42.06,2308,6.9,25000000,74515586,2.98
976893,Movie,Perfect Days,Wim Wenders,"Koji Yakusho, Tokio Emoto, Arisa Nakano, Aoi Yamada, Yumi Asou","Germany, Japan",2023-11-10,2023,7.75,Drama,ja,41.697,1387,7.75,14000000,24094016,1.72
842675,Movie,The Wandering Earth II,Frant Gwo,"Andy Lau Tak-Wah, Wu Jing, Yi Sha, Zhu Yanmanzi, Li Xuejian",China,2023-01-22,2023,7.271,Science Fiction,zh,40.962,596,7.271,73800000,615023132,8.33
455476,Movie,Knights of the Zodiac,Tomek Bagiński,"Mackenyu, Madison Iseman, Diego Tinoco, Mark Dacascos, Nick Stahl","United States of America, Japan, Hungary",2023-04-27,2023,6.365,"Fantasy, Action, Adventure",en,40.408,1160,6.365,60000000,7000000,0.12
840430,Movie,The Holdovers,Alexander Payne,"Paul Giamatti, Dominic Sessa, Da'Vine Joy Randolph, Carrie Preston, Brady Hepner",United States of America,2023-10-27,2023,7.7,"Comedy, Drama",en,38.697,1890,7.7,13000000,42513270,3.27
536437,Movie,Hypnotic,Robert Rodriguez,"Ben Affleck, Alice Braga, William Fichtner, J. D. Pardo, Dayo Okeniyi","United Kingdom, United States of America",2023-05-11,2023,6.229,"Mystery, Thriller, Science Fiction, Action",en,37.993,1256,6.229,70000000,16014123,0.23
1058694,Movie,Radical,Christopher Zalla,"Eugenio Derbez, Daniel Haddad, Jennifer Trejo, Mia Fernanda Solis, Danilo Guardiola Escobar","Mexico, United States of America",2023-10-19,2023,8.4,Drama,es,37.901,443,8.4,10000000,21761164,2.18
1026227,Movie,There's Still Tomorrow,Paola Cortellesi,"Paola Cortellesi, Valerio Mastandrea, Romana Maggiora Vergano, Emanuela Fanelli, Giorgio Colangeli","Italy, United Kingdom",2023-10-26,2023,8.143,"Drama, Comedy, War, History",it,37.529,1319,8.143,9000000,49849677,5.54
930564,Movie,Saltburn,Emerald Fennell,"Barry Keoghan, Jacob Elordi, Rosamund Pike, Richard E. Grant, Alison Oliver","United Kingdom, United States of America",2023-11-16,2023,7.0,"Drama, Comedy, Thriller",en,36.257,2438,7.0,20000000,21013738,1.05
956964,Movie,Consent,Vanessa Filho,"Kim Higelin, Jean-Paul Rouve, Laetitia Casta, Élodie Bouchez, Jean Chevalier","Belgium, France",2023-10-11,2023,6.9,"History, Drama",fr,35.862,195,6.9,3700000,4710394,1.27
717930,Movie,Kandahar,Ric Roman Waugh,"Gerard Butler, Navid Negahban, Travis Fimmel, Ali Fazal, Bahador Foladi","United Arab Emirates, United States of America",2023-05-25,2023,6.8,"Action, Thriller",en,35.777,1070,6.8,30000000,9400000,0.31
1160164,Movie,TAYLOR SWIFT | THE ERAS TOUR,Sam Wrench,"Taylor Swift, Mike Meadows, Max Bernstein, Paul Sidoti, Amos Heller",United States of America,2023-10-13,2023,8.2,Music,en,34.966,436,8.2,15000000,261656269,17.44
635910,Movie,The Last Voyage of the Demeter,André Øvredal,"Corey Hawkins, Aisling Franciosi, David Dastmalchian, Javier Botet, Liam Cunningham","Germany, India, United Kingdom, United States of America",2023-08-09,2023,6.783,"Fantasy, Horror, Thriller",en,34.11,1665,6.783,45000000,21600000,0.48
631842,Movie,Knock at the Cabin,M. Night Shyamalan,"Ben Aldridge, Jonathan Groff, Kristen Cui, Dave Bautista, Nikki Amuka-Bird",United States of America,2023-02-01,2023,6.3,"Horror, Mystery, Thriller",en,33.061,2738,6.3,20000000,54700000,2.74
804150,Movie,Cocaine Bear,Elizabeth Banks,"Keri Russell, Alden Ehrenreich, O'Shea Jackson Jr., Ray Liotta, Isiah Whitlock, Jr.",United States of America,2023-02-22,2023,6.039,"Thriller, Comedy, Crime",en,32.899,2133,6.039,32500000,88314672,2.72
643215,Movie,Asterix & Obelix: The Middle Kingdom,Guillaume Canet,"Guillaume Canet, Gilles Lellouche, Vincent Cassel, Jonathan Cohen, Julie Chen","Belgium, France",2023-02-01,2023,4.9,"Family, Comedy, Adventure",fr,32.161,1016,4.9,72000000,46497678,0.65
912908,Movie,Strays,Josh Greenbaum,"Will Ferrell, Jamie Foxx, Isla Fisher, Randall Park, Will Forte",United States of America,2023-08-17,2023,7.2,"Comedy, Adventure",en,32.045,868,7.2,46000000,32000000,0.7
779816,Movie,White Bird,Marc Forster,"Ariella Glaser, Orlando Schwerdt, Bryce Gheisar, Gillian Anderson, Helen Mirren",United States of America,2023-10-25,2023,8.0,Drama,en,31.896,151,8.0,20000000,8799528,0.44
667216,Movie,Infinity Pool,Brandon Cronenberg,"Alexander Skarsgård, Mia Goth, Cleopatra Coleman, Jalil Lespert, Adam Boncz","Canada, France, Hungary, United States of America",2023-01-27,2023,6.1,"Horror, Science Fiction",en,31.779,821,6.1,4500000,5078400,1.13
994108,Movie,All of Us Strangers,Andrew Haigh,"Andrew Scott, Paul Mescal, Carter John Grout, Jamie Bell, Claire Foy","United Kingdom, United States of America",2023-12-22,2023,7.472,"Romance, Drama, Fantasy",en,31.176,799,7.472,5000000,14864960,2.97
649609,Movie,Renfield,Chris McKay,"Nicholas Hoult, Nicolas Cage, Awkwafina, Ben Schwartz, Shohreh Aghdashloo",United States of America,2023-04-07,2023,6.496,"Comedy, Horror, Action",en,30.891,1795,6.496,65000000,26874347,0.41
664341,Movie,Eileen,William Oldroyd,"Thomasin McKenzie, Anne Hathaway, Shea Whigham, Sam Nivola, Marin Ireland","United Kingdom, United States of America",2023-12-01,2023,6.01,Thriller,en,29.885,249,6.01,16000000,1560142,0.1
770906,Movie,Salaar: Part 1 - Ceasefire,Prashanth Neel,"Prabhas, Prithviraj Sukumaran, Shruti Haasan, Easwari Rao, Jagapati Babu",India,2023-12-21,2023,6.8,"Action, Crime, Drama",te,29.668,81,6.8,34000000,87229100,2.57
945729,Movie,A Haunting in Venice,Kenneth Branagh,"Kenneth Branagh, Kyle Allen, Camille Cottin, Jamie Dornan, Tina Fey","United Kingdom, United States of America",2023-09-13,2023,6.607,"Mystery, Thriller, Crime",en,29.004,2420,6.607,60000000,121400000,2.02
872906,Movie,Jawan,Atlee,"Shah Rukh Khan, Nayanthara, Vijay Sethupathi, Deepika Padukone, Sanya Malhotra",India,2023-09-07,2023,7.145,"Action, Crime, Thriller",hi,28.655,265,7.145,36150000,136698671,3.78
1056360,Movie,American Fiction,Cord Jefferson,"Jeffrey Wright, John Ortiz, Erika Alexander, Leslie Uggams, Sterling K. Brown",United States of America,2023-11-10,2023,7.317,"Comedy, Drama",en,28.47,1067,7.317,16000000,22483370,1.41
747188,Movie,Asteroid City,Wes Anderson,"Jason Schwartzman, Scarlett Johansson, Tom Hanks, Jeffrey Wright, Tilda Swinton",United States of America,2023-06-08,2023,6.464,"Comedy, Drama",en,28.462,2013,6.464,25000000,47281670,1.89
781732,Movie,Animal,Sandeep Reddy Vanga,"Ranbir Kapoor, Rashmika Mandanna, Anil Kapoor, Bobby Deol, Triptii Dimri",India,2023-12-01,2023,6.363,"Action, Crime, Drama",hi,28.4,120,6.363,13000000,108300000,8.33
980026,Movie,The Promised Land,Nikolaj Arcel,"Mads Mikkelsen, Amanda Collin, Simon Bennebjerg, Kristine Kujath Thorp, Gustav Lindh","Denmark, Germany, Sweden",2023-10-05,2023,7.8,"Action, Drama, History",da,28.057,380,7.8,8500000,2119043,0.25
796185,Movie,The Three Musketeers: D'Artagnan,Martin Bourboulon,"François Civil, Vincent Cassel, Romain Duris, Pio Marmaï, Eva Green","Belgium, France, Germany, Spain",2023-04-05,2023,7.0,"Adventure, Action, Drama, History",fr,27.572,1248,7.0,27500000,31843086,1.16
850165,Movie,The Iron Claw,Sean Durkin,"Zac Efron, Jeremy Allen White, Harris Dickinson, Stanley Simons, Holt McCallany","United Kingdom, United States of America",2023-12-21,2023,7.536,"History, Drama",en,27.451,953,7.536,15900000,40130232,2.52
558915,Movie,The Color Purple,Blitz Bazawule,"Fantasia Barrino, Taraji P. Henson, Danielle Brooks, Colman Domingo, Corey Hawkins",United States of America,2023-12-25,2023,7.1,Drama,en,26.629,289,7.1,95000000,67519192,0.71
983044,Movie,The Arctic Convoy,Henrik Martin Dahlsbakken,"Tobias Santelmann, Anders Baasmo Christiansen, Heidi Ruud Ellingsen, Preben Hodneland, Adam Lundgren",Norway,2023-12-25,2023,6.7,"War, Drama",no,25.007,82,6.7,6600000,3637940,0.55
927107,Movie,The Bricklayer,Renny Harlin,"Aaron Eckhart, Nina Dobrev, Clifton Collins Jr., Tim Blake Nelson, Ilfenesh Hadera",United States of America,2023-12-14,2023,5.8,"Action, Thriller",en,24.895,305,5.8,23900000,899683,0.04
758336,Movie,Love Again,Jim Strouse,"Priyanka Chopra Jonas, Sam Heughan, Céline Dion, Sofia Barclay, Russell Tovey",United States of America,2023-05-04,2023,6.731,"Romance, Drama, Comedy",en,24.452,405,6.731,9000000,10000000,1.11
365620,Movie,Ferrari,Michael Mann,"Adam Driver, Penélope Cruz, Shailene Woodley, Gabriel Leone, Sarah Gadon","United States of America, Italy, United Kingdom, Saudi Arabia",2023-12-14,2023,6.4,"History, Drama",en,24.438,1036,6.4,95000000,39220516,0.41
616747,Movie,Haunted Mansion,Justin Simien,"Rosario Dawson, Chase W. Dillon, LaKeith Stanfield, Owen Wilson, Tiffany Haddish",United States of America,2023-07-26,2023,6.5,"Comedy, Drama, Fantasy",en,24.156,1078,6.5,157800000,117449790,0.74
800158,Movie,The Killer,David Fincher,"Michael Fassbender, Tilda Swinton, Charles Parnell, Arliss Howard, Kerry O'Malley",United States of America,2023-10-25,2023,6.566,"Crime, Thriller",en,24.011,2287,6.566,175000000,362113,0.0
906221,Movie,Magic Mike's Last Dance,Steven Soderbergh,"Channing Tatum, Salma Hayek Pinault, Ayub Khan-Din, Jemelia George, Juliette Motamed",United States of America,2023-02-09,2023,6.5,"Comedy, Drama, Romance",en,23.63,514,6.5,45000000,52000000,1.16
943134,Movie,The Animal Kingdom,Thomas Cailley,"Romain Duris, Paul Kircher, Adèle Exarchopoulos, Tom Mercier, Billie Blain","Belgium, France",2023-10-04,2023,7.022,"Adventure, Drama, Science Fiction",fr,23.615,744,7.022,15200000,9138503,0.6
1008392,Movie,The Blackening,Tim Story,"Grace Byers, Jermaine Fowler, Melvin Gregg, X Mayo, Dewayne Perkins",United States of America,2023-06-15,2023,6.1,"Horror, Comedy",en,23.54,311,6.1,5000000,16000000,3.2
958006,Movie,The Kill Room,Nicol Paone,"Uma Thurman, Joe Manganiello, Samuel L. Jackson, Maya Hawke, Debi Mazar",United States of America,2023-09-14,2023,5.9,"Comedy, Crime",en,23.503,239,5.9,50000000,476375,0.01
816904,Movie,Mummies,Juan Jesús García Galocha,"Joe Thomas, Eleanor Tomlinson, Hugh Bonneville, Celia Imrie, Sean Bean",Spain,2023-01-05,2023,6.968,"Animation, Adventure, Fantasy, Family",es,23.048,466,6.968,12000000,53400000,4.45
1025491,Movie,Freud's Last Session,Matt Brown,"Anthony Hopkins, Matthew Goode, Liv Lisa Fries, Jodi Balfour, Jeremy Northam","Ireland, United Kingdom, United States of America",2023-12-22,2023,6.6,Drama,en,23.036,104,6.6,10000000,1697993,0.17
768362,Movie,Missing,"Will Merrick, Nicholas D. Johnson","Storm Reid, Joaquim de Almeida, Ken Leung, Amy Landecker, Daniel Henney",United States of America,2023-01-19,2023,7.43,"Drama, Mystery, Thriller",en,22.638,1079,7.43,7000000,45100756,6.44
913673,Movie,Nefarious,"Cary Solomon, Chuck Konzelman","Sean Patrick Flanery, Jordan Belfi, Tom Ohmer, Glenn Beck, Daniel Martin Berkey",United States of America,2023-04-14,2023,6.758,"Horror, Thriller",en,21.956,316,6.758,3000000,5400000,1.8
798286,Movie,Beau Is Afraid,Ari Aster,"Joaquin Phoenix, Patti LuPone, Amy Ryan, Nathan Lane, Kylie Rogers","Finland, United States of America",2023-04-14,2023,6.7,"Comedy, Adventure, Fantasy",en,21.728,1076,6.7,35000000,12337378,0.35
823482,Movie,Dream Scenario,Kristoffer Borgli,"Nicolas Cage, Julianne Nicholson, Lily Bird, Jessica Clement, Michael Cera",United States of America,2023-11-10,2023,6.7,"Comedy, Fantasy",en,21.034,980,6.7,10000000,14114415,1.41
792293,Movie,Dumb Money,Craig Gillespie,"Paul Dano, Shailene Woodley, America Ferrera, Pete Davidson, Seth Rogen",United States of America,2023-09-15,2023,6.7,"History, Comedy, Drama",en,21.009,603,6.7,30000000,20703794,0.69
960033,Movie,Marguerite's Theorem,Anna Novion,"Ella Rumpf, Julien Frison, Jean-Pierre Darroussin, Sonia Bonny, Clotilde Courau","France, Switzerland",2023-11-01,2023,6.9,"Drama, Mystery",fr,20.828,171,6.9,2470000,1091821,0.44
964960,Movie,The Taste of Things,Trần Anh Hùng,"Benoît Magimel, Juliette Binoche, Patrick d'Assumçao, Emmanuel Salinger, Jan Hammenecker","Belgium, France",2023-11-08,2023,7.1,"Romance, Drama",fr,20.444,301,7.1,6500000,5970753,0.92
839369,Movie,May December,Todd Haynes,"Natalie Portman, Julianne Moore, Charles Melton, Cory Michael Smith, Elizabeth Yu",United States of America,2023-11-16,2023,6.6,Drama,en,20.154,862,6.6,20000000,4232370,0.21
1016084,Movie,BlackBerry,Matt Johnson,"Jay Baruchel, Glenn Howerton, Matt Johnson, Rich Sommer, Michael Ironside","Canada, Finland, United States of America",2023-02-13,2023,7.1,Comedy,en,19.838,611,7.1,5000000,2600000,0.52
921452,Movie,Jeanne du Barry,Maïwenn,"Maïwenn, Johnny Depp, Benjamin Lavernhe, Melvil Poupaud, Robin Renucci","Belgium, France, Russia, Saudi Arabia, United Kingdom, United States of America",2023-05-16,2023,6.957,"Drama, History, Romance",fr,19.793,562,6.957,22400000,13000000,0.58
994143,Movie,Skinamarink,Kyle Edward Ball,"Lucas Paul, Dali Rose Tetreault, Ross Paul, Jaime Hill, Kyle Edward Ball",Canada,2023-01-13,2023,5.428,Horror,en,19.522,290,5.428,15000,2100000,140.0
1163258,Movie,12th Fail,Vidhu Vinod Chopra,"Vikrant Massey, Medha Shankr, Anant Joshi, Anshumaan Pushkar, Priyanshu Chatterjee",India,2023-08-11,2023,8.0,Drama,hi,18.441,150,8.0,2400000,8300000,3.46
532408,Movie,The Boogeyman,Rob Savage,"Sophie Thatcher, Vivien Lyra Blair, Chris Messina, David Dastmalchian, Marin Ireland",United States of America,2023-05-31,2023,6.4,"Horror, Thriller, Mystery",en,18.39,910,6.4,41900000,66978229,1.6
814776,Movie,Bottoms,Emma Seligman,"Rachel Sennott, Ayo Edebiri, Ruby Cruz, Havana Rose Liu, Kaia Gerber",United States of America,2023-08-25,2023,6.7,Comedy,en,18.378,654,6.7,11300000,12976079,1.15
734253,Movie,Adipurush,Om Raut,"Prabhas, Saif Ali Khan, Kriti Sanon, Sunny Singh, Devdatta Nage",India,2023-06-16,2023,5.0,"History, Action, Adventure, Fantasy",hi,18.245,90,5.0,63000000,54300000,0.86
980078,Movie,Winnie the Pooh: Blood and Honey,Rhys Frake-Waterfield,"Craig David Dowsett, Chris Cordell, Nikolai Leon, Amber Doig-Thorne, Maria Taylor",United Kingdom,2023-01-26,2023,5.037,"Horror, Thriller",en,17.856,1418,5.037,50000,7717044,154.34
864168,Movie,Joy Ride,Adele Lim,"Ashley Park, Sherry Cola, Stephanie Hsu, Sabrina Wu, David Denman","Canada, United Kingdom, United States of America",2023-06-22,2023,6.6,Comedy,en,17.69,386,6.6,20000000,15800000,0.79
801112,Movie,Kidnapped,Marco Bellocchio,"Enea Sala, Leonardo Maltese, Paolo Pierobon, Fausto Russo Alesi, Barbara Ronchi","Italy, France, Germany",2023-05-25,2023,7.3,"Drama, History",it,17.63,323,7.3,14100000,4123091,0.29
864692,Movie,Pathaan,Siddharth Anand,"Shah Rukh Khan, Deepika Padukone, John Abraham, Dimple Kapadia, Ashutosh Rana","India, Italy, Spain, Turkey",2023-01-25,2023,6.515,"Action, Adventure, Thriller",hi,17.274,196,6.515,29000000,130000000,4.48
1040892,Movie,Slotherhouse,Matthew Goodhue,"Lisa Ambalavanar, Sydney Craven, Andrew Horton, Bianca Beckles-Rose, Olivia Rouyre","United States of America, Serbia",2023-08-30,2023,4.51,"Horror, Comedy, Thriller",en,17.246,100,4.51,350000,123000,0.35
809787,Movie,Mafia Mamma,Catherine Hardwicke,"Toni Collette, Monica Bellucci, Sophia Nomvete, Alessandro Bressanello, Eduardo Scarpetta","United Kingdom, United States of America, Italy",2023-04-13,2023,6.063,"Comedy, Crime, Action",en,16.907,261,6.063,41000000,3900000,0.1
988402,Movie,Humanist Vampire Seeking Consenting Suicidal Person,Ariane Louis-Seize,"Sara Montpetit, Félix-Antoine Bénard, Steve Laplante, Sophie Cadieux, Noémie O'Farrell",Canada,2023-10-13,2023,7.4,"Romance, Comedy, Fantasy, Horror",fr,16.861,220,7.4,3000000,97578,0.03
942922,Movie,80 for Brady,Kyle Marvin,"Lily Tomlin, Jane Fonda, Rita Moreno, Sally Field, Tom Brady",United States of America,2023-02-03,2023,6.3,"Comedy, Drama",en,16.629,166,6.3,28000000,29637811,1.06
972230,Movie,Maybe I Do,Michael Jacobs,"Emma Roberts, Luke Bracey, Diane Keaton, Richard Gere, Susan Sarandon",United States of America,2023-01-27,2023,5.5,"Comedy, Romance, Drama",en,16.529,219,5.5,7500000,4393504,0.59
555285,Movie,"Are You There God? It's Me, Margaret.",Kelly Fremon Craig,"Abby Ryder Fortson, Rachel McAdams, Kathy Bates, Elle Graham, Benny Safdie",United States of America,2023-03-29,2023,7.2,"Comedy, Drama",en,16.494,397,7.2,30000000,21800000,0.73
829051,Movie,About My Father,Laura Terruso,"Sebastian Maniscalco, Robert De Niro, Leslie Bibb, Anders Holm, David Rasche",United States of America,2023-05-25,2023,6.1,Comedy,en,16.23,322,6.1,29100000,18167819,0.62
621587,Movie,Next Goal Wins,Taika Waititi,"Michael Fassbender, Oscar Kightley, Kaimana, David Fane, Rachel House","New Zealand, United Kingdom, United States of America",2023-11-16,2023,6.4,"Comedy, Drama",en,16.079,490,6.4,14000000,18062279,1.29
812635,Movie,Chevalier,Stephen Williams,"Kelvin Harrison, Jr., Samara Weaving, Lucy Boynton, Alex Fitzalan, Minnie Driver","Ireland, United States of America",2023-04-20,2023,6.3,"Music, Drama, History",en,15.784,109,6.3,35000000,4200000,0.12
667717,Movie,Deep Sea,Xiaopeng Tian,"Wang Ting Wen, Su Xin, Kuixing Teng, Yang Ting, Ji Jing",China,2023-01-22,2023,6.938,"Animation, Adventure, Drama, Fantasy, Mystery",zh,15.661,113,6.938,28700000,136090000,4.74
1117006,Movie,Me contro Te: Il film - Vacanze in Transilvania,Gianluca Leuzzi,"Sofia Scalia, Luigi Calagna, Michele Savoia, Pierpaolo Zizzi, Antonella Carone",Italy,2023-10-19,2023,6.563,"Family, Fantasy",es,15.637,24,6.563,4915109,1992797,0.41
1058078,Movie,Carousel,Simon Sandquist,"Omar Rudberg, Wilma Lidén, Amanda Lindh, Emil Algpeus, Embla Ingelman-Sundberg",Sweden,2023-10-20,2023,5.9,Horror,sv,15.549,66,5.9,2250000,633385,0.28
843843,Movie,Suddenly,Thomas Bidegain,"Gilles Lellouche, Mélanie Thierry","Belgium, France, Iceland",2023-12-06,2023,6.4,"Thriller, Drama, Adventure",fr,15.47,155,6.4,22800000,1418682,0.06
734002,Movie,The Peasants,"Hugh Welchman, DK Welchman","Kamila Urzędowska, Robert Gulaczyk, Mirosław Baka, Sonia Mietielica, Ewa Kasprzyk","Lithuania, Poland, Serbia",2023-10-13,2023,7.6,"Animation, History, Drama",pl,15.313,124,7.6,7475000,10064347,1.35
1053600,Movie,"20,000 Species of Bees",Estibaliz Urresola Solaguren,"Sofía Otero, Patricia López Arnaiz, Ane Gabarain, Itziar Lazkano, Martxelo Rubio",Spain,2023-04-21,2023,7.0,Drama,es,15.251,97,7.0,2000000,1193593,0.6
1092329,Movie,Journey to Bethlehem,Adam Anders,"Fiona Palomo, Milo Manheim, Omid Djalili, Rizwan Manji, Geno Segers",United States of America,2023-11-09,2023,7.9,"Family, Drama",en,15.211,71,7.9,6000000,7778330,1.3
983883,Movie,Marry My Dead Body,Cheng Wei-hao,"Greg Hsu, Austin Lin, Gingle Wang, Tsai Chen-Nan, Ma Nien-Hsien",Taiwan,2023-02-10,2023,7.0,"Comedy, Mystery, Action",zh,15.129,152,7.0,1874400,15410325,8.22
586810,Movie,Mars Express,Jérémie Périn,"Léa Drucker, Mathieu Amalric, Daniel Njo Lobé, Marie Bouvet, Sébastien Chassagne",France,2023-11-22,2023,7.5,"Animation, Science Fiction, Action, Mystery",fr,14.515,344,7.5,7900000,1455713,0.18
753091,Movie,The Moon,Kim Yong-hwa,"Sul Kyung-gu, Doh Kyung-soo, Kim Hee-ae, Park Byung-eun, Jo Han-chul",South Korea,2023-08-02,2023,6.522,"Drama, Adventure, Science Fiction",ko,14.419,159,6.522,20000000,92718,0.0
523607,Movie,Maestro,Bradley Cooper,"Carey Mulligan, Bradley Cooper, Matt Bomer, Vincenzo Amato, Greg Hildreth",United States of America,2023-11-22,2023,6.333,"Drama, Romance, Music",en,13.969,738,6.333,80000000,300000,0.0
823452,Movie,The Boys in the Boat,George Clooney,"Joel Edgerton, Callum Turner, Peter Guinness, Sam Strike, Thomas Elms",United States of America,2023-12-25,2023,7.3,"Drama, History",en,13.881,273,7.3,40000000,54401583,1.36
989672,Movie,Just the Two of Us,Valérie Donzelli,"Virginie Efira, Melvil Poupaud, Dominique Reymond, Romane Bohringer, Virginie Ledoyen",France,2023-05-24,2023,7.0,"Thriller, Drama, Romance",fr,13.869,284,7.0,6300000,5099005,0.81
1108211,Movie,Lost in the Stars,"Xiang Liu, Rui Cui","Zhu Yilong, Ni Ni, Janice Man, Du Jiang, Vincent Matile",China,2023-06-22,2023,6.5,"Mystery, Crime, Thriller",zh,13.794,83,6.5,9500000,334039200,35.16
869612,Movie,Master Gardener,Paul Schrader,"Joel Edgerton, Sigourney Weaver, Quintessa Swindell, Esai Morales, Eduardo Losan","Australia, United States of America",2023-05-19,2023,6.1,"Drama, Crime, Mystery, Thriller",en,13.705,261,6.1,4100000,1506008,0.37
719256,Movie,Jesus Revolution,"Brent McCorkle, Jon Erwin","Joel Courtney, Kelsey Grammer, Jonathan Roumie, Kimberly Williams-Paisley, Anna Grace Barlow",United States of America,2023-02-23,2023,6.6,"Drama, History",en,13.45,136,6.6,15000000,52300000,3.49
715385,Movie,No Dogs or Italians Allowed,Alain Ughetto,"Ariane Ascaride, Alain Ughetto, Stefano Paganini, Diego Giuliani, Christophe Gatto","Belgium, France, Italy, Portugal, Switzerland",2023-01-25,2023,7.5,"Animation, Drama, History",fr,13.095,121,7.5,5,1395922,279184.4
823598,Movie,The Goldfinger,Felix Chong Man-Keung,"Tony Leung, Andy Lau Tak-Wah, Charlene Choi Cheuk-Yin, Simon Yam, Michael Ning","China, Hong Kong",2023-12-30,2023,6.1,"Crime, Drama",cn,13.019,44,6.1,45000000,6136329,0.14
676727,Movie,The Inventor,"Pierre-Luc Granjon, Jim Capobianco","Stephen Fry, Daisy Ridley, Marion Cotillard, Matt Berry, Natalie Palamides","France, Ireland, United States of America",2023-09-15,2023,6.3,"Animation, Drama, Family, History",en,13.003,18,6.3,10000000,2037563,0.2
986280,Movie,Fallen Leaves,Aki Kaurismäki,"Alma Pöysti, Jussi Vatanen, Janne Hyytiäinen, Nuppu Koivu, Mia Snellman","Finland, Germany",2023-09-14,2023,7.2,"Romance, Comedy, Drama",fi,12.891,572,7.2,1480000,12400000,8.38
982271,Movie,Book Club: The Next Chapter,Bill Holderman,"Diane Keaton, Jane Fonda, Candice Bergen, Mary Steenburgen, Andy García",United States of America,2023-05-11,2023,6.304,"Comedy, Romance",en,12.728,184,6.304,20000000,27849137,1.39
843394,Movie,Cat Person,Susanna Fogel,"Emilia Jones, Nicholas Braun, Geraldine Viswanathan, Isabella Rossellini, Hope Davis","France, United States of America",2023-10-06,2023,5.8,"Thriller, Comedy",en,12.488,77,5.8,12000000,282000,0.02
844417,Movie,Marlowe,Neil Jordan,"Liam Neeson, Diane Kruger, Jessica Lange, Danny Huston, Alan Cumming","France, Ireland, Spain, United States of America",2023-02-15,2023,5.7,Crime,en,12.434,377,5.7,20000000,6262663,0.31
977506,Movie,The Crime Is Mine,François Ozon,"Nadia Tereszkiewicz, Rebecca Marder, Isabelle Huppert, Fabrice Luchini, Dany Boon",France,2023-02-24,2023,6.4,"Crime, Comedy, Mystery, Drama",fr,12.113,406,6.4,13700000,10436638,0.76
1048522,Movie,Fremont,Babak Jalali,"Anaita Wali Zada, Jeremy Allen White, Gregg Turkington, Hilda Schmelling, Siddique Ahmed",United States of America,2023-08-25,2023,6.458,"Comedy, Drama",en,12.1,83,6.458,3000000,600376,0.2
1068452,Movie,Hi Nanna,Shouryuv,"Nani, Mrunal Thakur, Baby Kiara Khanna, Jayaram, Shilpa Tulaskar",India,2023-12-07,2023,7.7,"Drama, Family, Romance",te,12.05,45,7.7,7819000,9184966,1.17
720557,Movie,Tiger 3,Maneesh Sharma,"Salman Khan, Katrina Kaif, Emraan Hashmi, Simran, Revathi","Austria, India, Russia, Turkey",2023-11-12,2023,5.837,"Action, Adventure, Thriller",hi,11.972,49,5.837,38000000,47000000,1.24
859235,Movie,Coup de Chance,Woody Allen,"Lou de Laâge, Valérie Lemercier, Melvil Poupaud, Niels Schneider, Elsa Zylberstein","France, United Kingdom, United States of America",2023-09-15,2023,6.2,"Romance, Drama, Comedy",fr,11.964,377,6.2,10000000,3767399,0.38
1035806,Movie,Detective Knight: Independence,Edward Drake,"Bruce Willis, Lochlyn Munro, Jimmy Jean-Louis, Jack Kilmer, Willow Shields","Canada, United States of America",2023-01-20,2023,5.4,"Action, Crime, Thriller",en,11.88,175,5.4,2000000,36171,0.02
824016,Movie,The Palace,Roman Polanski,"Oliver Masucci, Fanny Ardant, John Cleese, Bronwyn James, Joaquim de Almeida","Belgium, France, Italy, Poland, Switzerland",2023-09-28,2023,5.4,"Comedy, Drama",en,11.778,170,5.4,18700000,420350,0.02
1001026,Movie,Open Season,"Antonin Fourlon, Frédéric Forestier","Hakim Jemili, Camille Lou, Didier Bourdon, Thierry Lhermitte, Jean-François Cayrey","Belgium, France",2023-12-20,2023,5.924,Comedy,fr,11.777,139,5.924,9827000,14990406,1.53
949229,Movie,Leo,Lokesh Kanagaraj,"Vijay, Sanjay Dutt, Arjun Sarja, Trisha Krishnan, Gautham Vasudev Menon",India,2023-10-18,2023,6.9,"Action, Crime, Thriller",ta,11.716,92,6.9,42219285,71772785,1.7
986054,Movie,Theater Camp,"Molly Gordon, Nick Lieberman","Ben Platt, Molly Gordon, Noah Galvin, Jimmy Tatro, Caroline Aaron",United States of America,2023-07-13,2023,6.5,Comedy,en,11.486,177,6.5,5000000,4400000,0.88
1032666,Movie,Bunker,Adrian Langley,"Roger Clark, Luke Baines, Sean Cullen, Julian Feder, Kayla Jenee Radomski",United States of America,2023-09-14,2023,6.9,"Horror, Thriller, War",en,11.391,42,6.9,2500000,101045,0.04
973778,Movie,The End We Start From,Mahalia Belo,"Jodie Comer, Katherine Waterston, Joel Fry, Mark Strong, Gina McKee","United Kingdom, United States of America",2023-12-08,2023,5.7,"Drama, Mystery, Thriller",en,11.016,94,5.7,10000000,604830,0.06
965890,Movie,Vincent Must Die,Stéphan Castang,"Karim Leklou, Vimala Pons, Hervé Pierre, Sébastien Chabane, Anne-Gaëlle Jourdain","Belgium, France",2023-11-15,2023,6.401,"Drama, Fantasy, Comedy, Thriller",fr,10.8,157,6.401,4340000,158787,0.04
934506,Movie,A Real Job,Thomas Lilti,"Vincent Lacoste, François Cluzet, Louise Bourgoin, Adèle Exarchopoulos, William Lebghil",France,2023-09-13,2023,6.361,"Comedy, Drama",fr,10.761,238,6.361,8200000,3452861,0.42
753336,Movie,Origin,Ava DuVernay,"Aunjanue Ellis-Taylor, Niecy Nash-Betts, Jon Bernthal, Emily Yancy, Finn Wittrock",United States of America,2023-12-08,2023,6.607,Drama,en,10.585,56,6.607,38000000,4474931,0.12
1074049,Movie,A Moroccan Affair,Álvaro Fernández Armero,"Julián López, Michelle Jenner, Elena Irureta, María Ramos Mouhoub, Hamza Zaidi",Spain,2023-12-01,2023,5.977,"Comedy, Family",es,10.245,87,5.977,5500000,10950000,1.99
1185743,Movie,Renaissance: A Film by Beyoncé,Beyoncé,"Beyoncé, Jay-Z, Blue Ivy Carter, Sir Carter, Rumi Carter",United States of America,2023-12-01,2023,8.6,"Music, Documentary",en,10.198,29,8.6,15000000,44029271,2.94
978870,Movie,Last Night of Amore,Andrea Di Stefano,"Pierfrancesco Favino, Linda Caridi, Antonio Gerardi, Francesco Di Leva, Katia Mironova",Italy,2023-03-09,2023,7.2,"Thriller, Crime",it,10.183,484,7.2,9500000,3800000,0.4
960876,Movie,Dunki,Rajkumar Hirani,"Shah Rukh Khan, Taapsee Pannu, Vikram Kochhar, Anil Grover, Boman Irani",India,2023-12-21,2023,6.1,"Adventure, Comedy, Drama",hi,10.018,77,6.1,239000000,501000000,2.1
1108658,Movie,The Shift,Brock Heasley,"Kristoffer Polaha, Neal McDonough, Elizabeth Tabish, Sean Astin, Jason Marsden",United States of America,2023-11-30,2023,6.2,Science Fiction,en,9.732,59,6.2,6500000,12238643,1.88
965791,Movie,A Difficult Year,"Éric Toledano, Olivier Nakache","Pio Marmaï, Jonathan Cohen, Noémie Merlant, Mathieu Amalric, Grégoire Leprince-Ringuet",France,2023-10-18,2023,5.91,Comedy,fr,9.706,279,5.91,13000000,7004555,0.54
1008903,Movie,Left Behind: Rise of the Antichrist,Kevin Sorbo,"Kevin Sorbo, Neal McDonough, Corbin Bernsen, Bailey Chase, Sarah Fisher",Canada,2023-01-26,2023,4.848,"Science Fiction, Action, Thriller, Fantasy",en,9.555,23,4.848,10000000,3649422,0.36
1032194,Movie,The Blind,Andrew Hyatt,"Aron von Andrian, Amelia Eve, Scarlett Abinante, Matthew Erick White, Ronan Carroll",United States of America,2023-09-28,2023,6.8,Drama,en,9.487,28,6.8,30000000,17265487,0.58
935906,Movie,Scrapper,Charlotte Regan,"Lola Campbell, Harris Dickinson, Alin Uzun, Laura Aikman, Ambreen Razia",United Kingdom,2023-08-25,2023,6.7,"Comedy, Drama",en,9.474,131,6.7,84,1234483,14696.23
1126128,Movie,13 Bombs,Angga Dwimas Sasongko,"Chicco Kurniawan, Ardhito Pramono, Lutesha, Muhammad Khan, Putri Ayudya","Indonesia, South Korea",2023-12-28,2023,7.2,"Action, Crime, Thriller",id,9.399,19,7.2,4722030,953672,0.2
1118824,Movie,Mallari,Derick Cabrido,"Piolo Pascual, Gloria Diaz, Janella Salvador, JC Santos, Elisse Joson",Philippines,2023-12-25,2023,7.1,"Horror, Mystery, Thriller",tl,9.261,7,7.1,1350000,3800000,2.81
989596,Movie,The Braid,Laetitia Colombani,"Kim Raver, Fotinì Peluso, Mia Maelzer, Katharine King So, Avi Nash","Belgium, Canada, France, Italy",2023-11-29,2023,7.6,"Drama, Comedy",en,9.24,158,7.6,8500000,9235757,1.09
1036312,Movie,21 Positions,Néstor Ruiz Medina,"María Lázaro, Fernando Barona, Mario Fernández Alonso",Spain,2023-11-21,2023,6.2,Drama,es,9.148,6,6.2,186413,2168,0.01
1027982,Movie,Abang Adik,Jin Ong,"Wu Kang-ren, Jack Tan, Serene Lim, Tan Kim Wang, Bront Palarae","Malaysia, Singapore, Taiwan",2023-12-01,2023,7.6,"Drama, Crime",zh,9.021,33,7.6,653000,1363827,2.09
762509,Movie,Mufasa: The Lion King,Barry Jenkins,"Aaron Pierre, Kelvin Harrison, Jr., Tiffany Boone, Kagiso Lediga, Preston Nyman",United States of America,2024-12-18,2024,7.467,"Adventure, Family, Animation",en,2643.627,1497,7.467,200000000,700197856,3.5
939243,Movie,Sonic the Hedgehog 3,Jeff Fowler,"Jim Carrey, Ben Schwartz, Keanu Reeves, Idris Elba, Colleen O'Shaughnessey","United States of America, Japan",2024-12-19,2024,7.742,"Action, Science Fiction, Comedy, Family",en,2402.503,2047,7.742,122000000,472518457,3.87
1241982,Movie,Moana 2,"David G. Derrick Jr., Jason Hand, Dana Ledoux Miller","Auliʻi Cravalho, Dwayne Johnson, Hualālai Chung, Rose Matafeo, David Fane","Canada, United States of America",2024-11-21,2024,7.1,"Animation, Adventure, Family, Comedy",en,2347.007,1758,7.1,150000000,1044396565,6.96
539972,Movie,Kraven the Hunter,J.C. Chandor,"Aaron Taylor-Johnson, Ariana DeBose, Fred Hechinger, Alessandro Nivola, Christopher Abbott",United States of America,2024-12-11,2024,6.7,"Action, Adventure, Thriller",en,1195.885,1333,6.7,120000000,59184643,0.49
912649,Movie,Venom: The Last Dance,Kelly Marcel,"Tom Hardy, Chiwetel Ejiofor, Juno Temple, Rhys Ifans, Stephen Graham",United States of America,2024-10-22,2024,6.786,"Action, Science Fiction, Adventure",en,931.677,2946,6.786,120000000,478103649,3.98
558449,Movie,Gladiator II,Ridley Scott,"Paul Mescal, Denzel Washington, Pedro Pascal, Connie Nielsen, Joseph Quinn",United States of America,2024-11-13,2024,6.767,"Action, Adventure, Drama",en,875.346,2934,6.767,310000000,458718000,1.48
549509,Movie,The Brutalist,Brady Corbet,"Adrien Brody, Felicity Jones, Guy Pearce, Joe Alwyn, Raffey Cassidy","United Kingdom, United States of America",2024-12-20,2024,7.065,Drama,en,760.893,684,7.065,9000000,41360246,4.6
933260,Movie,The Substance,Coralie Fargeat,"Demi Moore, Margaret Qualley, Dennis Quaid, Edward Hamilton-Clark, Gore Abrams","France, United Kingdom, United States of America",2024-09-07,2024,7.1,"Horror, Science Fiction",en,755.912,4019,7.1,17500000,76506196,4.37
1064213,Movie,Anora,Sean Baker,"Mikey Madison, Mark Eydelshteyn, Yura Borisov, Karren Karagulian, Vache Tovmasyan",United States of America,2024-10-14,2024,7.1,"Drama, Comedy, Romance",en,726.2,1264,7.1,6000000,38475235,6.41
1064486,Movie,Memoir of a Snail,Adam Elliot,"Sarah Snook, Kodi Smit-McPhee, Jacki Weaver, Magda Szubanski, Dominique Pinon",Australia,2024-10-17,2024,7.8,"Animation, Drama, Comedy",en,719.126,224,7.8,4350000,1189972,0.27
1035048,Movie,Elevation,George Nolfi,"Anthony Mackie, Morena Baccarin, Maddie Hasson, Danny Boyd Jr., Rachel Nicks",United States of America,2024-11-07,2024,6.5,"Action, Science Fiction, Thriller",en,605.354,596,6.5,18000000,3300000,0.18
402431,Movie,Wicked,Jon M. Chu,"Cynthia Erivo, Ariana Grande, Jeff Goldblum, Michelle Yeoh, Jonathan Bailey",United States of America,2024-11-20,2024,6.9,"Drama, Romance, Fantasy",en,593.834,1854,6.9,150000000,728145850,4.85
516729,Movie,Paddington in Peru,Dougal Wilson,"Ben Whishaw, Hugh Bonneville, Emily Mortimer, Samuel Joslin, Madeleine Harris","United Kingdom, France, United States of America, Japan",2024-11-08,2024,6.8,"Family, Adventure, Comedy",en,571.327,184,6.8,90000000,150254414,1.67
519182,Movie,Despicable Me 4,Chris Renaud,"Steve Carell, Kristen Wiig, Will Ferrell, Sofía Vergara, Miranda Cosgrove",United States of America,2024-06-20,2024,7.06,"Animation, Family, Comedy, Science Fiction",en,559.221,2587,7.06,100000000,969280910,9.69
1184918,Movie,The Wild Robot,Chris Sanders,"Lupita Nyong'o, Pedro Pascal, Kit Connor, Bill Nighy, Stephanie Hsu",United States of America,2024-09-12,2024,8.3,"Animation, Science Fiction, Family",en,545.961,4437,8.3,78000000,331982078,4.26
974576,Movie,Conclave,Edward Berger,"Ralph Fiennes, Stanley Tucci, John Lithgow, Isabella Rossellini, Lucian Msamati","United Kingdom, United States of America",2024-10-25,2024,7.1,"Drama, Thriller",en,503.957,1494,7.1,20000000,95579868,4.78
426063,Movie,Nosferatu,Robert Eggers,"Lily-Rose Depp, Nicholas Hoult, Bill Skarsgård, Aaron Taylor-Johnson, Willem Dafoe",United States of America,2024-12-25,2024,6.686,"Fantasy, Horror",en,496.505,2270,6.686,50000000,177225075,3.54
533535,Movie,Deadpool & Wolverine,Shawn Levy,"Ryan Reynolds, Hugh Jackman, Emma Corrin, Matthew Macfadyen, Dafne Keen",United States of America,2024-07-24,2024,7.619,"Action, Comedy, Science Fiction",en,484.727,6809,7.619,200000000,1338073645,6.69
811941,Movie,Devara: Part 1,Koratala Siva,"N.T. Rama Rao Jr., Saif Ali Khan, Prakash Raj, Srikanth, Kalaiyarasan",India,2024-09-26,2024,7.1,"Action, Drama",te,455.223,168,7.1,24000000,54000000,2.25
845781,Movie,Red One,Jake Kasdan,"Dwayne Johnson, Chris Evans, Lucy Liu, J.K. Simmons, Bonnie Hunt",United States of America,2024-10-31,2024,7.1,"Action, Fantasy, Comedy",en,449.798,2351,7.1,250000000,185700759,0.74
839033,Movie,The Lord of the Rings: The War of the Rohirrim,Kenji Kamiyama,"Brian Cox, Gaia Wise, Luke Pasqualino, Laurence Ubong Williams, Lorraine Ashbourne","Japan, New Zealand, United States of America",2024-12-05,2024,6.647,"Animation, Fantasy, Adventure, Action",en,442.253,462,6.647,30000000,19958572,0.67
1022789,Movie,Inside Out 2,Kelsey Mann,"Amy Poehler, Maya Hawke, Kensington Tallman, Liza Lapira, Tony Hale",United States of America,2024-06-11,2024,7.6,"Animation, Adventure, Comedy, Family",en,437.374,5600,7.6,200000000,1698863816,8.49
974453,Movie,Absolution,Hans Petter Moland,"Liam Neeson, Ron Perlman, Yolonda Ross, Frankie Shaw, Daniel Diemer",United States of America,2024-10-31,2024,5.896,"Action, Crime, Thriller, Mystery",en,434.123,352,5.896,30000000,3854594,0.13
1138194,Movie,Heretic,"Scott Beck, Bryan Woods","Hugh Grant, Sophie Thatcher, Chloe East, Topher Grace, Elle Young",United States of America,2024-10-31,2024,7.2,"Horror, Thriller",en,342.098,1213,7.2,10000000,51913394,5.19
1028196,Movie,Nickel Boys,RaMell Ross,"Ethan Herisse, Brandon Wilson, Aunjanue Ellis-Taylor, Hamish Linklater, Gralen Bryant Banks",United States of America,2024-12-13,2024,6.491,Drama,en,330.497,163,6.491,23200000,2851181,0.12
945961,Movie,Alien: Romulus,Fede Álvarez,"Cailee Spaeny, David Jonsson, Archie Renaux, Isabela Merced, Spike Fearn",United States of America,2024-08-13,2024,7.2,"Horror, Science Fiction",en,328.825,3388,7.2,80000000,350865342,4.39
573435,Movie,Bad Boys: Ride or Die,"Adil El Arbi, Bilall Fallah","Will Smith, Martin Lawrence, Vanessa Hudgens, Alexander Ludwig, Paola Nuñez",United States of America,2024-06-05,2024,7.384,"Action, Comedy, Crime, Thriller, Adventure",en,319.366,2783,7.384,100000000,404547819,4.05
1100782,Movie,Smile 2,Parker Finn,"Naomi Scott, Rosemarie DeWitt, Lukas Gage, Miles Gutierrez-Riley, Peter Jacobson",United States of America,2024-10-16,2024,6.586,"Horror, Mystery",en,314.013,1331,6.586,28000000,138083280,4.93
698687,Movie,Transformers One,Josh Cooley,"Chris Hemsworth, Brian Tyree Henry, Scarlett Johansson, Keegan-Michael Key, Jon Hamm",United States of America,2024-09-11,2024,8.095,"Animation, Science Fiction, Adventure, Family",en,299.232,1119,8.095,75000000,128888103,1.72
1029235,Movie,Azrael,E.L. Katz,"Samara Weaving, Vic Carmen Sonne, Katariina Unt, Peter Christoffersen, Nathan Stewart-Jarrett","Estonia, United States of America",2024-09-27,2024,6.0,"Action, Horror, Thriller",en,295.344,255,6.0,12000000,631272,0.05
693134,Movie,Dune: Part Two,Denis Villeneuve,"Timothée Chalamet, Zendaya, Rebecca Ferguson, Javier Bardem, Josh Brolin",United States of America,2024-02-27,2024,8.148,"Science Fiction, Adventure",en,286.234,6347,8.148,190000000,714444358,3.76
974950,Movie,Emilia Pérez,Jacques Audiard,"Karla Sofía Gascón, Zoe Saldaña, Selena Gomez, Adriana Paz, Edgar Ramírez","Belgium, France, United States of America, Mexico",2024-08-21,2024,6.856,"Drama, Thriller",fr,281.418,1381,6.856,26000000,15366077,0.59
1034541,Movie,Terrifier 3,Damien Leone,"Lauren LaVera, David Howard Thornton, Samantha Scaffidi, Elliott Fullam, Margaret Anne Florence",United States of America,2024-10-09,2024,6.9,"Horror, Thriller",en,276.593,1490,6.9,2000000,89947122,44.97
799766,Movie,Better Man,Michael Gracey,"Robbie Williams, Jonno Davies, Steve Pemberton, Alison Steadman, Kate Mulvany","Australia, United Kingdom, United States of America, China, Cyprus",2024-12-06,2024,7.6,"Music, Drama",en,263.61,254,7.6,110000000,20120006,0.18
1097549,Movie,Babygirl,Halina Reijn,"Nicole Kidman, Harris Dickinson, Antonio Banderas, Esther-Rose McGregor, Sophie Wilde","United States of America, Netherlands",2024-12-25,2024,5.793,Drama,en,246.179,522,5.793,20000000,60934894,3.05
1000837,Movie,I'm Still Here,Walter Salles,"Fernanda Torres, Selton Mello, Valentina Herszage, Bárbara Luz, Guilherme Silveira","Brazil, France",2024-09-19,2024,7.9,"Drama, History",pt,234.13,392,7.9,1480000,29940623,20.23
1011985,Movie,Kung Fu Panda 4,Mike Mitchell,"Jack Black, Awkwafina, Viola Davis, Dustin Hoffman, Bryan Cranston",United States of America,2024-03-02,2024,7.074,"Animation, Family, Action, Comedy",en,212.888,2989,7.074,80000000,548040835,6.85
823464,Movie,Godzilla x Kong: The New Empire,Adam Wingard,"Rebecca Hall, Brian Tyree Henry, Dan Stevens, Kaylee Hottle, Alex Ferns",United States of America,2024-03-27,2024,7.111,"Action, Adventure, Science Fiction",en,197.094,4077,7.111,150000000,571750016,3.81
786892,Movie,Furiosa: A Mad Max Saga,George Miller,"Anya Taylor-Joy, Chris Hemsworth, Tom Burke, Alyla Browne, George Shevtsov","Australia, United States of America",2024-05-22,2024,7.491,"Action, Science Fiction, Adventure",en,194.776,3941,7.491,170000000,173775791,1.02
957452,Movie,The Crow,Rupert Sanders,"Bill Skarsgård, FKA twigs, Danny Huston, Josette Simon, Laura Birn","France, Germany, United Kingdom, United States of America",2024-08-21,2024,5.8,"Action, Fantasy, Horror",en,190.792,966,5.8,50000000,24109036,0.48
1084736,Movie,The Count of Monte Cristo,"Alexandre de La Patellière, Matthieu Delaporte","Pierre Niney, Bastien Bouillon, Anaïs Demoustier, Anamaria Vartolomei, Laurent Lafitte",France,2024-06-28,2024,8.0,"Action, Adventure, Drama",fr,189.699,1466,8.0,46000000,75360860,1.64
748783,Movie,The Garfield Movie,Mark Dindal,"Chris Pratt, Samuel L. Jackson, Hannah Waddingham, Ving Rhames, Nicholas Hoult","Hong Kong, United Kingdom, United States of America",2024-04-30,2024,7.082,"Animation, Comedy, Family, Adventure",en,185.925,1222,7.082,60000000,254907482,4.25
661539,Movie,A Complete Unknown,James Mangold,"Timothée Chalamet, Edward Norton, Elle Fanning, Monica Barbaro, Scoot McNairy",United States of America,2024-12-18,2024,7.196,"Drama, Music",en,183.905,588,7.196,65000000,110280739,1.7
653346,Movie,Kingdom of the Planet of the Apes,Wes Ball,"Owen Teague, Freya Allan, Kevin Durand, Peter Macon, William H. Macy",United States of America,2024-05-08,2024,7.1,"Science Fiction, Adventure, Action, Drama, Thriller",en,181.483,3592,7.1,160000000,397378150,2.48
639720,Movie,IF,John Krasinski,"Cailey Fleming, Ryan Reynolds, John Krasinski, Fiona Shaw, Steve Carell",United States of America,2024-05-08,2024,7.1,"Comedy, Fantasy, Family",en,177.625,1279,7.1,110000000,190309707,1.73
1013850,Movie,A Real Pain,Jesse Eisenberg,"Jesse Eisenberg, Kieran Culkin, Will Sharpe, Jennifer Grey, Kurt Egyiawan","Poland, United States of America",2024-11-01,2024,6.786,"Comedy, Drama",en,172.538,594,6.786,3000000,20581325,6.86
762441,Movie,A Quiet Place: Day One,Michael Sarnoski,"Lupita Nyong'o, Joseph Quinn, Alex Wolff, Djimon Hounsou, Eliane Umuhire",United States of America,2024-06-26,2024,6.7,"Horror, Science Fiction, Thriller",en,167.982,2568,6.7,67000000,261907653,3.91
929590,Movie,Civil War,Alex Garland,"Kirsten Dunst, Wagner Moura, Cailee Spaeny, Stephen McKinley Henderson, Nelson Lee","Finland, United Kingdom, United States of America",2024-04-10,2024,6.9,"War, Action, Drama",en,164.805,3373,6.9,50000000,126542249,2.53
1029281,Movie,Strange Darling,JT Mollner,"Willa Fitzgerald, Kyle Gallner, Madisen Beaty, Bianca A. Santos, Steven Michael Quezada",United States of America,2024-08-22,2024,6.9,"Crime, Horror, Thriller",en,145.026,429,6.9,4000000,3504687,0.88
1064028,Movie,Subservience,SK Dale,"Megan Fox, Michele Morrone, Madeline Zima, Matilda Firth, Andrew Whipp",United States of America,2024-08-15,2024,6.677,"Science Fiction, Thriller",en,144.482,633,6.677,4400000,262793,0.06
726139,Movie,Project Silence,Kim Tae-gon,"Lee Sun-kyun, Ju Ji-hoon, Kim Hee-won, Moon Sung-keun, Ye Su-jeong",South Korea,2024-07-11,2024,7.0,"Thriller, Action, Horror, Science Fiction, Adventure",ko,142.146,328,7.0,14750000,6283415,0.43
1111873,Movie,Abigail,"Matt Bettinelli-Olpin, Tyler Gillett","Melissa Barrera, Dan Stevens, Alisha Weir, William Catlett, Kathryn Newton",United States of America,2024-04-16,2024,6.8,"Horror, Thriller",en,140.702,1424,6.8,28000000,42791449,1.53
1154215,Movie,Elyas,Florent-Emilio Siri,"Roschdy Zem, Laëtitia Eïdo, Nabil Elouahabi, Sherwan Haji, Dimitri Storoge",France,2024-07-03,2024,6.2,"Action, Thriller",fr,139.722,100,6.2,12460000,1359330,0.11
437342,Movie,The First Omen,Arkasha Stevenson,"Nell Tiger Free, Ralph Ineson, Sônia Braga, Tawfeek Barhom, María Caballero",United States of America,2024-04-03,2024,6.8,Horror,en,131.488,1027,6.8,30000000,53992802,1.8
866398,Movie,The Beekeeper,David Ayer,"Jason Statham, Emmy Raver-Lampman, Josh Hutcherson, Bobby Naderi, Minnie Driver","United Kingdom, United States of America",2024-01-08,2024,7.337,"Crime, Action, Thriller",en,130.603,3387,7.337,35000000,152720535,4.36
1167271,Movie,Weekend in Taipei,George Huang,"Luke Evans, Gwei Lun-Mei, Sung Kang, Wyatt Yang, Pernell Walker","France, Taiwan",2024-09-19,2024,6.2,"Action, Adventure, Thriller",en,124.992,154,6.2,30000000,2826064,0.09
1226578,Movie,Longlegs,Osgood Perkins,"Maika Monroe, Nicolas Cage, Blair Underwood, Alicia Witt, Michelle Choi-Lee","Canada, United States of America",2024-07-10,2024,6.6,"Crime, Horror, Thriller",en,124.282,1857,6.6,10000000,126942386,12.69
588648,Movie,Dragonkeeper,"Jian-Ping Li, Salvador Simó","Lucía Pérez, Mario Gas, Fernando Castro, Carlos de Luna, José Gómez Adán","China, Spain",2024-04-11,2024,7.6,"Animation, Family, Action, Adventure, Fantasy",zh,121.393,175,7.6,25600000,6206231,0.24
976576,Movie,Emmanuelle,Audrey Diwan,"Noémie Merlant, Will Sharpe, Jamie Campbell Bower, Chacha Huang, Anthony Wong Chau-Sang",France,2024-09-25,2024,5.0,"Romance, Drama",en,120.955,49,5.0,19000000,578924,0.03
1087822,Movie,Hellboy: The Crooked Man,Brian Taylor,"Jack Kesy, Jefferson White, Adeline Rudolph, Martin Bassindale, Leah McNamara","United States of America, Germany",2024-08-29,2024,5.3,"Fantasy, Horror, Action",en,119.029,367,5.3,20000000,2014050,0.1
1114513,Movie,Speak No Evil,James Watkins,"James McAvoy, Mackenzie Davis, Scoot McNairy, Aisling Franciosi, Alix West Lefler",United States of America,2024-09-11,2024,7.3,"Horror, Thriller",en,118.93,1311,7.3,15000000,76756109,5.12
889737,Movie,Joker: Folie à Deux,Todd Phillips,"Joaquin Phoenix, Lady Gaga, Brendan Gleeson, Catherine Keener, Zazie Beetz",United States of America,2024-10-01,2024,5.489,"Drama, Crime, Thriller",en,118.738,2190,5.489,195000000,206400287,1.06
718821,Movie,Twisters,Lee Isaac Chung,"Daisy Edgar-Jones, Glen Powell, Anthony Ramos, Brandon Perea, Maura Tierney",United States of America,2024-07-10,2024,6.9,"Action, Thriller",en,115.305,2254,6.9,155000000,370962265,2.39
1079091,Movie,It Ends with Us,Justin Baldoni,"Blake Lively, Justin Baldoni, Jenny Slate, Brandon Sklenar, Hasan Minhaj",United States of America,2024-08-07,2024,7.071,"Drama, Romance",en,113.18,1471,7.071,25000000,350993761,14.04
1084863,Movie,The Soul Eater,"Alexandre Bustillo, Julien Maury","Virginie Ledoyen, Paul Hamy, Sandrine Bonnaire, Malik Zidi, Emmanuel Lanzi","Belgium, France",2024-04-24,2024,6.2,"Thriller, Horror, Crime, Mystery",fr,111.625,144,6.2,3500000,864825,0.25
938614,Movie,Late Night with the Devil,"Cameron Cairnes, Colin Cairnes","David Dastmalchian, Laura Gordon, Ian Bliss, Fayssal Bazzi, Ingrid Torelli","Australia, United Arab Emirates, United States of America",2024-03-19,2024,7.173,Horror,en,109.706,1396,7.173,2000000,15469415,7.73
728949,Movie,Nightbitch,Marielle Heller,"Amy Adams, Scoot McNairy, Jessica Harper, Zoë Chao, Mary Holland",United States of America,2024-12-06,2024,5.806,Comedy,en,108.649,219,5.806,20000000,170737,0.01
365177,Movie,Borderlands,Eli Roth,"Cate Blanchett, Kevin Hart, Edgar Ramírez, Jamie Lee Curtis, Ariana Greenblatt","Luxembourg, United States of America",2024-08-07,2024,5.7,"Action, Science Fiction, Comedy",en,106.537,1041,5.7,115000000,32978510,0.29
1079485,Movie,Winnie-the-Pooh: Blood and Honey 2,Rhys Frake-Waterfield,"Scott Chambers, Ryan Oliva, Marcus Massey, Tallulah Evans, Lewis Santer",United Kingdom,2024-03-26,2024,6.026,"Horror, Thriller",en,106.518,342,6.026,415000,7582541,18.27
814889,Movie,Never Let Go,Alexandre Aja,"Halle Berry, Anthony B. Jenkins, William Catlett, Percy Daggs IV, Matthew Kevin Anderson","United States of America, Canada, France",2024-09-18,2024,6.2,"Horror, Drama",en,106.289,369,6.2,20000000,21768945,1.09
1016848,Movie,The Front Room,"Max Eggers, Sam Eggers","Brandy Norwood, Andrew Burnap, Kathryn Hunter, Neal Huff, David Manis","United Kingdom, United States of America",2024-09-05,2024,5.3,"Horror, Comedy, Thriller",en,106.212,77,5.3,3500000,3165361,0.9
746036,Movie,The Fall Guy,David Leitch,"Ryan Gosling, Emily Blunt, Aaron Taylor-Johnson, Hannah Waddingham, Teresa Palmer","United States of America, Australia",2024-04-24,2024,7.0,"Action, Comedy, Romance",en,105.482,2810,7.0,125000000,181073291,1.45
917496,Movie,Beetlejuice Beetlejuice,Tim Burton,"Michael Keaton, Winona Ryder, Catherine O'Hara, Jenna Ortega, Justin Theroux",United States of America,2024-09-04,2024,7.063,"Comedy, Fantasy, Horror",en,104.421,2345,7.063,100000000,451100435,4.51
507241,Movie,The Killer's Game,J.J. Perry,"Dave Bautista, Sofia Boutella, Terry Crews, Pom Klementieff, Ben Kingsley","United States of America, United Kingdom, Spain",2024-09-12,2024,6.4,"Action, Comedy, Thriller",en,103.631,364,6.4,30000000,5928351,0.2
1100099,Movie,We Live in Time,John Crowley,"Andrew Garfield, Florence Pugh, Grace Delaney, Lee Braithwaite, Aoife Hinds",United Kingdom,2024-10-10,2024,7.4,"Romance, Drama",en,103.251,697,7.4,20000000,37182814,1.86
1082195,Movie,The Order,Justin Kurzel,"Jude Law, Nicholas Hoult, Tye Sheridan, Jurnee Smollett, Alison Oliver","United Kingdom, United States of America",2024-12-05,2024,6.643,"Crime, Drama, Thriller",en,100.267,450,6.643,20000000,1970445,0.1
1182047,Movie,The Apprentice,Ali Abbasi,"Sebastian Stan, Jeremy Strong, Maria Bakalova, Martin Donovan, Catherine McNally","Canada, Denmark, Ireland, Sweden, United Kingdom, United States of America",2024-10-09,2024,6.8,"History, Drama",en,96.145,524,6.8,16000000,17279457,1.08
1041613,Movie,Immaculate,Michael Mohan,"Sydney Sweeney, Álvaro Morte, Simona Tabasco, Benedetta Porcaroli, Giorgio Colangeli",United States of America,2024-03-20,2024,6.24,"Horror, Mystery, Thriller",en,88.877,1358,6.24,9000000,35340015,3.93
592831,Movie,Megalopolis,Francis Ford Coppola,"Adam Driver, Giancarlo Esposito, Nathalie Emmanuel, Aubrey Plaza, Shia LaBeouf",United States of America,2024-09-25,2024,5.276,"Science Fiction, Drama",en,88.696,700,5.276,120000000,13857002,0.12
719221,Movie,Tarot,"Spenser Cohen, Anna Halberg","Harriet Slater, Adain Bradley, Avantika, Jacob Batalon, Humberly González",United States of America,2024-05-01,2024,6.5,Horror,en,87.997,1124,6.5,8000000,49256239,6.16
840705,Movie,Blink Twice,Zoë Kravitz,"Naomi Ackie, Channing Tatum, Alia Shawkat, Christian Slater, Simon Rex",United States of America,2024-08-21,2024,6.676,"Mystery, Thriller",en,87.133,1315,6.676,20000000,46393906,2.32
763215,Movie,Damsel,Juan Carlos Fresnadillo,"Millie Bobby Brown, Ray Winstone, Angela Bassett, Brooke Carter, Nick Robinson","Spain, United States of America",2024-03-07,2024,7.03,"Fantasy, Action, Adventure",en,85.795,2346,7.03,60000000,5000,0.0
799583,Movie,The Ministry of Ungentlemanly Warfare,Guy Ritchie,"Henry Cavill, Eiza González, Alan Ritchson, Henry Golding, Cary Elwes","United Kingdom, United States of America",2024-04-18,2024,7.1,"Action, Comedy, War",en,84.319,1376,7.1,60000000,29715044,0.5
969492,Movie,Land of Bad,William Eubank,"Liam Hemsworth, Russell Crowe, Luke Hemsworth, Ricky Whittle, Milo Ventimiglia","United States of America, Australia, Czech Republic",2024-02-09,2024,7.3,"Action, War, Thriller",en,83.858,1221,7.3,18000000,7021101,0.39
826510,Movie,Harold and the Purple Crayon,Carlos Saldanha,"Zachary Levi, Lil Rel Howery, Zooey Deschanel, Benjamin Bottani, Tanya Reynolds",United States of America,2024-07-31,2024,6.829,"Family, Adventure, Fantasy, Comedy",en,83.183,258,6.829,40000000,32227855,0.81
1106739,Movie,Juror #2,Clint Eastwood,"Nicholas Hoult, Toni Collette, J.K. Simmons, Chris Messina, Gabriel Basso",United States of America,2024-10-30,2024,6.816,"Crime, Drama",en,83.074,1494,6.816,30000000,21418477,0.71
1278101,Movie,Big World,Yang Lina,"Jackson Yee, Diana Lin, Jiang Qinqin, Zhou Yutong, Liao Xueqiu",China,2024-12-27,2024,7.5,"Drama, Family",zh,81.526,13,7.5,7000000,109500000,15.64
1032823,Movie,Trap,M. Night Shyamalan,"Josh Hartnett, Ariel Donoghue, Saleka Night Shyamalan, Alison Pill, Hayley Mills",United States of America,2024-07-31,2024,6.394,"Crime, Thriller, Horror",en,78.284,1953,6.394,30000000,82677281,2.76
1160018,Movie,Kill,Nikhil Nagesh Bhat,"Lakshya Lalwani, Raghav Juyal, Tanya Maniktala, Ashish Vidhyarthi, Abhishek Chauhan",India,2024-07-03,2024,7.1,"Action, Crime, Thriller, Drama",hi,76.746,341,7.1,4800000,5600000,1.17
1155828,Movie,Sing Sing,Greg Kwedar,"Colman Domingo, Clarence Maclin, Sean San Jose, Paul Raci, David ""Dap"" Giraudy",United States of America,2024-07-12,2024,7.593,Drama,en,74.043,150,7.593,2000000,3401789,1.7
947891,Movie,My Old Ass,Megan Park,"Maisy Stella, Aubrey Plaza, Percy Hynes White, Maddie Ziegler, Kerrice Brooks",United States of America,2024-09-13,2024,6.9,"Comedy, Drama, Romance",en,73.828,271,6.9,3000000,5705895,1.9
1062215,Movie,Afraid,Chris Weitz,"John Cho, Katherine Waterston, Keith Carradine, Havana Rose Liu, Lukita Maxwell",United States of America,2024-08-28,2024,6.0,"Horror, Science Fiction, Thriller",en,73.211,355,6.0,12000000,12977758,1.08
923667,Movie,Twilight of the Warriors: Walled In,Soi Cheang,"Raymond Lam Fung, Sammo Hung Kam-Bo, Louis Koo, Richie Jen, Terrance Lau Chun-Him","China, Hong Kong",2024-04-23,2024,7.0,"Action, Crime, Thriller",cn,72.187,308,7.0,38400000,95399186,2.48
1059128,Movie,Queer,Luca Guadagnino,"Daniel Craig, Drew Starkey, Jason Schwartzman, Lesley Manville, Henry Zaga","Italy, United States of America",2024-11-27,2024,6.915,"Drama, Romance",en,72.182,207,6.915,53400000,3865730,0.07
1086747,Movie,The Watchers,Ishana Night Shyamalan,"Dakota Fanning, Georgina Campbell, Olwen Fouéré, Oliver Finnegan, Alistair Brammer","United States of America, Ireland",2024-06-06,2024,6.4,"Fantasy, Horror, Mystery",en,71.242,1189,6.4,30000000,51147812,1.7
949484,Movie,Hounds of War,Isaac Florentine,"Frank Grillo, Robert Patrick, Rhona Mitra, Leeshon Alexander, Urs Rechn",United States of America,2024-08-29,2024,6.3,"Action, Thriller",en,70.703,140,6.3,13000000,126540,0.01
857598,Movie,Pushpa 2 - The Rule,Sukumar,"Allu Arjun, Rashmika Mandanna, Fahadh Faasil, Jagadeesh Bandari, Rao Ramesh",India,2024-12-04,2024,6.762,"Action, Drama, Thriller, Crime",te,70.314,63,6.762,63000000,199000000,3.16
937287,Movie,Challengers,Luca Guadagnino,"Zendaya, Mike Faist, Josh O'Connor, Darnell Appling, Bryan Doo","Italy, United States of America",2024-04-18,2024,7.0,"Romance, Drama",en,69.941,2055,7.0,55000000,94182533,1.71
634492,Movie,Madame Web,S.J. Clarkson,"Dakota Johnson, Sydney Sweeney, Isabela Merced, Celeste O'Connor, Tahar Rahim",United States of America,2024-02-14,2024,5.4,"Action, Fantasy",en,69.258,2122,5.4,80000000,100498764,1.26
975511,Movie,The Return,Uberto Pasolini,"Ralph Fiennes, Juliette Binoche, Charlie Plummer, Marwan Kenzari, Claudio Santamaria","Greece, Italy, United Kingdom, United States of America",2024-09-07,2024,6.6,"History, Drama, Adventure",en,68.871,241,6.6,20000000,2106733,0.11
967847,Movie,Ghostbusters: Frozen Empire,Gil Kenan,"Mckenna Grace, Paul Rudd, Carrie Coon, Finn Wolfhard, Dan Aykroyd",United States of America,2024-03-20,2024,6.5,"Fantasy, Adventure, Comedy",en,67.89,1722,6.5,100000000,201967521,2.02
1109255,Movie,Parthenope,Paolo Sorrentino,"Celeste Dalla Porta, Stefania Sandrelli, Gary Oldman, Silvio Orlando, Luisa Ranieri","France, Italy",2024-10-19,2024,6.9,"Romance, Drama",it,66.618,409,6.9,32000000,8460800,0.26
1186532,Movie,The Forge,Alex Kendrick,"Aspen Kennedy Wilson, Priscilla C. Shirer, Cameron Arnett, Karen Abercrombie, T.C. Stallings",United States of America,2024-08-22,2024,8.3,"Drama, Family",en,65.2,251,8.3,5000000,40392664,8.08
646683,Movie,The Exorcism,Joshua John Miller,"Russell Crowe, Ryan Simpkins, Sam Worthington, Chloe Bailey, Adam Goldberg",United States of America,2024-05-30,2024,5.1,"Horror, Thriller",en,63.441,306,5.1,22000000,12610418,0.57
560016,Movie,Monkey Man,Dev Patel,"Dev Patel, Sikandar Kher, Pitobash, Adithi Kalkunte, Jatin Malik","Canada, Singapore, United States of America",2024-04-03,2024,6.9,"Action, Thriller",en,63.25,1073,6.9,10000000,35271631,3.53
1010600,Movie,The Strangers: Chapter 1,Renny Harlin,"Madelaine Petsch, Froy Gutierrez, Gabriel Basso, Ema Horvath, Richard Brake","Slovakia, Spain, United Kingdom, United States of America",2024-05-15,2024,5.767,"Horror, Thriller",en,63.133,472,5.767,8500000,48166448,5.67
1023922,Movie,MaXXXine,Ti West,"Mia Goth, Elizabeth Debicki, Moses Sumney, Michelle Monaghan, Bobby Cannavale",United States of America,2024-07-04,2024,6.367,"Horror, Mystery, Crime",en,62.948,1000,6.367,1000000,22057160,22.06
1125311,Movie,Imaginary,Jeff Wadlow,"DeWanda Wise, Taegen Burns, Pyper Braun, Betty Buckley, Tom Payne",United States of America,2024-03-06,2024,5.989,"Horror, Mystery",en,61.303,547,5.989,13000000,43787034,3.37
1225377,Movie,The Mouse Trap,Jamie Bailey,"Simon Phillips, Sophie McIntosh, Madeline Kelman, Ben Harris, Calum Sywyk",Canada,2024-08-23,2024,4.129,"Horror, Thriller",en,60.158,66,4.129,800000,5737,0.01
1012201,Movie,HAIKYU!! The Dumpster Battle,Susumu Mitsunaka,"Ayumu Murase, Kaito Ishikawa, Yuki Kaji, Yuichi Nakamura, Koki Uchiyama",Japan,2024-02-16,2024,7.6,"Animation, Comedy",ja,59.921,170,7.6,5000000,100255784,20.05
869291,Movie,Cuckoo,Tilman Singer,"Hunter Schafer, Jan Bluthardt, Marton Csokas, Jessica Henwick, Dan Stevens","Germany, United States of America",2024-08-02,2024,5.8,"Horror, Mystery, Thriller",en,59.193,278,5.8,7000000,6680396,0.95
970347,Movie,The Killer,John Woo,"Nathalie Emmanuel, Omar Sy, Sam Worthington, Diana Silvers, Saïd Taghmaoui","Canada, United States of America",2024-08-22,2024,6.4,"Action, Thriller, Crime",en,59.042,375,6.4,30000000,318618,0.01
932086,Movie,Horizon: An American Saga - Chapter 1,Kevin Costner,"Kevin Costner, Sienna Miller, Sam Worthington, Jena Malone, Abbey Lee",United States of America,2024-06-26,2024,6.908,"Western, Drama",en,57.608,474,6.908,50000000,38235702,0.76
1214509,Movie,In a Violent Nature,Chris Nash,"Ry Barrett, Andrea Pavlovic, Cameron Love, Reece Presley, Liam Leone",Canada,2024-05-31,2024,5.7,"Horror, Thriller",en,56.112,313,5.7,600000,4258197,7.1
959604,Movie,Beating Hearts,Gilles Lellouche,"Adèle Exarchopoulos, François Civil, Mallory Wanecque, Malik Frikah, Alain Chabat","Belgium, France",2024-10-16,2024,7.3,"Romance, Crime, Drama",fr,53.439,614,7.3,37315205,36010728,0.97
948549,Movie,Love Lies Bleeding,Rose Glass,"Kristen Stewart, Katy O'Brian, Ed Harris, Dave Franco, Jena Malone","United Kingdom, United States of America",2024-03-07,2024,6.579,"Crime, Romance, Thriller, Action, Adventure, Mystery",en,52.757,708,6.579,10000000,12778225,1.28
801688,Movie,Kalki 2898-AD,Nag Ashwin,"Amitabh Bachchan, Prabhas, Deepika Padukone, Kamal Haasan, Saswata Chatterjee",India,2024-06-26,2024,6.4,"Drama, Action, Fantasy, Science Fiction",te,52.383,115,6.4,75000000,141000000,1.88
956842,Movie,Fly Me to the Moon,Greg Berlanti,"Scarlett Johansson, Channing Tatum, Woody Harrelson, Ray Romano, Jim Rash",United States of America,2024-07-10,2024,6.866,"Romance, Comedy",en,52.043,823,6.866,100000000,42247783,0.42
1094274,Movie,Y2K,Kyle Mooney,"Jaeden Martell, Rachel Zegler, Julian Dennison, Daniel Zolghadri, Lachlan Watson",United States of America,2024-12-06,2024,5.2,"Comedy, Horror, Science Fiction",en,51.768,123,5.2,15000000,4210306,0.28
882059,Movie,Boy Kills World,Moritz Mohr,"Bill Skarsgård, Jessica Rothe, H. Jon Benjamin, Michelle Dockery, Brett Gelman",United States of America,2024-04-24,2024,6.8,"Crime, Thriller, Action",en,50.611,638,6.8,18000000,3139717,0.17
1026436,Movie,Miller's Girl,Jade Halley Bartlett,"Jenna Ortega, Martin Freeman, Bashir Salahuddin, Gideon Adlon, Dagmara Dominczyk",United States of America,2024-01-18,2024,6.4,"Thriller, Comedy, Drama",en,50.496,759,6.4,4000000,1430985,0.36
1128650,Movie,The Prosecutor,Donnie Yen Chi-Tan,"Donnie Yen Chi-Tan, Francis Ng Chun-Yu, Julian Cheung Chi-Lam, Kent Cheng Jak-Si, Michael Hui","China, Hong Kong",2024-12-08,2024,7.4,"Action, Drama, Crime, Thriller",cn,49.988,28,7.4,38500000,128093757,3.33
974635,Movie,Hit Man,Richard Linklater,"Glen Powell, Adria Arjona, Austin Amelio, Retta, Sanjay Rao",United States of America,2024-05-16,2024,6.832,"Comedy, Romance, Crime",en,48.687,1204,6.832,8800000,5101673,0.58
1115623,Movie,The Last Kumite,Ross W. Clarkson,"Mathis Landwehr, Kurt McKinney, Billy Blanks, Matthias Hues, Cynthia Rothrock","Germany, United States of America",2024-05-09,2024,6.8,"Action, Thriller",en,48.508,107,6.8,1303000,65000000,49.88
1051891,Movie,Thelma,Josh Margolin,"June Squibb, Fred Hechinger, Richard Roundtree, Parker Posey, Clark Gregg","Switzerland, United States of America",2024-06-21,2024,7.0,"Action, Comedy, Adventure, Drama",en,45.577,230,7.0,5000000,12537071,2.51
940139,Movie,Here,Robert Zemeckis,"Tom Hanks, Robin Wright, Paul Bettany, Kelly Reilly, Ellis Grunsell","United States of America, Canada",2024-10-30,2024,6.718,Drama,en,45.514,328,6.718,40000000,15397270,0.38
1029955,Movie,Kinds of Kindness,Yorgos Lanthimos,"Emma Stone, Jesse Plemons, Willem Dafoe, Margaret Qualley, Hong Chau","Ireland, United Kingdom, United States of America",2024-05-30,2024,6.572,"Drama, Comedy",en,44.878,926,6.572,15000000,16398509,1.09
1235499,Movie,The Last Showgirl,Gia Coppola,"Pamela Anderson, Jamie Lee Curtis, Dave Bautista, Brenda Song, Kiernan Shipka",United States of America,2024-12-13,2024,6.364,Drama,en,44.765,44,6.364,2000000,4455671,2.23
1120911,Movie,Saturday Night,Jason Reitman,"Gabriel LaBelle, Rachel Sennott, Cory Michael Smith, Ella Hunt, Dylan O'Brien",United States of America,2024-09-27,2024,6.8,"Comedy, Drama",en,43.776,190,6.8,25000000,9802525,0.39
858017,Movie,I Saw the TV Glow,Jane Schoenbrun,"Justice Smith, Jack Haven, Ian Foreman, Helena Howard, Lindsey Jordan",United States of America,2024-05-03,2024,6.1,"Drama, Horror",en,43.672,422,6.1,10000000,5396508,0.54
1072342,Movie,Night Swim,Bryce McGuire,"Wyatt Russell, Kerry Condon, Amélie Hoeferle, Gavin Warren, Nancy Lenehan",United States of America,2024-01-03,2024,5.577,Horror,en,43.033,660,5.577,15000000,54771241,3.65
848538,Movie,Argylle,Matthew Vaughn,"Bryce Dallas Howard, Sam Rockwell, Bryan Cranston, Catherine O'Hara, Henry Cavill","United Kingdom, United States of America",2024-01-31,2024,6.1,"Action, Adventure, Comedy, Thriller",en,42.777,1432,6.1,200000000,96221061,0.48
673593,Movie,Mean Girls,"Arturo Perez Jr., Samantha Jayne","Angourie Rice, Reneé Rapp, Auliʻi Cravalho, Jaquel Spivey, Avantika",United States of America,2024-01-10,2024,5.9,Comedy,en,42.601,587,5.9,36000000,104573204,2.9
1241674,Movie,The Last Breath,Joachim Hedén,"Kim Spearman, Jack Parr, Alexander Arnold, Erin Mullen, Arlo Carter","Sweden, United Kingdom",2024-06-28,2024,6.2,"Horror, Thriller",en,40.025,98,6.2,30000,273650,9.12
1008409,Movie,The Bikeriders,Jeff Nichols,"Austin Butler, Jodie Comer, Tom Hardy, Michael Shannon, Mike Faist",United States of America,2024-06-19,2024,6.717,"Crime, Drama",en,38.784,841,6.717,40000000,36110860,0.9
998846,Movie,Back to Black,Sam Taylor-Johnson,"Marisa Abela, Jack O'Connell, Eddie Marsan, Lesley Manville, Juliet Cowan","United Kingdom, United States of America",2024-04-11,2024,6.688,"Music, History, Drama",en,38.233,552,6.688,30000000,51001975,1.7
647245,Movie,Reagan,Sean McNamara,"Dennis Quaid, Penelope Ann Miller, Jon Voight, Kevin Dillon, Olek Krupa",United States of America,2024-08-29,2024,6.273,"History, Drama",en,37.601,64,6.273,25000000,30107173,1.2
1099413,Movie,The Rogue's Trial,"Flávia Lacerda, Guel Arraes","Matheus Nachtergaele, Selton Mello, Taís Araújo, Humberto Martins, Luis Miranda",Brazil,2024-12-25,2024,7.173,"Comedy, Drama",pt,36.315,55,7.173,3000000,7200000,2.4
1186350,Movie,Marco,Haneef Adeni,"Unni Mukundan, Siddique, Ishan Shoukath, Jagadish, Abhimanyu Thilakan",India,2024-12-20,2024,6.6,"Action, Crime, Thriller",ml,34.38,21,6.6,3467987,11559958,3.33
870360,Movie,The Day the Earth Blew Up: A Looney Tunes Movie,Peter Browngardt,"Eric Bauza, Candi Milo, Peter MacNicol, Fred Tatasciore, Laraine Newman",United States of America,2024-08-01,2024,7.7,"Animation, Comedy, Science Fiction",en,33.949,28,7.7,15000000,423628,0.03
802219,Movie,Bob Marley: One Love,Reinaldo Marcus Green,"Kingsley Ben-Adir, Lashana Lynch, James Norton, Tosin Cole, Umi Myers",United States of America,2024-02-14,2024,6.7,"Music, History, Drama",en,31.927,812,6.7,70000000,180828556,2.58
914206,Movie,The Beast,Bertrand Bonello,"Léa Seydoux, George MacKay, Guslagie Malanda, Dasha Nekrasova, Martin Scali","Canada, France",2024-02-07,2024,6.3,"Drama, Science Fiction, Romance",fr,31.9,176,6.3,8400000,760979,0.09
1236419,Movie,Piece by Piece,Morgan Neville,"Pharrell Williams, Chad Hugo, Gwen Stefani, Kendrick Lamar, Timbaland","Denmark, United States of America",2024-10-10,2024,7.5,"Animation, Music, Documentary",en,31.799,87,7.5,16000000,10591426,0.66
1045770,Movie,Daaaaaalí!,Quentin Dupieux,"Anaïs Demoustier, Gilles Lellouche, Édouard Baer, Jonathan Cohen, Pio Marmaï",France,2024-02-07,2024,6.156,"Comedy, Fantasy",fr,31.222,263,6.156,6700000,3829263,0.57
1079244,Movie,Bonhoeffer: Pastor. Spy. Assassin,Todd Komarnicki,"Jonas Dassler, Phileas Heyblom, August Diehl, David Jonsson, Moritz Bleibtreu","Belgium, Ireland",2024-11-20,2024,6.9,"History, Drama, War",en,30.876,29,6.9,25000000,12165702,0.49
618588,Movie,Arthur the King,Simon Cellan Jones,"Mark Wahlberg, Simu Liu, Juliet Rylance, Nathalie Emmanuel, Ali Suliman","Canada, United States of America",2024-03-15,2024,7.6,"Adventure, Drama",en,30.844,749,7.6,19000000,40829138,2.15
974036,Movie,Ordinary Angels,Jon Gunn,"Hilary Swank, Alan Ritchson, Emily Mitchell, Skywalker Hughes, Nancy Travis",United States of America,2024-02-22,2024,7.8,Drama,en,29.858,254,7.8,13000000,20571534,1.58
1192195,Movie,Riviera Revenge,Ivan Calbérac,"André Dussollier, Sabine Azéma, Thierry Lhermitte, Joséphine de Meaux, Sébastien Chassagne",France,2024-04-24,2024,6.3,Comedy,fr,29.048,53,6.3,5000000,6483501,1.3
1013154,Movie,Hard Truths,Mike Leigh,"Marianne Jean-Baptiste, Michele Austin, David Webber, Tuwaine Barrett, Ani Nelson","Spain, United Kingdom",2024-12-06,2024,6.274,"Drama, Comedy",en,28.675,42,6.274,5000,718850,143.77
774531,Movie,Young Woman and the Sea,Joachim Rønning,"Daisy Ridley, Tilda Cobham-Hervey, Stephen Graham, Kim Bodnia, Jeanette Hain",United States of America,2024-05-31,2024,7.9,"History, Drama",en,27.997,332,7.9,40000000,581725,0.01
1037113,Movie,Snack Shack,Adam Rehmeier,"Conor Sherry, Gabriel LaBelle, Mika Abdalla, Nick Robinson, David Costabile",United States of America,2024-03-15,2024,7.2,Comedy,en,27.871,147,7.2,3000000,455708,0.15
1217690,Movie,Homestead,Ben Smallbone,"Dawn Olivieri, Neal McDonough, Susan Misner, Bailey Chase, Jesse Hutch",United States of America,2024-12-19,2024,5.7,"Action, Drama, Thriller",en,27.84,19,5.7,8000000,20751060,2.59
784651,Movie,Fighter,Siddharth Anand,"Hrithik Roshan, Deepika Padukone, Anil Kapoor, Karan Singh Grover, Sanjeeda Sheikh",India,2024-01-24,2024,6.1,"Action, Drama",hi,27.655,132,6.1,30069500,43160558,1.44
957304,Movie,Drive-Away Dolls,Ethan Coen,"Margaret Qualley, Geraldine Viswanathan, Beanie Feldstein, Joey Slotnick, C.J. Wilson",United Kingdom,2024-02-22,2024,5.5,"Comedy, Crime",en,25.771,418,5.5,8000000,7935363,0.99
1152014,Movie,A Little Something Extra,Artus,"Artus, Clovis Cornillac, Alice Belaïdi, Marc Riso, Céline Groussard",France,2024-04-18,2024,7.141,Comedy,fr,25.44,695,7.141,6400000,84058132,13.13
1148713,Movie,The Courier,Daniel Calparsoro,"Arón Piper, María Pedraza, Luis Tosar, Laura Sépul, Nourdin Batán","Belgium, France, Spain",2024-01-19,2024,6.5,"Thriller, Crime",es,24.693,122,6.5,5400000,1751343,0.32
472221,Movie,The Goat Life,Blessy,"Prithviraj Sukumaran, K R  Gokul, Jimmy Jean-Louis, Talib Al Balushi, Rik Aby",India,2024-03-28,2024,7.3,"Drama, Adventure",ml,22.487,35,7.3,9800000,19000000,1.94
1112426,Movie,Stree 2,Amar Kaushik,"Rajkummar Rao, Shraddha Kapoor, Aparshakti Khurana, Abhishek Banerjee, Pankaj Tripathi",India,2024-08-15,2024,6.5,"Horror, Comedy",hi,21.834,53,6.5,12000000,102184000,8.52
1019939,Movie,Hundreds of Beavers,Mike Cheslik,"Ryland Brickson Cole Tews, Olivia Graves, Doug Mancheski, Wes Tank, Luis Rico",United States of America,2024-01-26,2024,7.374,"Comedy, Adventure, Action",en,21.32,143,7.374,150000,804017,5.36
1206617,Movie,The Best Christmas Pageant Ever,Dallas Jenkins,"Judy Greer, Pete Holmes, Molly Belle Wright, Lauren Graham, Sebastian Billingsley-Rodriguez",United States of America,2024-11-07,2024,6.9,"Comedy, Drama, Family",en,21.131,70,6.9,10000000,40236104,4.02
1002155,Movie,Monsieur Aznavour,"Grand Corps Malade, Mehdi Idir","Tahar Rahim, Bastien Bouillon, Marie-Julie Baup, Luc Antoni, Nicolas Chupin","Belgium, France",2024-10-23,2024,7.255,"History, Music",fr,20.835,208,7.255,28000000,15198387,0.54
1094009,Movie,Summer Camp,Castille Landon,"Diane Keaton, Kathy Bates, Alfre Woodard, Eugene Levy, Dennis Haysbert",United States of America,2024-05-31,2024,5.1,Comedy,en,20.785,23,5.1,10000000,2402245,0.24
1234397,Movie,Grand Theft Hamlet,"Sam Crane, Pinny Grylls","Sam Crane, Pinny Grylls, Jen Cohn, Tilly Steele, Dipo Ola","United Kingdom, United States of America",2024-12-06,2024,6.7,"Animation, Drama, Documentary",en,20.756,13,6.7,200000,211734,1.06
993784,Movie,Lisa Frankenstein,Zelda Williams,"Kathryn Newton, Cole Sprouse, Liza Soberano, Henry Eikenberry, Joe Chrest",United States of America,2024-02-07,2024,6.3,"Comedy, Horror, Romance",en,20.472,412,6.3,13400000,9927714,0.74
790462,Movie,I.S.S.,Gabriela Cowperthwaite,"Ariana DeBose, Chris Messina, John Gallagher Jr., Masha Mashkova, Costa Ronin",United States of America,2024-01-19,2024,5.798,"Science Fiction, Thriller",en,19.782,277,5.798,13800000,6605079,0.48
1229349,Movie,Yolo,Jia Ling,"Jia Ling, Lei Jiayin, Zhang Xiaofei, Yang Zi, Yi Sha",China,2024-02-10,2024,6.3,"Drama, Comedy, Action",zh,19.536,74,6.3,100000000,480600000,4.81
1242526,Movie,Sound of Hope: The Story of Possum Trot,Joshua Weigel,"Demetrius Grosse, Nika King, Elizabeth Mitchell, Diaana Babnicova, Carlos Aviles",United States of America,2024-07-04,2024,6.6,Drama,en,19.002,30,6.6,8500000,11721425,1.38
1000866,Movie,Marching Band,Emmanuel Courcol,"Benjamin Lavernhe, Pierre Lottin, Sarah Suco, Clémence Massart-Weit, Ludmila Mikaël",France,2024-11-27,2024,7.5,"Comedy, Drama, Music",fr,18.629,194,7.5,6100000,14870849,2.44
823491,Movie,Out of Darkness,Andrew Cumming,"Safia Oakley-Green, Kit Young, Chuku Modu, Iola Evans, Arno Luening","United Kingdom, United States of America",2024-02-09,2024,5.7,"Horror, Thriller",en,18.503,83,5.7,1500000,1987281,1.32
852247,Movie,Problemista,Julio Torres,"Julio Torres, Tilda Swinton, RZA, Isabella Rossellini, Catalina Saavedra",United States of America,2024-03-01,2024,6.7,Comedy,en,18.418,98,6.7,12000000,2503154,0.21
975773,Movie,Wicked Little Letters,Thea Sharrock,"Olivia Colman, Jessie Buckley, Anjana Vasan, Timothy Spall, Gemma Jones","United Kingdom, United States of America, France",2024-02-23,2024,6.962,"Comedy, Drama, Mystery",en,18.349,447,6.962,12600000,27219729,2.16
1115009,Movie,Unsung Hero,"Richard Ramsey, Joel Smallbone","Joel Smallbone, Daisy Betts, Kirrilee Berger, Jonathan Jackson, Candace Cameron Bure",United States of America,2024-04-26,2024,6.7,"Drama, Music, Family",en,16.611,48,6.7,6000000,21220422,3.54
999582,Movie,Babes,Pamela Adlon,"Ilana Glazer, Michelle Buteau, John Carroll Lynch, Oliver Platt, Sandra Bernhard",United States of America,2024-05-17,2024,6.0,Comedy,en,16.192,58,6.0,3700000,3663309,0.99
1149791,Movie,Premalu,Girish A. D.,"Naslen, Mamitha Baiju, Sangeeth Prathap, Shyam Mohan, Akhila Bhargavan",India,2024-02-09,2024,7.7,"Romance, Comedy",ml,15.878,39,7.7,380000,9000000,23.68
977262,Movie,Ezra,Tony Goldwyn,"Bobby Cannavale, William A. Fitzgerald, Robert De Niro, Rose Byrne, Vera Farmiga",United States of America,2024-05-30,2024,7.0,"Comedy, Drama",en,15.106,75,7.0,5000000,3046741,0.61
1093966,Movie,Vettaiyan,T. J. Gnanavel,"Rajinikanth, Amitabh Bachchan, Fahadh Faasil, Rana Daggubati, Manju Warrier",India,2024-10-10,2024,6.1,"Action, Crime, Drama",ta,14.378,18,6.1,35500000,30745762,0.87
1088096,Movie,Goodrich,Hallie Meyers-Shyer,"Michael Keaton, Mila Kunis, Carmen Ejogo, Michael Urie, Kevin Pollak",United States of America,2024-10-17,2024,6.0,"Comedy, Drama",en,14.358,52,6.0,5000000,1320429,0.26
1129508,Movie,Escape from Germany,T.C. Christensen,"Paul Wuthrich, Sebastian Michael Barr, David McConnell, Landon Henneman, Brad Witbeck",United States of America,2024-04-11,2024,4.6,"History, Drama, War",en,14.225,6,4.6,1000000,2601719,2.6
976584,Movie,The Book of Clarence,Jeymes Samuel,"LaKeith Stanfield, Omar Sy, RJ Cyler, David Oyelowo, Alfre Woodard",United States of America,2024-01-11,2024,5.8,"Adventure, Comedy, Drama",en,14.137,99,5.8,40000000,6205230,0.16
975056,Movie,Cabrini,Alejandro Monteverde,"Cristiana Dell'Anna, David Morse, Giancarlo Giannini, John Lithgow, Romana Maggiora Vergano","Italy, United States of America",2024-03-07,2024,7.8,"History, Drama",en,14.034,103,7.8,50000000,20592796,0.41
995746,Movie,Rosalie,Stéphanie Di Giusto,"Nadia Tereszkiewicz, Benoît Magimel, Benjamin Biolay, Guillaume Gouix, Gustave Kervern","Belgium, France",2024-04-10,2024,6.8,"Drama, Romance",fr,14.016,61,6.8,7000000,308326,0.04
1129608,Movie,The Greatest of All Time,Venkat Prabhu,"Vijay, Prashanth, Prabhu Deva, Mohan, Ajmal Ameer",India,2024-09-05,2024,4.9,"Action, Drama, Thriller",ta,13.457,22,4.9,36000000,47700000,1.32
1208850,Movie,Conquer: Lahad Datu,Zulkarnain Azhar,"Syafiq Kyle, Kamal Adli, Fikry Ibrahim, Anding Indrawani, Eman Manan",Malaysia,2024-08-22,2024,7.8,"War, History, Thriller, Action, Crime, Drama",ms,13.194,6,7.8,1955146,5800981,2.97
1057006,Movie,Sight,Andrew Hyatt,"Terry Chen, Greg Kinnear, Fionnula Flanagan, Wai Ching Ho, Raymond Ma",United States of America,2024-05-24,2024,6.074,"Drama, History",en,13.133,27,6.074,6000000,7206741,1.2
586353,Movie,The Master and Margarita,Michael Lockshin,"Yevgeni Tsyganov, Yuliya Snigir, August Diehl, Yuri Kolokolnikov, Leonid Yarmolnik",Russia,2024-01-25,2024,7.0,"Drama, Fantasy",ru,13.104,66,7.0,15000000,28013812,1.87
1233208,Movie,Santosh,Sandhya Suri,"Shahana Goswami, Sunita Rajwar, Naval Shukla, Sanjay Bishnoi, Shashi Beniwal","France, Germany, United Kingdom",2024-07-17,2024,7.2,"Crime, Drama, Thriller",hi,13.023,32,7.2,2500000,1097812,0.44
610219,Movie,The Fire Inside,Rachel Morrison,"Ryan Destiny, Brian Tyree Henry, Oluniké Adeliyi, Kylee D. Allen, Emmanuel Igboke",United States of America,2024-12-25,2024,6.8,"History, Drama",en,12.599,20,6.8,12000000,7630259,0.64
1187058,Movie,Munjya,Aditya Sarpotdar,"Abhay Verma, Sharvari Wagh, Ayush Ulagadde, Mona Singh, Suhas Joshi",India,2024-06-07,2024,6.0,"Comedy, Horror",hi,12.592,21,6.0,3592556,15743613,4.38
1251621,Movie,Waves,Jiří Mádl,"Vojtěch Vodochodský, Ondrej Stupka, Tatiana Pauhofová, Stanislav Majer, Vojtěch Kotek","Czech Republic, Slovakia",2024-08-01,2024,8.3,"Thriller, Drama, History",cs,11.63,16,8.3,3400000,7234115,2.13
1166133,Movie,Bramayugam,Rahul Sadasivan,"Arjun Ashokan, Mammootty, Sidharth Bharathan, Manikanda Achari, Amalda Liz",India,2024-02-15,2024,7.478,"Horror, Thriller, Drama",ml,11.406,46,7.478,3300000,10000000,3.03
1126166,Movie,Flight Risk,Mel Gibson,"Mark Wahlberg, Michelle Dockery, Topher Grace, Leah Remini, Paul Ben-Victor",United States of America,2025-01-22,2025,6.0,"Action, Thriller, Crime",en,3320.616,350,6.0,25000000,40420193,1.62
822119,Movie,Captain America: Brave New World,Julius Onah,"Anthony Mackie, Harrison Ford, Danny Ramirez, Shira Haas, Tim Blake Nelson",United States of America,2025-02-12,2025,6.179,"Action, Thriller, Science Fiction",en,1495.724,833,6.179,180000000,289405738,1.61
1084199,Movie,Companion,Drew Hancock,"Sophie Thatcher, Jack Quaid, Lukas Gage, Megan Suri, Harvey Guillén",United States of America,2025-01-22,2025,7.0,"Horror, Science Fiction, Thriller",en,1283.362,610,7.0,10000000,34480388,3.45
774370,Movie,Dog Man,Peter Hastings,"Peter Hastings, Pete Davidson, Lil Rel Howery, Isla Fisher, Lucas Hopkins Calderon",United States of America,2025-01-24,2025,7.7,"Family, Animation, Comedy, Action",en,977.456,132,7.7,40000000,88192145,2.2
710295,Movie,Wolf Man,Leigh Whannell,"Christopher Abbott, Julia Garner, Matilda Firth, Sam Jaeger, Ben Prendergast",United States of America,2025-01-15,2025,6.5,"Horror, Thriller",en,475.237,462,6.5,25000000,34844931,1.39
1124620,Movie,The Monkey,Osgood Perkins,"Theo James, Tatiana Maslany, Christian Convery, Colin O'Brien, Adam Scott","Canada, United States of America",2025-02-14,2025,6.0,"Horror, Comedy",en,305.841,126,6.0,10000000,31249964,3.12
1272149,Movie,Bridget Jones: Mad About the Boy,Michael Morris,"Renée Zellweger, Chiwetel Ejiofor, Leo Woodall, Hugh Grant, Jim Broadbent","United Kingdom, United States of America, France",2025-02-12,2025,6.778,"Romance, Comedy, Drama",en,294.382,180,6.778,50000000,66212000,1.32
980477,Movie,Ne Zha 2,Yang Yu,"Lü Yanting, Joseph, Han Mo, Chen Hao, Lü Qi",China,2025-01-29,2025,7.7,"Animation, Fantasy, Adventure",zh,243.383,110,7.7,80000000,1990000000,24.88
604685,Movie,Den of Thieves 2: Pantera,Christian Gudegast,"Gerard Butler, O'Shea Jackson Jr., Evin Ahmad, Salvatore Esposito, Meadow Williams","Canada, United States of America",2025-01-08,2025,6.7,"Action, Crime, Thriller",en,236.81,294,6.7,40000000,54586117,1.36
1280672,Movie,One of Them Days,Lawrence Lamont,"Keke Palmer, SZA, Joshua David Neal, Aziza Scott, Patrick Cage",United States of America,2025-01-16,2025,6.9,Comedy,en,152.477,61,6.9,14000000,44081884,3.15
1196943,Movie,Chhaava,Laxman Utekar,"Vicky Kaushal, Rashmika Mandanna, Akshaye Khanna, Ashutosh Rana, Divya Dutta",India,2025-02-14,2025,7.8,"History, Action, Drama",hi,112.224,10,7.8,15000000,28000000,1.87
881415,Movie,Love Me,"Andrew Zuchero, Sam Zuchero","Kristen Stewart, Steven Yeun",United States of America,2025-01-31,2025,5.917,"Science Fiction, Drama, Romance",en,108.376,12,5.917,2500000,215586,0.09
1226406,Movie,Love Hurts,Jonathan Eusebio,"Ke Huy Quan, Ariana DeBose, Mustafa Shakir, Lio Tipton, Daniel Wu",United States of America,2025-02-06,2025,6.0,"Action, Comedy, Romance",en,97.825,75,6.0,18000000,13646385,0.76
1140535,Movie,Presence,Steven Soderbergh,"Callina Liang, Lucy Liu, Chris Sullivan, Eddy Maday, Julia Fox",United States of America,2025-01-16,2025,6.1,"Horror, Drama",en,97.432,144,6.1,2000000,9284015,4.64
1155281,Movie,Creation of the Gods II: Demon Force,Wuershan,"Huang Bo, Yu Shi, Nashi, Chen Muchi, Kris Phillips",China,2025-01-29,2025,6.1,"Action, Fantasy, War",zh,81.712,40,6.1,120000000,161210000,1.34
972533,Movie,Last Breath,Alex Parkinson,"Woody Harrelson, Simu Liu, Finn Cole, Cliff Curtis, Mark Bonnar","United Kingdom, United States of America",2025-02-24,2025,7.0,"Thriller, Drama",en,52.814,6,7.0,23800000,8337349,0.35
659956,Movie,Brave the Dark,Damian Harris,"Jared Harris, Nicholas Hamilton, Jamie Harris, Sasha Bhasin, Will Price",United States of America,2025-01-23,2025,5.679,Drama,en,50.644,14,5.679,200000,3898508,19.49
1302916,Movie,Heart Eyes,Josh Ruben,"Olivia Holt, Mason Gooding, Jordana Brewster, Devon Sawa, Gigi Zumbado",United States of America,2025-02-06,2025,6.2,"Comedy, Horror, Mystery",en,44.86,44,6.2,18000000,31010725,1.72
1009640,Movie,Valiant One,Steve Barnett,"Chase Stokes, Lana Condor, Desmin Borges, Callan Mulvey, Diana Tsoy","United States of America, Canada",2025-01-30,2025,5.7,"War, Thriller",en,21.0,11,5.7,10000000,725000,0.07
1020414,Movie,Peter Pan's Neverland Nightmare,Scott Chambers,"Martin Portlock, Megan Placito, Peter DeSouza-Feighoney, Charity Kase, Teresa Banham",United Kingdom,2025-01-13,2025,5.4,"Horror, Fantasy",en,20.943,9,5.4,310000,269407,0.87
658224,Movie,"The Wizard of the Emerald City, Part 1",Igor Voloshin,"Ekaterina Chervova, Yuri Kolokolnikov, Artur Vakha, Svetlana Khodchenkova, Vasilina Makovtseva",Russia,2025-01-01,2025,7.3,"Drama, Fantasy",ru,20.433,3,7.3,9100000,34654318,3.81
765897,Movie,The Unbreakable Boy,Jon Gunn,"Zachary Levi, Gavin Warren, Jacob Laval, Amy Acker, Meghann Fahy",United States of America,2025-02-20,2025,5.1,"Drama, Family",en,19.627,7,5.1,6000000,2500000,0.42
811944,Movie,Game Changer,Shankar,"Ram Charan, Anjali, Kiara Advani, S. J. Suryah, Srikanth",India,2025-01-09,2025,4.5,"Action, Drama",te,17.44,10,4.5,41000000,8800000,0.21
1208735,Movie,Thandel,Chandoo Mondeti,"Naga Chaitanya Akkineni, Sai Pallavi, Sundip Ved, Prakash Belawadi, Kalpalatha",India,2025-02-07,2025,7.1,"Romance, Action, Drama, Thriller",te,16.7,10,7.1,6400000,20000000,3.12
1424740,Movie,Seventh Art is Unique,Kevin Horikoshi,"Kevin Horikoshi, Marcelo V. Braz, Enzo Paulo, Denis Garcia, Guilherme Nunes",Brazil,2025-02-27,2025,0.0,"Documentary, Drama",pt,6.359,0,0.0,100,100,1.0
